AGE [scale: age in months]	GENDER [nominal]	ATTSC1 [ordinal: school is boring]	ATTSC2 [ordinal: school is fun]	ATTSC3 [ordinal: school is the same day after day]	ATTSC4 [ordinal: teachers don't try hard enough]	ATTSC5 [ordinal: sorry when school's out]	ATTSC6 [ordinal: teachers always try to help us]	ATTSC7 [ordinal: like going to school]	ATTSC8 [ordinal: teachers are boring]	ATTSC9 [ordinal: would rather not be at school]	ATTSC10 [ordinal: teachers aren't interested in us kids]	SCMARK [scale: marks for your school]	SELF1 [ordinal: glad to be me]	APPSC1 [ordinal: like my body]	PHYSSC1 [ordinal: am good at sports]	ENGSC1 [ordinal: I get good marks in English]	PARSC1 [ordinal: don't like to be with parents]	PEERSC1 [ordinal: make friends easily]	MATHSC1 [ordinal: among the best in my class for maths]	SCHSC1 [ordinal: good marks in all subjects]	SELF2 [ordinal: would like to be someone else]	APPSC2 [ordinal: I'm good looking]	SCHSC2 [ordinal: often don't understand things at school]	PARSC2 [ordinal: find it easy to talk to my parents]	SELF3 [ordinal: happy with the way I live]	MATHSC2 [ordinal: teachers think I'm good at maths]	SELF4 [ordinal: I often feel worthless]	PHYSSC2 [ordinal: like to do sports]	SCHSC3 [ordinal: among th best in my class at all subjects]	PEERSC2 [ordinal: don't have many friends]	SELF5 [ordinal: have lot to be proud off]	ENGSC2 [ordinal: often don't understand things in English classes]	PARSC3 [ordinal: my parents don't like me]	APPSC3 [ordinal: don't like the way I look]	MATHSC3 [ordinal: good marks in maths]	SELF6 [ordinal: sometimes I think I can't do anything right]	PEERSC3 [ordinal: other kids like me]	APPSC4 [ordinal: have an attractive face]	SELF7 [ordinal: do most things right]	SCHSC4 [ordinal: teachers think I'm clever]	ENGSC3 [ordinal: among the best in my class at English]	PHYSSC3 [ordinal: not good t learning new games]	SELF8 [ordinal: I'm not as good as other kids]	PARSC4 [ordinal: have fun with my parents]	MATHSC4 [ordinal: often don't understand maths]	PHYSSC4 [ordinal: bad at sports]	ENGSC4 [ordinal: teachers think I'm good at English]	SELF9 [ordinal: I'd change a lot about myself if I could]	PEERSC4 [ordinal: other kids want me to be their friend]	ENGGRADE [scale: school grades English]	MATHGRAD [scale: school grades maths]	GPA [scale: grade point average]	DUMETH [scale: ethnicity]	FAMISC_1 [scale: SMEAN(FAMISCO)]	PAREDU_1 [scale: SMEAN(PAREDU)]	FILTER_$ [nominal: gender = 2 (FILTER)]	SCHTYPE [nominal: type of school]	CATHOLIC [nominal]	COE [nominal]	SCHOOLEN [ordinal: quality of school environment]
143	boy	disagree strongly	agree strongly	disagree strongly	agree strongly	disagree strongly	agree strongly	agree strongly	disagree strongly	disagree strongly	disagree strongly	10	agree strongly	helemaal niet waar	disagree strongly	agree	disagree strongly	agree strongly	disagree strongly	disagree strongly	disagree strongly	agree strongly	agree strongly	agree strongly	agree strongly	disagree strongly	disagree strongly	disagree strongly	disagree strongly	disagree strongly	disagree strongly	disagree strongly	disagree strongly	disagree strongly	disagree	disagree strongly	disagree strongly	agree strongly	agree strongly	disagree strongly	agree strongly	agree strongly	agree strongly	disagree strongly	agree strongly	agree strongly	agree strongly	agree strongly	agree strongly	58.5	33.5	55.8	1	2	3	Not Selected	State	0	1	low
138	boy	agree strongly	agree strongly	agree strongly	disagree	disagree	agree strongly	disagree	agree strongly	agree strongly	agree strongly	9	agree strongly	een beetje waar	agree	disagree	disagree strongly	agree strongly	disagree strongly	disagree	disagree strongly	agree strongly	agree strongly	agree strongly	agree strongly	disagree strongly	agree strongly	agree strongly	disagree	disagree strongly	agree strongly	agree strongly	disagree strongly	disagree strongly	disagree	agree strongly	agree strongly		agree strongly		disagree	disagree strongly	disagree	agree strongly	agree strongly	disagree strongly	disagree	agree		52	34	58.7	1	2	4	Not Selected	State	0	1	low
132	girl	agree strongly	disagree strongly	agree strongly	agree strongly	disagree strongly	disagree strongly	disagree strongly	agree strongly	agree strongly	agree strongly	0	agree	een beetje waar	agree strongly	disagree strongly	agree strongly	disagree strongly	disagree strongly	disagree strongly	agree strongly	disagree	agree strongly	disagree strongly	disagree strongly	disagree strongly	agree strongly	agree strongly	disagree strongly	agree strongly	disagree strongly	disagree	disagree	disagree	disagree strongly	agree strongly	disagree strongly	disagree	disagree strongly	disagree strongly	disagree strongly	disagree strongly	agree	disagree	agree strongly	agree strongly	disagree strongly	agree strongly	disagree strongly	55.94	34.06	43.25	1	2	6	Selected	Catholic	1	0	low
130	girl	agree	agree	agree	agree strongly	agree strongly	agree	agree	disagree	agree strongly	agree strongly	0	agree strongly	helemaal waar	disagree	disagree	disagree strongly	disagree strongly	disagree strongly	disagree strongly	agree strongly	agree strongly	agree strongly	agree strongly	agree strongly	disagree strongly	agree strongly	agree	disagree strongly	disagree strongly	disagree strongly	agree strongly	disagree strongly	agree strongly	disagree strongly	agree strongly	disagree strongly	disagree strongly	disagree	disagree strongly	disagree strongly	disagree strongly	disagree strongly	agree strongly	agree strongly	agree	disagree strongly	agree strongly	disagree strongly	52.5	37	52	1	4	2	Selected	State	0	1	low
128	girl	agree strongly	disagree strongly	agree strongly	agree strongly	disagree strongly	disagree strongly	disagree strongly	agree strongly	agree strongly	agree strongly	0	agree strongly	helemaal waar	disagree	agree strongly	disagree strongly	agree strongly	disagree strongly	disagree strongly	agree strongly	disagree strongly	agree strongly	agree strongly	agree strongly	disagree strongly	agree strongly	agree strongly	disagree strongly	agree strongly	agree strongly	agree strongly	disagree strongly	agree strongly	disagree strongly	agree strongly	disagree strongly	disagree strongly	disagree strongly	disagree strongly	disagree strongly	disagree strongly	agree strongly	agree strongly	disagree strongly	agree strongly	disagree strongly	agree strongly	disagree strongly	64	41	59	1	8	7	Selected	State	0	1	low
136	girl	disagree strongly	agree strongly	agree	disagree	disagree strongly	agree strongly	agree strongly	agree	disagree	disagree strongly	7	agree	helemaal niet waar	disagree	agree	disagree	disagree	disagree strongly	disagree	agree	agree	agree strongly	agree strongly	agree strongly	disagree strongly	disagree	agree	disagree strongly	agree	agree	disagree strongly	disagree strongly	agree strongly	disagree strongly	agree strongly	disagree	agree	agree	disagree strongly	agree	disagree strongly	disagree	disagree strongly	agree	disagree strongly	agree	disagree	disagree	78.5	49	64.7	1	4	4	Selected	State	0	1	low
125	boy	agree strongly	disagree strongly	agree strongly	agree strongly	disagree strongly	agree strongly	disagree strongly	agree strongly	agree strongly	agree strongly	10	agree strongly	helemaal niet waar	agree strongly	agree strongly	disagree strongly	agree strongly	disagree strongly	disagree strongly	disagree strongly	agree strongly	agree strongly	agree strongly	agree strongly	disagree strongly	agree strongly	agree strongly	disagree strongly	disagree strongly	agree strongly	disagree strongly	disagree strongly	disagree strongly	disagree strongly	disagree strongly	agree strongly	agree strongly	agree	disagree strongly	agree strongly	disagree strongly	agree	agree strongly	agree strongly	disagree strongly	agree strongly	agree strongly	disagree	58.6	50.2	61.6	1	10	6	Not Selected	State	0	1	low
124	boy	agree	disagree strongly	agree strongly	disagree	disagree strongly	agree	disagree strongly	agree strongly	agree strongly	agree	2	agree strongly	helemaal niet waar	agree strongly	agree	disagree strongly	agree strongly	disagree strongly	disagree strongly	disagree strongly	agree strongly	agree strongly	agree strongly	agree strongly	disagree strongly	agree	agree strongly	disagree strongly	disagree strongly	agree strongly	agree strongly	disagree strongly	disagree strongly	disagree strongly	disagree	agree strongly	agree strongly	agree strongly	disagree strongly	disagree strongly	disagree strongly	disagree strongly	agree strongly	agree strongly	disagree strongly	disagree strongly	disagree strongly	disagree strongly	57.5	54	58	1	2	6	Not Selected	State	0	1	low
130	boy	agree	agree	agree	disagree	disagree strongly	agree	disagree	agree	agree strongly	agree	0	agree strongly	helemaal niet waar	agree	agree	disagree strongly	agree	disagree	disagree	disagree strongly	agree strongly	agree strongly	agree strongly	agree strongly	disagree	disagree	agree strongly	disagree	disagree strongly	agree	disagree strongly	disagree strongly	disagree strongly	disagree	disagree strongly	agree	agree	agree strongly	disagree	disagree	disagree strongly	agree	agree strongly	agree	disagree strongly	agree	agree strongly	disagree strongly	73.7	57.7	69	1	6	6	Not Selected	State	0	1	low
126	boy	disagree	agree strongly	agree	disagree strongly	agree strongly	agree strongly	agree strongly	agree	disagree strongly	agree strongly	9	agree	helemaal niet waar	agree strongly	disagree	disagree strongly	agree strongly	agree	disagree strongly	agree	agree	agree strongly	agree strongly	agree strongly	agree	disagree	agree strongly	disagree	disagree strongly	agree strongly	agree	disagree strongly	disagree	agree	agree strongly	agree	disagree	agree	disagree	disagree	disagree strongly	agree	agree strongly	agree	disagree strongly	disagree	agree strongly	agree strongly	74.4	59.4	69.7	0	10	6	Not Selected	State	0	1	low
129	boy	disagree strongly	disagree strongly	disagree	agree	disagree strongly	agree strongly	disagree strongly	agree	agree strongly	disagree strongly	0	agree strongly	helemaal niet waar	agree	disagree	disagree strongly	disagree strongly	disagree strongly	disagree strongly	disagree strongly	agree	agree strongly	agree	agree strongly	disagree strongly	disagree	agree strongly	disagree strongly	disagree strongly	disagree	disagree	disagree strongly	disagree strongly	agree	agree	disagree	agree	disagree	disagree strongly	disagree strongly	disagree	disagree strongly	agree strongly	disagree	disagree	disagree	agree strongly	disagree	65.5	63.25	62	1	13	6	Not Selected	State	0	1	low
128	girl	agree	disagree	disagree	disagree strongly	agree strongly	agree strongly	disagree	disagree	disagree	disagree strongly	9	agree	niet echt waar	disagree	disagree	disagree strongly	agree	disagree	disagree	agree strongly	disagree	agree strongly	agree	agree	disagree	disagree	agree strongly	disagree strongly	disagree	agree	disagree	disagree strongly	agree strongly	disagree strongly	agree	disagree	disagree	disagree strongly	disagree	disagree	agree	agree	agree strongly	disagree	disagree	agree	agree	disagree	72	64	71.2	1	6	4	Selected	State	0	1	low
125	boy	agree strongly	agree	agree strongly	disagree	disagree strongly	agree strongly	disagree strongly	agree strongly	agree strongly	disagree strongly	10	agree strongly	helemaal niet waar	agree strongly	agree	disagree strongly	agree strongly	disagree strongly	disagree	disagree strongly	agree strongly	agree strongly	disagree strongly	agree strongly	disagree	agree	agree strongly	disagree strongly	disagree strongly	agree strongly	disagree	disagree strongly	disagree strongly	disagree strongly	disagree strongly	agree	agree strongly	agree strongly	disagree strongly	agree	disagree strongly	disagree	agree strongly	agree strongly	disagree strongly	agree	disagree strongly	agree	80.6	67.5	72.7	1	14	8	Not Selected	Catholic	1	0	low
127	boy	agree strongly	disagree strongly	agree	agree strongly	agree	agree	disagree strongly	agree strongly	agree strongly	agree strongly	0	agree strongly	helemaal niet waar	agree strongly	disagree strongly	agree	disagree	agree strongly	disagree strongly	disagree strongly	disagree	agree strongly	agree strongly	agree strongly	agree	disagree strongly	agree strongly	disagree strongly	disagree strongly	agree strongly	agree strongly	disagree strongly	disagree strongly	agree strongly	disagree strongly	agree strongly	disagree	agree strongly	disagree strongly	disagree strongly	disagree strongly	agree	agree strongly	disagree strongly	disagree strongly	disagree	disagree strongly	agree	75	70	75	1	8	6	Not Selected	State	0	1	low
120	girl	agree	agree strongly	agree	disagree strongly	disagree	agree strongly	agree strongly	disagree strongly	disagree strongly	disagree strongly	10	agree	helemaal niet waar	disagree	agree strongly	disagree strongly	agree strongly	disagree strongly	disagree strongly	agree	disagree strongly	agree strongly	agree strongly	agree strongly	disagree strongly	agree	agree	disagree strongly	disagree strongly	disagree	disagree strongly	disagree strongly	agree strongly	agree	agree strongly	disagree	disagree strongly	disagree	disagree	disagree strongly	agree strongly	agree strongly	agree strongly	agree	agree	agree	agree strongly	agree	85	73	79.2	1	12	4	Selected	Catholic	1	0	low
110	boy	disagree strongly	agree strongly	disagree strongly	disagree strongly	agree	agree strongly	agree strongly	disagree strongly	disagree		10	agree strongly	helemaal niet waar	agree strongly	disagree	agree	agree strongly	disagree	disagree	disagree	agree strongly	agree strongly	disagree	agree	agree	agree	agree strongly	disagree	disagree strongly	agree	agree	disagree strongly	disagree strongly	disagree	agree	agree strongly	agree	agree	disagree	disagree	agree	agree	agree strongly	agree	disagree strongly	disagree	agree	agree	70	73.33	76.8	1	8	4	Not Selected	State	0	1	low
123	girl	agree	disagree strongly	agree strongly	agree strongly	agree strongly	agree strongly	disagree strongly	disagree strongly	agree strongly	agree strongly	0	agree strongly	niet echt waar	agree strongly	agree	disagree strongly	agree strongly	disagree	disagree	disagree strongly	agree strongly	agree strongly	agree strongly	agree strongly	disagree	disagree	agree strongly	disagree strongly	disagree strongly	agree strongly	agree	disagree strongly	disagree strongly	disagree strongly	agree strongly	agree strongly	agree strongly	agree strongly	disagree	disagree	disagree strongly	agree	agree strongly	disagree	disagree strongly	agree	disagree strongly	agree strongly	75	74.3	79.5	1	15	10	Selected	State	0	1	low
129	boy	agree strongly	disagree strongly	agree strongly	agree strongly	disagree strongly	agree strongly	agree strongly	agree strongly	agree strongly	disagree strongly	0	agree strongly	helemaal niet waar	disagree strongly	disagree strongly	disagree strongly	agree strongly	disagree strongly	disagree strongly	disagree strongly	disagree strongly	agree strongly	agree strongly	agree strongly	disagree strongly	agree strongly	disagree strongly	disagree strongly	disagree strongly	agree	agree strongly	disagree strongly	disagree strongly	disagree	disagree strongly	agree strongly	agree strongly	agree strongly	disagree strongly	disagree strongly	agree	disagree strongly	agree strongly	agree strongly	agree strongly	disagree strongly	disagree strongly	disagree strongly	70	75	72.8	1	3	5	Not Selected	State	0	1	low
142	boy	agree strongly	disagree strongly	disagree	agree	agree	agree strongly	disagree	agree	agree strongly	agree strongly	10	disagree strongly	helemaal waar	agree strongly	agree strongly	agree	disagree strongly	agree strongly	agree strongly	agree	disagree strongly	agree strongly	agree	disagree	agree strongly	agree strongly	disagree strongly	agree strongly	agree strongly	disagree strongly	agree	disagree strongly	agree strongly	agree strongly	disagree	agree strongly	agree	agree strongly	agree strongly	agree strongly	agree strongly	disagree strongly	agree	disagree strongly	disagree	agree strongly	agree strongly	agree strongly	69	75	71	0	14	5	Not Selected	State	0	1	low
130	boy	agree	disagree	agree	disagree	disagree strongly	agree strongly	disagree	agree	disagree strongly	disagree	6	agree strongly	niet echt waar	agree	disagree	disagree strongly	disagree	agree	disagree	disagree strongly	agree	agree strongly	agree	agree	agree	disagree	agree	disagree strongly	agree	agree	agree	disagree strongly	disagree	agree	agree	agree	disagree	agree	disagree	disagree	agree	agree	agree strongly	disagree	disagree	disagree strongly	agree	agree	70.8	76.7	74.5	1	10	6	Not Selected	State	0	1	low
121	boy	disagree	agree	agree strongly	disagree strongly	disagree strongly	agree strongly	agree strongly	agree strongly	agree	disagree strongly	8	agree strongly	een beetje waar	agree strongly	agree strongly	agree	agree strongly	agree strongly	disagree	agree	agree strongly	agree strongly	agree	agree strongly	agree	agree strongly	agree strongly	agree	agree strongly	agree strongly	agree strongly	disagree strongly	disagree	agree	agree	agree	agree	agree strongly	disagree	disagree	disagree strongly	agree strongly	agree strongly	agree strongly	agree	agree strongly	agree	agree strongly	77	77.5	77.8	1	2	5	Not Selected	State	0	1	low
122	girl	agree	agree	agree	disagree	agree	agree strongly	disagree strongly	agree strongly	agree strongly	disagree	6	agree	niet echt waar	disagree strongly	disagree	agree	agree	disagree strongly	disagree	disagree	disagree strongly	agree strongly	disagree	agree strongly	disagree	agree	agree strongly	disagree strongly	disagree strongly	disagree strongly	agree	disagree strongly	agree	disagree	agree	disagree strongly	disagree strongly	disagree	disagree	disagree	disagree	agree	agree strongly	disagree	agree	disagree	agree strongly	disagree strongly	83.7	78	80.7	1	2	6	Selected	Catholic	1	0	low
122	boy	disagree strongly	disagree strongly	disagree	disagree strongly	disagree strongly	agree strongly	disagree strongly	agree	agree strongly	disagree strongly	9	agree strongly	niet echt waar	agree strongly	agree	disagree strongly	agree	agree strongly	agree	disagree strongly	agree	agree strongly	agree strongly	agree strongly	agree	disagree strongly	agree strongly	agree strongly	disagree strongly	agree strongly	disagree strongly	disagree strongly	disagree strongly	agree	disagree strongly	agree strongly	agree	agree	agree	agree strongly	disagree strongly	disagree	agree strongly	disagree strongly	disagree strongly	agree	disagree	agree	76.1	78.2	82	1	17	7	Not Selected	Catholic	1	0	low
123	girl	agree	disagree	disagree strongly	disagree strongly	agree strongly	agree strongly	agree	disagree	disagree strongly	agree strongly	0	disagree strongly	helemaal waar	agree strongly	agree strongly	agree strongly	agree	agree strongly	agree strongly	agree strongly	agree	agree strongly	disagree strongly	agree strongly	agree strongly	disagree strongly	agree strongly	agree strongly	agree strongly	agree strongly	disagree	disagree strongly	agree strongly	agree strongly	agree strongly	agree strongly	agree strongly	agree strongly	agree	agree	disagree strongly	agree strongly	agree strongly	disagree strongly	disagree strongly	agree	disagree strongly	disagree strongly	81.25	80	80.2	0	10	6	Selected	State	0	1	low
123	girl	agree	disagree strongly	disagree	agree strongly	disagree strongly	agree	disagree strongly	agree strongly	agree	agree	0	agree	een beetje waar	agree	agree	disagree strongly	disagree	disagree strongly	disagree	disagree	disagree	agree strongly	disagree	disagree	disagree strongly	agree strongly	agree	disagree	agree strongly	disagree	agree	disagree strongly	disagree	disagree strongly	agree strongly	disagree strongly	disagree strongly	disagree	disagree strongly	disagree	agree	agree strongly	disagree	agree strongly	agree	disagree	agree	disagree strongly	73.8	80.4	77.3	0	13	7	Selected	State	0	1	low
123	boy	disagree	agree strongly	agree	agree strongly	disagree	agree strongly	agree strongly	agree strongly	agree strongly	disagree	8	agree strongly	helemaal waar	agree strongly	disagree	agree strongly	agree strongly	agree strongly	agree	agree strongly	disagree	agree strongly	agree strongly	agree	agree	disagree	agree	disagree	disagree	agree strongly	agree strongly	disagree strongly	agree strongly	agree	disagree strongly	agree	disagree	agree strongly	disagree	disagree	disagree strongly	agree strongly	agree strongly	disagree	disagree strongly	disagree	disagree strongly	agree strongly	67.5	81.8	75.2	0	16	9	Not Selected	COE	0	0	low
129	boy	disagree strongly	agree strongly	disagree strongly	disagree strongly	agree strongly	agree strongly	agree strongly	disagree strongly	disagree strongly	disagree strongly	10	agree strongly	helemaal niet waar	disagree	disagree strongly	disagree strongly	agree	disagree	disagree strongly	disagree strongly	agree strongly	agree strongly	disagree strongly	agree strongly	disagree strongly	agree strongly	agree strongly	disagree strongly	disagree strongly	agree strongly	agree strongly	disagree strongly	disagree strongly	agree	agree strongly	agree	disagree	agree	disagree strongly	disagree strongly	agree strongly	agree strongly	agree strongly	agree strongly	agree strongly	disagree strongly	agree strongly	disagree strongly	85.87	85	85.44	1	8	9	Not Selected	COE	0	0	low
127	boy	disagree	agree	disagree strongly	disagree strongly	disagree	agree strongly	agree	disagree	agree	disagree strongly	10	agree	helemaal niet waar	agree	agree	disagree strongly	disagree	agree strongly	agree strongly	disagree	agree	agree strongly	agree	agree strongly	agree strongly	agree	agree strongly	agree strongly	disagree	agree	agree	disagree strongly	disagree strongly	agree strongly	agree	agree	disagree	agree	agree strongly	agree	disagree	disagree	agree	disagree strongly	disagree	agree	agree	agree	88.5	92.25	90.2	1	14	10	Not Selected	COE	0	0	low
127	boy	disagree strongly	agree strongly	disagree	disagree strongly	agree strongly	agree strongly	agree strongly	disagree strongly	disagree	disagree strongly	9	agree strongly	helemaal waar	agree strongly	agree strongly	agree	agree	agree strongly	agree strongly	disagree strongly	agree	agree strongly	agree strongly	agree strongly	agree	disagree strongly	agree strongly	agree strongly	disagree strongly	agree strongly	disagree strongly	disagree strongly	disagree strongly	agree strongly	disagree	agree strongly	agree	agree strongly	agree strongly	agree strongly	disagree strongly	disagree strongly	agree strongly	disagree strongly	disagree strongly	agree strongly	disagree	agree	87	94	90	1	10	6	Not Selected	State	0	1	low
129	boy	disagree strongly	agree strongly	disagree strongly	disagree strongly	agree strongly	agree strongly	agree strongly	disagree strongly	disagree strongly	disagree strongly	10	agree strongly	helemaal niet waar	disagree	disagree	disagree strongly	agree	disagree strongly	disagree	disagree	disagree strongly	agree strongly	agree strongly	agree strongly	disagree strongly	agree strongly	agree strongly	disagree strongly	disagree strongly	agree strongly	agree	disagree strongly	disagree strongly	disagree strongly	agree strongly	disagree strongly	disagree strongly	disagree strongly	disagree strongly	disagree strongly	disagree strongly	agree strongly	agree strongly	agree strongly	agree	disagree strongly	agree strongly	disagree			68.5	1	11	5	Not Selected	State	0	1	low
136	boy	disagree strongly	agree strongly	disagree strongly	disagree strongly	agree strongly	agree strongly	agree strongly	disagree strongly	disagree strongly	disagree strongly	10	disagree strongly	helemaal waar	agree strongly	agree strongly	disagree strongly	agree strongly	disagree	disagree	agree strongly	disagree strongly	agree strongly	agree strongly	agree strongly	disagree	agree strongly	agree strongly	disagree	disagree strongly	agree strongly	disagree strongly	disagree strongly	agree strongly	disagree	agree strongly	agree strongly	disagree strongly	agree strongly	disagree	agree	disagree	disagree strongly	agree strongly	disagree	disagree strongly	agree	agree strongly	agree			62.5	1	12	5	Not Selected	State	0	1	low
125	boy	disagree strongly	disagree	disagree strongly	disagree strongly	agree strongly	agree strongly	disagree	agree	agree	agree strongly	8	agree strongly	een beetje waar	agree strongly	disagree	disagree strongly	agree	disagree	disagree	agree	agree	agree strongly	agree strongly	agree strongly	disagree	agree strongly	agree	disagree	disagree strongly	agree strongly	agree	disagree strongly	disagree	disagree	agree strongly	agree	disagree	agree strongly	disagree	disagree	agree	agree	agree strongly	agree	disagree strongly	disagree	agree strongly	agree			77.3	1	2	6	Not Selected	State	0	1	low
136	boy	disagree	agree strongly	disagree strongly	disagree strongly	disagree strongly	agree strongly	agree	disagree	disagree strongly	disagree strongly	7	agree strongly	niet echt waar	disagree strongly	agree strongly	agree	agree	disagree strongly	disagree	disagree strongly	agree strongly	agree strongly	agree strongly	agree strongly	disagree strongly	disagree strongly	agree	agree	agree	agree strongly	disagree strongly	disagree strongly	disagree strongly	disagree strongly	disagree strongly	agree	agree	disagree	disagree	agree strongly	disagree strongly	agree	agree	agree strongly	agree strongly	agree strongly	agree strongly	agree			60.6	1	2	6	Not Selected	State	0	1	low
119	boy	agree	disagree strongly	disagree	disagree strongly	disagree strongly	agree strongly	disagree strongly	disagree	agree strongly	disagree strongly	7	agree strongly	niet echt waar	agree strongly	disagree	disagree strongly	agree	agree	disagree	disagree	disagree	agree strongly	disagree	agree	agree	agree	agree strongly	disagree strongly	agree	agree strongly	agree	disagree strongly	disagree	agree	agree strongly	agree	disagree	disagree	disagree	disagree strongly	agree strongly	agree	agree strongly	disagree	disagree strongly	disagree strongly	agree	agree			72	1	10	6	Not Selected	State	0	1	low
131	boy	agree strongly	disagree strongly	agree strongly	agree	disagree strongly	agree strongly	disagree	agree strongly	agree strongly	agree strongly	0	disagree strongly	niet echt waar	agree	disagree	disagree strongly	agree	disagree strongly	disagree strongly	agree strongly	disagree	agree strongly	agree strongly	disagree strongly	disagree	agree	agree strongly	disagree strongly	disagree	agree	disagree	disagree strongly	disagree strongly	disagree strongly	agree strongly	agree	disagree	agree	disagree	agree	agree	disagree	agree strongly	agree	disagree strongly	disagree	agree strongly	agree			84	1	10	6	Not Selected	State	0	1	low
127	boy	disagree strongly	agree	disagree	agree strongly	agree	agree strongly	agree	disagree strongly	disagree strongly	disagree strongly	10	agree strongly	helemaal niet waar	agree strongly	disagree	disagree strongly	agree strongly	disagree	disagree	disagree strongly	agree strongly	agree strongly	agree strongly	agree strongly	disagree	agree strongly	agree strongly	disagree	disagree strongly	agree strongly	agree	disagree strongly	disagree strongly	disagree strongly	disagree	agree strongly	agree	disagree	disagree	disagree	agree strongly	agree strongly	agree strongly	agree strongly	disagree strongly	disagree	agree strongly	agree strongly			63.2	1	10	6	Not Selected	State	0	1	low
124	boy	agree strongly	disagree strongly	agree strongly	agree strongly	disagree strongly	agree	disagree strongly	agree strongly	agree strongly	agree strongly	0	agree strongly	helemaal niet waar	agree strongly	agree	agree	agree strongly	agree strongly	disagree	disagree	agree strongly	agree strongly	agree	agree strongly	agree strongly	disagree strongly	agree strongly	disagree strongly	disagree strongly	agree strongly	disagree strongly	agree	disagree strongly	agree strongly	disagree strongly	agree	agree	agree	disagree strongly	agree strongly	disagree strongly	agree	agree	agree	disagree strongly	agree	agree	agree			84	1	14	7	Not Selected	Catholic	1	0	low
121	boy	agree strongly	disagree strongly	agree	agree strongly	disagree strongly	agree	disagree strongly	agree strongly	agree strongly	agree strongly	1	disagree strongly	niet echt waar	disagree strongly	disagree	disagree	disagree	disagree strongly	disagree strongly	agree strongly	disagree strongly	agree strongly	agree	disagree strongly	agree strongly	agree strongly	disagree strongly	disagree strongly	agree strongly	disagree	agree strongly	disagree strongly	agree strongly	disagree strongly	agree strongly	disagree strongly	disagree strongly	disagree strongly	disagree strongly	agree strongly	disagree	agree strongly	disagree	agree strongly	agree strongly	disagree strongly	agree strongly	disagree			62	1	15	8	Not Selected	COE	0	0	low
126	girl	agree	disagree	disagree strongly	disagree strongly	disagree	agree strongly	disagree	disagree strongly	disagree strongly	disagree strongly	10	agree strongly	helemaal niet waar	agree strongly	disagree	agree strongly	agree strongly	agree	disagree strongly	disagree strongly	agree strongly	agree strongly	agree strongly	agree strongly	agree	agree strongly	agree strongly	disagree	agree strongly	agree strongly	agree strongly	disagree strongly	agree	agree strongly	agree strongly	disagree	agree strongly	agree strongly	disagree	disagree strongly	disagree strongly	agree	agree strongly	agree strongly	disagree strongly	disagree strongly	agree strongly	agree			50	1	2	4	Selected	State	0	1	low
121	girl	agree	agree	agree	disagree	agree	agree strongly	agree	disagree	agree strongly	agree strongly	5	agree strongly	niet echt waar	agree	agree	disagree strongly	agree strongly	disagree	disagree	disagree strongly	agree strongly	agree strongly	agree strongly	agree strongly	disagree	agree	agree strongly	disagree	disagree strongly	agree	disagree	disagree strongly	disagree strongly	disagree strongly	agree	agree	agree strongly	agree	disagree	disagree	disagree	disagree	agree strongly	agree	disagree strongly	disagree	disagree strongly	agree			86	1	0	6	Selected	Catholic	1	0	low
124	girl	agree	disagree	disagree	agree	disagree strongly	agree strongly	disagree strongly	agree strongly	disagree	agree	3	agree strongly	helemaal niet waar	agree strongly	disagree	disagree strongly	disagree	disagree	agree	disagree strongly	agree	agree strongly	agree strongly	agree strongly	agree	disagree strongly	agree strongly	disagree	agree strongly	agree	agree	disagree strongly	disagree strongly	disagree	agree	disagree	disagree	agree	disagree	disagree	disagree strongly	agree	agree strongly	disagree	disagree strongly	disagree	agree	disagree			59.9	1	14	6	Selected	COE	0	0	low
126	girl	agree strongly	disagree strongly	agree strongly	agree strongly	disagree strongly	agree strongly	disagree strongly	agree strongly	agree strongly	disagree	6	disagree strongly	helemaal waar	agree	disagree strongly	disagree strongly	agree strongly	disagree strongly	disagree strongly	agree strongly	disagree strongly	agree strongly	agree strongly	agree strongly	disagree strongly	agree strongly	agree strongly	disagree strongly	disagree	agree strongly	agree strongly	disagree strongly	agree strongly	disagree strongly	agree strongly	agree	disagree strongly	disagree strongly	disagree strongly	disagree strongly	disagree	disagree strongly	agree strongly	agree strongly	disagree	disagree strongly	agree strongly	disagree strongly			77	1	16	8	Selected	State	0	1	low
129	girl	disagree strongly	agree strongly	disagree strongly	disagree strongly	agree strongly	agree strongly	agree strongly	disagree strongly	disagree strongly	disagree strongly	10	agree strongly	helemaal niet waar	agree	agree strongly	disagree strongly	agree strongly	agree	agree strongly	disagree strongly	agree strongly	agree	agree strongly	agree strongly	agree	disagree strongly	agree strongly	agree	disagree strongly	agree strongly	disagree strongly	disagree strongly	disagree strongly	agree strongly	disagree strongly	agree strongly	agree	agree strongly	agree	agree strongly	disagree strongly	disagree strongly	agree strongly	disagree strongly	disagree strongly	agree strongly	disagree strongly	agree strongly	54.8	30	52	1	2	3	Selected	State	0	1	low
139	girl	disagree	agree	disagree	disagree strongly	agree	agree strongly	disagree	disagree	agree strongly	disagree strongly	8	agree strongly	helemaal niet waar	agree	agree strongly	disagree strongly	agree	disagree strongly	disagree	disagree strongly	agree strongly	agree	agree strongly	agree strongly	disagree	disagree strongly	agree	disagree	disagree strongly	agree strongly	disagree	disagree strongly	disagree strongly	disagree	agree	agree strongly	agree	agree	disagree	agree	disagree strongly	disagree strongly	agree strongly	agree strongly	disagree strongly	agree strongly	disagree strongly	agree strongly	62.3	35.9	63	1	18	6	Selected	COE	0	0	low
144	girl	disagree strongly	agree strongly	disagree	disagree strongly	disagree strongly	agree strongly	agree strongly	disagree strongly	disagree strongly	agree	6	agree	helemaal niet waar	disagree	agree	disagree strongly	agree	agree	disagree	disagree strongly	agree strongly	agree	disagree strongly	disagree strongly	agree	disagree strongly	agree	agree	disagree strongly	agree	disagree	agree strongly	agree strongly	agree	agree strongly	agree	agree	agree	disagree	disagree	agree	agree strongly	agree strongly	agree	agree	disagree	disagree	agree	56	36	46	0	10	6	Selected	State	0	1	low
140	girl	disagree	agree	disagree	disagree strongly	agree strongly	agree strongly	agree strongly	agree	agree	disagree strongly	9	agree strongly	niet echt waar	disagree strongly	disagree strongly	disagree strongly	agree	disagree strongly	disagree strongly	disagree strongly	disagree strongly	agree	disagree strongly	agree strongly	disagree strongly	disagree strongly	disagree strongly	disagree strongly	disagree strongly	disagree strongly	agree	disagree strongly	disagree	disagree strongly	agree	disagree strongly	disagree strongly	disagree strongly	disagree strongly	disagree strongly	disagree strongly	disagree	disagree strongly	agree	disagree strongly	disagree strongly	agree strongly	disagree	49.4	40.9	45.63	1	12	4	Selected	Catholic	1	0	low
138	girl	agree	disagree strongly	agree strongly	agree	disagree strongly	agree strongly	disagree	agree	disagree	disagree	8	agree strongly	helemaal niet waar	disagree strongly	agree	disagree strongly	agree strongly	disagree	disagree	disagree	agree strongly	agree	agree	agree	disagree	agree strongly	agree strongly	agree	disagree	agree	disagree	disagree strongly	disagree strongly	disagree	agree strongly	disagree	disagree	agree	disagree strongly	agree	agree	agree	agree	disagree	disagree	agree	agree strongly	agree	64	41.5	64	1	16	9	Selected	State	0	1	low
126	girl	agree strongly	agree	agree strongly	disagree strongly	disagree strongly	agree strongly	agree	disagree strongly	disagree strongly	disagree strongly	10	agree strongly	helemaal niet waar	agree strongly	disagree	disagree strongly	agree strongly	disagree	disagree strongly	disagree strongly	agree strongly	agree	agree strongly	agree strongly	disagree	disagree strongly	agree strongly	disagree strongly	disagree strongly	agree strongly	agree	disagree strongly	disagree strongly	disagree	disagree strongly	agree strongly	agree strongly	agree strongly	disagree	disagree	disagree strongly	disagree strongly	agree strongly	agree	disagree strongly	disagree	agree strongly	agree strongly	57.7	41.8	52.3	1	9	2	Selected	State	0	1	low
153	boy	agree	agree strongly	disagree strongly	disagree strongly	agree	agree strongly	agree	disagree strongly	disagree	disagree strongly	7	agree strongly	helemaal niet waar	agree strongly	agree	disagree strongly	disagree	disagree	agree	disagree strongly	agree strongly	agree	agree strongly	agree strongly	disagree	agree	agree strongly	disagree	agree	agree	disagree	disagree strongly	agree strongly	disagree	agree	agree	agree	agree	disagree	disagree	disagree strongly	agree	agree strongly	disagree strongly	disagree strongly	disagree	disagree strongly	agree	39	43	46	0	0	2	Not Selected	State	0	1	low
136	boy	disagree	agree	agree	agree strongly	disagree strongly	agree strongly	agree	agree	agree	disagree		agree	helemaal waar	disagree strongly	disagree strongly	disagree strongly	disagree	disagree strongly	disagree	disagree	disagree strongly	agree	disagree strongly	disagree	disagree strongly	agree strongly	agree	disagree	disagree strongly	agree strongly	agree	disagree strongly	agree strongly	disagree strongly	agree	agree	disagree strongly	agree	disagree	disagree strongly	agree	agree strongly	agree strongly	agree	agree	disagree	agree strongly	agree strongly	55	45	57	1	4	6	Not Selected	State	0	1	low
124	boy	agree	agree	agree	disagree strongly	disagree	agree strongly	agree	disagree strongly	disagree	disagree strongly	10	agree strongly	helemaal niet waar	agree	disagree	disagree strongly	disagree	disagree	disagree	disagree strongly	disagree	agree	disagree	agree strongly	disagree	agree	agree strongly	disagree	agree	disagree strongly	agree	disagree strongly	disagree strongly	disagree strongly	disagree	disagree strongly	disagree	disagree	disagree	disagree	disagree	disagree	agree strongly	agree	agree strongly	disagree	agree	disagree	63.75	47.19	57.25	0	6	4	Not Selected	State	0	1	low
112	girl	disagree strongly	agree strongly	disagree strongly	disagree strongly	agree strongly	agree strongly	agree strongly	disagree strongly	disagree strongly	disagree strongly	10	agree strongly	helemaal niet waar	agree strongly	agree strongly	disagree strongly	agree strongly	disagree strongly	disagree	disagree strongly	agree strongly	agree	agree strongly	agree strongly	disagree	agree	agree strongly	disagree strongly	disagree strongly	disagree	disagree strongly	disagree strongly	disagree strongly	disagree strongly	agree	agree	agree	disagree	agree	agree	disagree strongly	agree	agree strongly	agree strongly	disagree strongly	agree	disagree strongly	agree	73.3	47.5	62.4	1	2	5	Selected	Catholic	1	0	low
138	boy	disagree	disagree strongly	disagree strongly	agree strongly	disagree strongly	agree strongly	disagree strongly	agree	agree strongly	disagree strongly	5	agree strongly	helemaal niet waar	agree strongly	disagree	disagree strongly	agree	disagree	disagree strongly	agree strongly	agree strongly	agree	agree	agree strongly	agree	agree	disagree strongly	disagree strongly	agree strongly	agree strongly	agree	disagree strongly	disagree strongly	disagree strongly	agree strongly	disagree strongly	agree strongly	agree strongly	disagree strongly	disagree strongly	agree	disagree	agree strongly	agree	disagree strongly	disagree	agree strongly	disagree strongly	50	48.43	54.6	1	3	3	Not Selected	State	0	1	low
120	boy	agree strongly	agree	disagree strongly	disagree	agree	agree strongly	agree strongly	disagree strongly	disagree strongly	agree strongly	9	agree strongly	helemaal niet waar	agree	agree strongly	disagree strongly	agree strongly	agree	agree	disagree strongly	agree strongly	agree	agree strongly	agree strongly	agree	disagree strongly	agree strongly	agree	disagree strongly	agree	disagree strongly	disagree strongly	disagree strongly	disagree	agree	agree strongly	agree strongly	agree	agree	agree	disagree strongly	agree	agree strongly	agree	disagree strongly	agree	agree	agree strongly	60	50	61	1	14	6	Not Selected	State	0	1	low
122	boy	agree	disagree strongly	agree strongly	disagree strongly	disagree strongly	agree strongly	agree strongly	agree strongly	agree strongly	disagree strongly	10	agree strongly	helemaal niet waar	disagree	disagree	disagree strongly	agree	disagree	agree	disagree strongly	agree strongly	agree	agree strongly	agree strongly	agree	disagree	disagree strongly	disagree	agree	agree	agree	disagree strongly	disagree strongly	disagree	disagree	agree	agree strongly	agree	disagree	disagree	agree strongly	disagree	agree strongly	disagree	agree strongly	agree	agree	agree strongly	58.99	50.39	59.5	1	4	5	Not Selected	State	0	1	low
123	boy	disagree	agree strongly	agree	disagree	agree	agree strongly	agree strongly	disagree strongly	disagree	disagree	7	agree strongly	helemaal niet waar	agree	disagree	disagree strongly	agree	disagree	disagree	disagree strongly	agree	agree	agree	agree strongly	disagree	agree	agree	disagree	disagree	agree strongly	agree	disagree strongly	disagree strongly	disagree	agree	agree	disagree	disagree	disagree	agree	disagree	agree	agree strongly	agree	disagree	agree	agree strongly	agree	73	51	60	1	0	6	Not Selected	State	0	1	low
121	boy	disagree	disagree	agree strongly	disagree strongly	disagree strongly	agree strongly	disagree	agree	disagree	disagree strongly	10	agree strongly	helemaal niet waar	agree	agree strongly	disagree strongly	agree	disagree strongly	disagree strongly	disagree strongly	agree strongly	agree	agree	agree strongly	disagree	agree	agree strongly	agree	disagree strongly	disagree	disagree strongly	disagree strongly	agree strongly	disagree strongly	agree	agree strongly	agree strongly	agree	disagree	agree strongly	disagree strongly	agree	agree strongly	agree strongly	disagree strongly	agree strongly	disagree	agree strongly	75.59	51.96	69.4	1	7	3	Not Selected	State	0	1	low
134	girl	disagree strongly	agree	disagree	disagree strongly	disagree strongly	agree strongly	agree	disagree strongly	disagree	disagree strongly	8	agree	helemaal niet waar	disagree	disagree	disagree	disagree	disagree strongly	disagree	agree	agree	agree	agree	agree	disagree strongly	agree	agree	disagree strongly	disagree strongly	agree	agree	disagree strongly	disagree strongly	disagree strongly	disagree	disagree	agree	disagree	disagree	disagree	disagree	agree	agree strongly	disagree	disagree	disagree	agree	agree	65.89	52.32	62.25	1	16	8	Selected	State	0	1	low
133	boy	disagree strongly	agree strongly	agree	disagree strongly	agree	agree strongly	agree strongly	disagree strongly	disagree strongly	disagree strongly	10	agree strongly	niet echt waar	agree strongly	agree	disagree strongly	agree strongly	disagree	disagree	disagree	disagree	agree	agree	agree	disagree	agree	agree strongly	disagree	disagree strongly	disagree	agree	disagree	agree	disagree	agree	disagree	disagree strongly	disagree	disagree	disagree	disagree strongly	agree	agree	agree	disagree strongly	disagree	agree strongly	disagree	59	53	59.5	1	10	6	Not Selected	State	0	1	low
132	boy	disagree strongly	agree strongly	disagree	disagree strongly	agree	agree strongly	agree	disagree	disagree strongly	disagree strongly	10	agree strongly	niet echt waar	agree	disagree	disagree strongly	agree	disagree	disagree	disagree strongly	agree	agree	agree strongly	agree	disagree	agree	agree	disagree strongly	disagree strongly	agree	disagree	disagree strongly	disagree strongly	disagree	agree	disagree	disagree	disagree	disagree	disagree	disagree	disagree	agree strongly	agree	disagree strongly	disagree	agree strongly	disagree	66	55	60.5	1	10	6	Not Selected	State	0	1	low
	girl	agree strongly	agree	disagree strongly	disagree strongly	agree	disagree	agree	agree strongly	disagree strongly	disagree strongly	8	disagree	helemaal waar	disagree strongly	agree	disagree strongly	disagree	disagree	disagree strongly	agree strongly	disagree	agree	agree strongly	disagree	disagree strongly	agree strongly	disagree strongly	agree	agree strongly	agree	disagree strongly	disagree strongly	agree strongly	disagree strongly	agree	disagree strongly	disagree strongly	agree	disagree	agree strongly	disagree	agree	disagree	agree strongly	agree strongly	agree	agree strongly	disagree strongly	72.5	55	64.2	1	12	4	Selected	Catholic	1	0	low
132	boy	disagree	agree strongly	disagree strongly	disagree strongly	agree strongly	agree strongly	agree strongly	disagree strongly	disagree	agree	5	agree strongly	niet echt waar	agree strongly	disagree	disagree strongly	agree strongly	disagree	disagree strongly	disagree strongly	agree	agree	agree strongly	agree strongly	disagree	agree	agree strongly	disagree	agree	agree strongly	agree	disagree strongly	disagree strongly	disagree	agree strongly	disagree	disagree	disagree	disagree	disagree	disagree	agree	agree strongly	agree	disagree strongly	disagree	agree	agree	57.5	55.5	58.5	1	3	3	Not Selected	State	0	1	low
128	boy	disagree strongly	agree strongly	agree strongly	disagree strongly	disagree	agree strongly	agree	agree strongly	disagree strongly	disagree strongly	3	agree strongly	helemaal niet waar	agree strongly	agree	disagree strongly	agree strongly	agree	disagree	disagree strongly	agree strongly	agree	agree strongly	agree strongly	agree	disagree strongly	agree strongly	disagree	disagree strongly	agree	disagree	disagree strongly	disagree strongly	agree	disagree strongly	agree	agree strongly	agree strongly	disagree	agree	disagree strongly	agree	agree strongly	disagree	disagree strongly	agree	disagree strongly	agree	69.7	55.6	63.7	1	17	8	Not Selected	COE	0	0	low
138	girl	agree	agree strongly	agree strongly	disagree	disagree strongly	agree strongly	agree	agree	disagree strongly	disagree strongly	8	agree	helemaal niet waar	agree	disagree	disagree strongly	agree	disagree	disagree	agree	agree	agree	agree strongly	agree	disagree	disagree	agree strongly	disagree strongly	disagree	agree strongly	disagree	disagree strongly	agree	disagree	agree	agree	disagree	agree	disagree strongly	disagree	agree	agree	agree strongly	agree	disagree strongly	disagree	agree strongly	agree strongly	31	55.8	54.7	0	0	6	Selected	Catholic	1	0	low
125	boy	agree	disagree	agree	agree strongly	disagree	disagree	disagree	disagree	agree	agree strongly	8	agree strongly	helemaal niet waar	agree strongly	agree	disagree strongly	agree	agree strongly	agree	disagree strongly	agree strongly	agree	agree strongly	agree strongly	agree	disagree strongly	agree strongly	disagree	disagree strongly	agree strongly	disagree	disagree strongly	disagree strongly	agree strongly	disagree strongly	agree strongly	agree strongly	agree strongly	agree strongly	disagree	disagree strongly	disagree strongly	agree strongly	disagree	disagree strongly	agree	disagree strongly	agree strongly	69.5	56	67	1	15	6	Not Selected	State	0	1	low
130	girl	disagree	agree	agree	disagree strongly	agree	agree strongly	agree	disagree	disagree	disagree strongly	10	agree	helemaal niet waar	agree strongly	agree	disagree strongly	agree strongly	agree	agree	disagree strongly	agree strongly	agree	agree strongly	agree strongly	agree	agree	agree strongly	agree	agree	agree	agree	disagree strongly	disagree strongly	agree	disagree strongly	agree	agree	agree	agree	disagree	disagree strongly	agree	agree	agree	disagree strongly	disagree	agree	agree	66	56	64	1	0	6	Selected	Catholic	1	0	low
122	boy	disagree strongly	agree strongly	disagree strongly	disagree strongly	agree strongly	agree strongly	agree strongly	disagree strongly	disagree strongly	disagree strongly	10	agree strongly	helemaal niet waar	agree	agree	disagree strongly	agree	disagree	disagree	disagree strongly	agree strongly	agree	agree strongly	agree strongly	agree	agree	agree strongly	disagree	disagree strongly	agree strongly	disagree	disagree strongly	disagree strongly	disagree	disagree strongly	agree strongly	agree strongly	agree	disagree	agree strongly	agree strongly	agree	agree strongly	agree	agree	agree	agree strongly	agree strongly	74.38	56.88	67.13	1	10	6	Not Selected	State	0	1	low
128	boy	agree	disagree	agree strongly	agree	disagree strongly	agree	disagree strongly	agree	agree	agree	5	agree strongly	niet echt waar	agree strongly	disagree	disagree strongly	agree	disagree	disagree	agree	disagree	agree	agree	agree	disagree strongly	agree	agree strongly	disagree strongly	agree	agree	agree	disagree strongly	disagree	disagree strongly	agree	agree	disagree	agree	disagree strongly	disagree	agree	agree strongly	agree strongly	agree strongly	disagree	agree	agree strongly	disagree	70	57	68	1	4	4	Not Selected	State	0	1	low
128	boy	agree strongly	disagree	disagree	agree strongly	disagree	disagree	agree	disagree	disagree strongly	disagree strongly	10	agree strongly	een beetje waar	agree strongly	disagree	disagree strongly	agree	agree strongly	disagree	agree	agree strongly	agree	disagree	agree	disagree	agree	agree strongly	disagree	disagree strongly	agree	disagree	disagree strongly	agree	agree	agree	agree strongly	agree	agree	disagree	disagree	disagree strongly	disagree strongly	agree	disagree	disagree strongly	disagree	agree	agree strongly	60	57	66	1	4	4	Not Selected	State	0	1	low
134	boy	agree	agree	agree	agree	agree strongly	agree	agree	agree	agree	agree	5	agree strongly	helemaal niet waar	agree	disagree	disagree strongly	agree	disagree	disagree	disagree strongly	agree strongly	agree	agree strongly	agree strongly	disagree	disagree strongly	agree	disagree	disagree	agree strongly	agree	disagree strongly	disagree strongly	agree	agree	agree strongly	agree strongly	agree	disagree	disagree	disagree	agree	agree strongly	disagree	disagree strongly	agree	disagree	agree strongly	55.5	57	62.1	1	16	10	Not Selected	COE	0	0	low
119	boy	agree strongly	disagree strongly	agree	disagree	agree strongly	agree	disagree strongly	agree strongly	agree	disagree	5	agree strongly	helemaal niet waar	agree strongly	disagree	disagree strongly	agree strongly	disagree	disagree	disagree strongly	agree strongly	agree	agree strongly	agree strongly	disagree	disagree	agree strongly	disagree	disagree strongly	agree	agree	disagree strongly	disagree strongly	disagree	agree	agree strongly	disagree	agree	disagree	disagree	disagree strongly	disagree	agree strongly	agree	disagree strongly	disagree	agree strongly	agree	71.4	57.3	67.2	1	16	8	Not Selected	COE	0	0	low
140	boy	agree strongly	disagree strongly	agree strongly	agree	disagree strongly	agree	disagree strongly	agree strongly	agree strongly	disagree		agree strongly	een beetje waar	agree strongly	disagree strongly	disagree	agree	disagree strongly	disagree strongly	disagree strongly	agree strongly	agree	disagree	disagree	disagree strongly	disagree	agree strongly	disagree strongly	disagree	agree strongly	agree strongly	disagree	disagree strongly	disagree strongly	agree strongly	agree strongly	agree strongly	disagree	disagree strongly	disagree strongly	agree strongly	agree strongly	agree	agree	disagree strongly	disagree strongly	disagree strongly	disagree	52.8	57.5	54.75	1	4	6	Not Selected	State	0	1	low
136	boy	agree strongly	disagree	agree strongly	disagree strongly	agree strongly	agree strongly	disagree strongly	agree strongly	agree strongly	disagree strongly	0	disagree	een beetje waar	disagree	agree	disagree strongly	disagree	disagree	disagree	agree	agree	agree	disagree	agree	disagree	agree	disagree	disagree	agree	disagree	agree	disagree	disagree	disagree	agree	disagree	disagree	agree	disagree	disagree	agree	agree	agree	agree	agree	disagree	agree strongly	disagree	50	58	58.7	1	3	3	Not Selected	State	0	1	low
137	boy	agree	agree strongly	agree strongly	disagree	disagree strongly	agree strongly	agree	disagree strongly	disagree strongly	disagree strongly	10	agree strongly	helemaal waar	agree	agree	disagree strongly	disagree	disagree strongly	disagree strongly	disagree strongly	agree strongly	agree	agree strongly	agree strongly	disagree	agree	agree	disagree strongly	disagree strongly	agree	agree	disagree strongly	disagree strongly	disagree strongly	disagree	agree	agree strongly	agree	disagree strongly	disagree strongly	disagree	agree	agree strongly	agree	agree	disagree strongly	agree	disagree	61	58	63	0	6	4	Not Selected	State	0	1	low
123	boy	disagree	agree	disagree strongly	disagree strongly	agree strongly	agree strongly	agree	disagree	disagree	disagree strongly	8	agree strongly	helemaal niet waar	agree strongly	agree	disagree strongly	agree strongly	agree	agree	disagree strongly	agree strongly	agree	agree strongly	agree strongly	agree strongly	disagree strongly	agree strongly	agree	disagree strongly	agree strongly	agree	disagree strongly	disagree strongly	agree strongly	disagree strongly	agree strongly	agree strongly	agree strongly	agree strongly	agree	disagree strongly	disagree	agree strongly	disagree	agree strongly	agree strongly	disagree	agree	74.67	58.83	70	1	10	6	Not Selected	State	0	1	low
124	boy	agree	disagree	agree strongly	agree strongly	disagree strongly	agree strongly	disagree strongly	agree	disagree	agree	5	agree strongly	niet echt waar	agree strongly	agree	disagree	agree	disagree	agree	disagree strongly	agree strongly	agree	agree strongly	agree strongly	agree	disagree strongly	agree strongly	agree	disagree strongly	agree strongly	disagree	disagree strongly	disagree strongly	agree	disagree strongly	disagree	agree strongly	agree	disagree	disagree	disagree strongly	disagree strongly	agree strongly	agree	disagree strongly	disagree	agree	agree strongly	70.75	59	65	1	17	10	Not Selected	COE	0	0	low
120	girl	disagree strongly	agree strongly	agree	disagree strongly	disagree	agree	agree	agree	agree	agree		agree strongly	helemaal niet waar	agree strongly	agree	disagree strongly	agree strongly	disagree	agree	disagree strongly	agree strongly	agree	agree strongly	agree strongly	agree	agree strongly	agree strongly	agree	disagree strongly	agree strongly	disagree strongly	disagree strongly	disagree strongly	agree	agree	agree strongly	agree strongly	agree strongly	agree	agree strongly	disagree strongly	disagree strongly	agree strongly	agree	disagree strongly	agree strongly	disagree strongly	agree strongly	56	59	62	1	12	6	Selected	State	0	1	low
119	boy	agree strongly	disagree strongly	agree	agree strongly	disagree strongly	disagree strongly	disagree strongly	agree strongly	agree strongly	agree	0	agree strongly	helemaal waar	agree strongly	disagree	disagree	disagree	agree strongly	disagree	agree strongly	agree strongly	agree	disagree	agree strongly	disagree	disagree strongly	disagree	disagree strongly	disagree	disagree	disagree	disagree strongly	disagree strongly	agree	disagree strongly	disagree	agree strongly	agree	disagree	disagree	disagree	disagree	agree	agree	disagree strongly	disagree	disagree strongly	disagree strongly	65.31	59.29	64.28	1	10	6	Not Selected	State	0	1	low
131	boy	agree	agree	disagree strongly	agree strongly	agree strongly		disagree	agree	agree strongly	disagree	10	agree strongly	niet echt waar	agree strongly	disagree strongly	disagree strongly	agree	disagree	disagree	disagree strongly	agree	agree	agree strongly	agree strongly	disagree	disagree	agree strongly	disagree strongly	disagree strongly	disagree	agree	disagree strongly	disagree strongly	disagree	agree	agree strongly	agree	agree	disagree	disagree	disagree strongly	disagree strongly	agree strongly	agree	disagree strongly	disagree	agree	agree strongly	66.5	59.8	62.7	1	10	6	Not Selected	State	0	1	low
126	girl	agree	agree	agree strongly	agree strongly	disagree strongly	agree strongly	agree	agree	disagree	disagree strongly	4	agree strongly	helemaal niet waar	agree strongly	disagree	disagree strongly	agree strongly	disagree	disagree	disagree strongly	agree strongly	agree	agree strongly	agree strongly	disagree	agree strongly	agree strongly	disagree	agree	disagree	agree	disagree strongly	disagree strongly	disagree	agree strongly	agree	agree strongly	agree strongly	disagree	disagree	disagree strongly	disagree	agree strongly	agree	disagree strongly	disagree	agree	disagree	58.7	60	61.6	0	12	6	Selected	State	0	1	low
124	girl	disagree	disagree	agree strongly	disagree strongly	agree strongly	agree strongly	disagree strongly	disagree	disagree	disagree strongly	9	agree	helemaal niet waar	disagree strongly	disagree	disagree strongly	disagree strongly	disagree strongly	disagree	disagree	agree	agree	disagree	agree	disagree	agree	agree	disagree strongly	agree	disagree	agree	disagree strongly	agree	disagree	agree	disagree	disagree	disagree	disagree	agree	disagree	agree	agree	agree	disagree	agree	agree strongly	disagree	74.7	60.1	68.25	1	10	6	Selected	State	0	1	low
134	girl	disagree	agree strongly	disagree	agree strongly	agree	agree	agree strongly	disagree	disagree strongly	disagree strongly	10	agree strongly	een beetje waar	agree	disagree	disagree strongly	agree	disagree strongly	disagree	disagree	agree	agree	agree strongly	agree strongly	disagree	agree	agree	disagree strongly	disagree strongly	agree	agree	disagree strongly	disagree	disagree strongly	disagree	agree strongly	agree	disagree	disagree strongly	disagree	disagree	agree strongly	agree strongly	agree	agree	disagree	agree strongly	agree strongly	77.7	60.2	65.7	1	7	5	Selected	Catholic	1	0	low
123	girl	disagree strongly	agree strongly	disagree	disagree strongly	agree strongly	agree strongly	agree strongly	disagree strongly	disagree strongly	disagree strongly	10	agree	helemaal niet waar	disagree	agree	disagree strongly	agree	disagree	disagree	agree	agree	agree	agree strongly	agree strongly	disagree	disagree	disagree	disagree	disagree strongly	disagree	agree	disagree strongly	disagree strongly	disagree strongly	disagree	agree	disagree	disagree	disagree	agree	agree	agree	agree strongly	agree	agree	agree	disagree strongly	agree	81.1	60.4	69.8	1	6	5	Selected	Catholic	1	0	low
124	boy	disagree	disagree	agree	disagree strongly	disagree	agree strongly	disagree	agree	agree	disagree strongly	10	agree	helemaal waar	agree	disagree	disagree strongly	agree strongly	disagree strongly	disagree	disagree strongly	agree strongly	agree	agree strongly	agree strongly	disagree	disagree strongly	agree strongly	disagree	disagree strongly	agree	agree	disagree strongly	disagree strongly	disagree	agree	agree	agree	agree	disagree	disagree	disagree	agree	agree strongly	agree	disagree strongly	disagree	disagree	disagree strongly	57	61	67.5	0	10	6	Not Selected	State	0	1	low
142	boy	agree	disagree	agree	disagree strongly	disagree	agree strongly	agree	disagree	disagree strongly	disagree strongly	5	agree strongly	helemaal niet waar	agree strongly	agree strongly	disagree strongly	agree	disagree	disagree	disagree strongly	agree strongly	agree	agree strongly	agree strongly	disagree	disagree strongly	agree strongly	disagree	disagree strongly	agree strongly	disagree strongly	disagree strongly	disagree strongly	agree	disagree strongly	agree	agree strongly	agree	agree	disagree	disagree strongly	disagree	agree strongly	agree	disagree strongly	agree	agree	agree strongly	86	61	76.5	1	16	9	Not Selected	COE	0	0	low
130	girl	disagree strongly	disagree	agree	agree	disagree strongly	agree	disagree	disagree	agree	disagree strongly	5	agree strongly	helemaal niet waar	agree strongly	disagree strongly	disagree strongly	agree strongly	disagree strongly	agree	disagree strongly	agree strongly	agree	disagree	disagree	disagree strongly	agree	agree	disagree strongly	disagree strongly	agree	agree	disagree strongly	disagree strongly	disagree strongly	agree	agree	agree	agree	disagree strongly	disagree strongly	disagree strongly	agree	agree	agree	disagree strongly	disagree strongly	agree	agree	67	61	64.8	1	4	2	Selected	State	0	1	low
126	girl	disagree	agree	disagree strongly	agree strongly	agree	disagree	agree	agree strongly	disagree strongly	agree strongly	9	disagree	een beetje waar	agree strongly	disagree strongly	disagree strongly	agree	disagree strongly	disagree strongly	agree	disagree strongly	agree	agree strongly	agree	disagree strongly	agree	agree strongly	disagree strongly	agree strongly	agree	agree strongly	disagree	disagree strongly	disagree strongly	agree	disagree strongly	disagree strongly	disagree	disagree strongly	disagree strongly	disagree strongly	agree strongly	agree strongly	disagree	disagree strongly	disagree	agree strongly	disagree strongly	64	61	63.8	1	7	4	Selected	State	0	1	low
126	boy	agree	agree strongly	agree strongly	agree	agree	agree strongly	agree strongly	disagree strongly	disagree strongly	agree strongly	9	agree strongly	een beetje waar	agree strongly	disagree	agree	agree	agree	disagree	disagree	agree strongly	agree	disagree strongly	agree strongly	agree	agree	disagree strongly	disagree	agree	agree	agree	agree strongly	agree	agree strongly	agree	agree	agree	disagree	disagree	disagree	agree	agree	agree	disagree	agree	disagree	agree	agree	69.31	61.21	67.69	1	6	6	Not Selected	State	0	1	low
138	boy	agree	disagree strongly	agree	disagree strongly	disagree strongly	agree strongly	disagree strongly	disagree	agree	disagree strongly	6	agree strongly	helemaal niet waar	agree strongly	agree	disagree strongly	agree strongly	disagree	agree	disagree strongly	agree strongly	agree	agree	agree strongly	disagree	agree	disagree strongly	disagree	disagree strongly	agree strongly	agree	disagree strongly	disagree strongly	disagree	agree	agree strongly	agree strongly	agree strongly	agree	disagree	agree strongly	agree strongly	agree strongly	agree strongly	disagree strongly	disagree	agree	agree strongly	50.6	61.3	61.1	1	10	6	Not Selected	State	0	1	low
127	boy	disagree strongly	agree strongly	agree strongly	disagree strongly	agree strongly	agree strongly	agree strongly	disagree strongly	disagree strongly	disagree strongly	10	agree strongly	helemaal niet waar	agree strongly	disagree	disagree strongly	agree strongly	disagree	disagree strongly	disagree strongly	agree strongly	agree	agree strongly	agree strongly	disagree	agree	agree strongly	disagree	disagree strongly	agree strongly	agree	disagree strongly	disagree strongly	disagree strongly	disagree strongly	agree strongly	agree	agree strongly	disagree	disagree strongly	agree strongly	agree strongly	agree strongly	agree	disagree strongly	disagree	disagree	agree strongly	51	61.5	63.4	0	0	6	Not Selected	State	0	1	low
130	boy	agree strongly	agree strongly	agree strongly	agree strongly	disagree	agree strongly	disagree strongly	agree strongly	disagree strongly	disagree strongly	3	agree strongly	helemaal niet waar	agree strongly	disagree	disagree strongly	agree strongly	agree	disagree strongly	disagree strongly	agree strongly	agree	agree strongly	agree strongly	agree strongly	disagree strongly	agree strongly	disagree	disagree strongly	agree	disagree	disagree strongly	disagree strongly	agree	disagree strongly	agree	agree strongly	agree strongly	agree strongly	disagree	disagree strongly	disagree strongly	agree strongly	agree	disagree strongly	agree	agree	agree	79.3	61.6	72.8	1	10	6	Not Selected	State	0	1	low
132	girl	disagree strongly	agree strongly	disagree	agree strongly	agree	agree strongly	agree strongly	disagree strongly	disagree strongly	agree strongly	10	agree	niet echt waar	agree strongly	disagree	disagree strongly	agree strongly	disagree	agree	disagree	agree	agree	agree strongly	agree strongly	agree	agree	agree strongly	agree	disagree	agree	disagree	disagree strongly	disagree	agree	disagree	agree strongly	disagree	disagree	agree	agree	disagree strongly	disagree strongly	agree strongly	agree	disagree strongly	agree	disagree strongly	agree strongly	73.33	61.7	71.5	1	12	5	Selected	Catholic	1	0	low
127	girl	disagree	agree strongly	disagree strongly	disagree strongly	agree	agree strongly	agree strongly	disagree strongly	disagree strongly	disagree strongly	9	agree strongly	niet echt waar	agree strongly	agree	disagree strongly	agree	disagree	disagree strongly	disagree strongly	agree strongly	agree	agree strongly	agree strongly	disagree	agree	agree strongly	disagree	disagree strongly	agree	disagree	disagree	disagree strongly	disagree	agree	agree	agree strongly	agree	disagree	disagree	disagree strongly	disagree	agree strongly	agree	disagree strongly	agree	disagree strongly	agree	70	62	65.5	1	10	6	Selected	State	0	1	low
137	boy	agree	agree	disagree	disagree	agree strongly	agree strongly	disagree strongly	disagree	disagree strongly	disagree	3	agree strongly	helemaal niet waar	disagree strongly	disagree strongly	agree strongly	agree strongly	disagree	disagree strongly	agree strongly	agree strongly	agree	agree strongly	agree strongly	disagree strongly	agree strongly	agree	disagree strongly	disagree	agree strongly	agree	disagree strongly	agree	disagree	agree strongly	agree	disagree strongly	disagree strongly	disagree strongly	disagree strongly	disagree strongly	disagree strongly	agree strongly	disagree	agree strongly	disagree strongly	disagree	agree strongly	54.7	63.5	59	1	6	4	Not Selected	State	0	1	low
131	girl	agree strongly	disagree	agree strongly	agree strongly	agree	agree strongly	disagree	agree strongly	agree	agree strongly	8	agree strongly	niet echt waar	disagree strongly	agree	agree strongly	agree	agree	agree strongly	agree	disagree	agree	agree strongly	agree strongly	agree	agree	disagree	disagree	agree	agree	agree	disagree strongly	disagree	disagree	agree	agree	disagree	agree strongly	disagree	disagree	agree	agree strongly	agree strongly	agree	disagree	agree	agree strongly	agree	66.5	63.5	65	1	2	8	Selected	Catholic	1	0	low
135	boy	agree	agree strongly	disagree	disagree strongly	agree	agree strongly	agree strongly	disagree strongly	disagree strongly	disagree strongly	10	agree strongly	helemaal niet waar	agree strongly	agree	disagree strongly	agree strongly	disagree	disagree	disagree strongly	agree strongly	agree	agree	agree strongly	agree	agree	agree strongly	disagree	disagree strongly	agree	disagree strongly	disagree strongly	disagree strongly	disagree	disagree strongly	agree	agree	agree	disagree	disagree	disagree strongly	disagree strongly	agree strongly	agree	disagree strongly	disagree	disagree	agree	82	64	77.5	1	13	8	Not Selected	Catholic	1	0	low
118	girl	agree	disagree	agree strongly	agree strongly	disagree strongly	agree	disagree	agree	disagree	disagree strongly	5	agree	niet echt waar	agree	agree	disagree strongly	disagree	disagree strongly	disagree	agree	agree	agree	agree strongly	agree strongly	agree	agree strongly	agree	disagree strongly	agree	disagree	disagree	disagree strongly	agree	disagree	agree	disagree	disagree	disagree	agree	disagree	agree	agree	agree strongly	agree	agree	disagree	agree strongly	disagree	75	64	70.8	0	9	4	Selected	State	0	1	low
124	girl	agree	agree	agree strongly	agree strongly	disagree strongly	agree strongly	agree	disagree	agree	agree	9	agree strongly	helemaal niet waar	agree strongly	disagree	agree	agree	disagree strongly	disagree	disagree strongly	agree strongly	agree	agree strongly	agree strongly	agree strongly	agree	agree strongly	disagree	disagree	disagree	agree	agree	disagree strongly	disagree	agree	agree strongly	disagree strongly	agree	disagree strongly	disagree strongly	agree	agree	agree	agree	disagree strongly	disagree	agree	disagree strongly	64	64	63.2	0	14	6	Selected	COE	0	0	low
127	girl	agree	disagree strongly	agree	disagree	disagree strongly	agree strongly	disagree strongly	agree	agree strongly	disagree	7	agree	niet echt waar	disagree strongly	disagree	disagree strongly	disagree strongly	disagree	disagree	disagree strongly	disagree	agree	agree strongly	agree strongly	agree	agree	disagree	disagree	agree	disagree	agree	disagree strongly	agree	disagree	agree	agree	disagree	disagree	disagree	disagree	agree	disagree	agree strongly	agree	disagree	disagree	disagree	disagree	55.24	64	50.9	1	10	6	Selected	State	0	1	low
122	girl	agree	disagree	disagree	agree	disagree strongly	agree	disagree strongly	agree	disagree	disagree strongly	9	disagree	niet echt waar	agree	agree strongly	agree strongly	disagree	agree	disagree	agree	disagree	agree	disagree	disagree	agree	agree strongly	agree	disagree strongly	agree strongly	agree strongly	disagree	disagree strongly	agree	agree	agree	disagree	disagree	disagree	disagree	agree	disagree	agree	agree	agree	disagree	agree	agree	disagree	72.2	64	71.2	1	10	6	Selected	State	0	1	low
127	girl	disagree strongly	agree strongly	agree	agree strongly	agree	agree strongly	agree strongly	disagree strongly	disagree strongly	disagree strongly	10	agree strongly	helemaal niet waar	agree strongly	disagree	disagree strongly	agree strongly	disagree strongly	disagree	disagree strongly	agree strongly	agree	agree strongly	agree strongly	disagree strongly	disagree strongly	agree strongly	disagree strongly	disagree strongly	agree	disagree	disagree strongly	disagree strongly	disagree	disagree strongly	agree strongly	agree strongly	agree	disagree	disagree strongly	disagree strongly	agree	agree strongly	disagree	disagree strongly	disagree	disagree	agree strongly	72.5	64.38	67	1	16	10	Selected	State	0	1	low
137	boy	agree strongly	disagree strongly	disagree	agree strongly	disagree strongly	agree	disagree strongly	agree strongly	agree strongly	agree	5	disagree	niet echt waar	agree strongly	disagree	agree strongly	agree strongly	agree strongly	disagree	agree	disagree	agree	agree strongly	disagree	agree strongly	disagree strongly	agree strongly	disagree	disagree strongly	agree	agree	disagree strongly	agree	agree strongly	agree	agree strongly	disagree strongly	agree	agree	disagree	disagree strongly	disagree strongly	agree strongly	disagree strongly	disagree strongly	disagree	agree strongly	agree strongly	57	65	64	1	2	5	Not Selected	State	0	1	low
126	girl	agree strongly	disagree strongly	agree	agree strongly	agree strongly	agree strongly	disagree strongly	agree	agree	agree strongly	10	disagree strongly	een beetje waar	agree strongly	disagree	disagree strongly	agree strongly	disagree strongly	disagree	agree strongly	disagree strongly	agree	agree strongly	agree	disagree	agree strongly	agree strongly	disagree strongly	disagree strongly	agree strongly	agree	disagree strongly	agree strongly	disagree	agree strongly	agree	agree strongly	agree	disagree	disagree	disagree strongly	disagree	agree strongly	disagree	agree	disagree	disagree	agree strongly	72	65	70.4	1	6	2	Selected	State	0	1	low
125	girl	disagree strongly	disagree strongly	agree	agree	agree	agree	agree	agree	agree	agree	10	agree strongly	helemaal waar	disagree	agree strongly	agree strongly	agree strongly	agree	disagree strongly	disagree strongly	agree strongly	agree	disagree strongly	agree strongly	agree strongly	agree strongly	agree strongly	agree strongly	disagree strongly	agree strongly	agree strongly	agree strongly	agree strongly	agree	disagree strongly	agree strongly	disagree	agree	agree strongly	agree	agree strongly	agree strongly	agree strongly	agree strongly	agree	agree	agree	agree	67.5	65	68	1	13	7	Selected	State	0	1	low
129	boy	disagree	disagree strongly	disagree	agree strongly	disagree strongly	agree strongly	disagree strongly	disagree	agree strongly	agree	0	agree strongly	helemaal niet waar	agree	disagree	disagree strongly	disagree	disagree	disagree	disagree strongly	agree	agree	agree strongly	agree strongly	disagree	agree	agree strongly	disagree	agree	agree strongly	agree	disagree strongly	disagree strongly	disagree	agree	disagree	agree	agree	disagree	disagree	agree	disagree	agree strongly	disagree	disagree strongly	disagree	disagree	agree	68.94	65.43	68.58	1	0	6	Not Selected	State	0	1	low
121	girl	disagree strongly	agree strongly	disagree	disagree strongly	agree	agree strongly	agree strongly	disagree strongly	disagree strongly	disagree strongly	10	agree strongly	niet echt waar	disagree strongly	agree strongly	disagree strongly	disagree	disagree	disagree	disagree strongly	disagree	agree	agree strongly	agree strongly	disagree	agree strongly	agree strongly	disagree	agree	disagree	disagree strongly	disagree strongly	agree	disagree	agree strongly	disagree	disagree	disagree	disagree	agree strongly	disagree	agree	agree strongly	agree	agree	agree	agree strongly	disagree	83.2	65.5	79.6	1	2	3	Selected	State	0	1	low
126	girl	disagree strongly	agree strongly	disagree strongly	disagree strongly	agree	agree strongly	agree strongly	disagree strongly	disagree strongly	disagree strongly		disagree	helemaal niet waar	disagree	agree	disagree strongly	disagree strongly	agree	disagree	agree strongly	disagree	agree	agree strongly	agree	disagree	agree strongly	agree	disagree strongly	agree strongly	disagree	disagree strongly	disagree strongly	agree strongly	agree	agree strongly	disagree	disagree strongly	disagree	agree	disagree	disagree	agree	agree strongly	agree	agree	disagree	agree strongly	disagree strongly	70	65.5	67.75	1	18	7	Selected	Catholic	1	0	low
132	boy	disagree	agree	disagree	disagree strongly	agree strongly	agree strongly	disagree	disagree	agree strongly	disagree strongly	9	agree strongly	niet echt waar	agree	agree	agree strongly	agree strongly	disagree	agree	disagree strongly	agree strongly	agree	agree	agree	agree	agree strongly	agree	disagree	disagree strongly	agree strongly	agree	disagree strongly	agree	disagree	agree	agree strongly	agree strongly	agree strongly	agree	disagree	disagree	agree	agree strongly	agree strongly	agree	disagree	disagree	agree	78	66	72	1	9	4	Not Selected	State	0	1	low
143	girl	disagree strongly	agree strongly	disagree	agree	disagree	agree strongly	agree strongly	disagree strongly	disagree strongly	disagree strongly	10	agree strongly	een beetje waar	disagree strongly	disagree	disagree strongly	agree strongly	disagree	disagree strongly	disagree strongly	disagree	agree	agree strongly	agree strongly	disagree	agree	disagree	disagree strongly	agree	disagree	agree	disagree strongly	agree	disagree	disagree	agree	disagree	disagree	disagree	disagree strongly	agree	agree	agree	agree strongly	agree	disagree strongly	agree	agree	50.6	66.3	64.3	1	10	6	Selected	State	0	1	low
123	boy	disagree strongly	agree	agree	disagree strongly	agree strongly	agree strongly	disagree strongly	disagree	disagree strongly	disagree strongly	10	agree strongly	helemaal niet waar	agree strongly	agree	disagree strongly	agree strongly	agree	disagree	disagree strongly	agree strongly	agree	agree	agree strongly	agree	agree strongly	agree strongly	disagree strongly	disagree strongly	disagree	disagree strongly	disagree strongly	disagree strongly	agree	agree strongly	agree strongly	disagree	disagree	disagree	agree	disagree strongly	disagree	agree strongly	disagree	disagree strongly	agree strongly	agree	agree strongly	70.9	66.5	73.7	1	10	6	Not Selected	State	0	1	low
121	girl	disagree strongly	disagree strongly	disagree	disagree	disagree	disagree strongly	disagree strongly	agree	disagree	disagree strongly	8	agree	een beetje waar	agree	agree	agree	agree	disagree	disagree	agree	agree	agree	agree strongly	agree strongly	disagree	agree	agree strongly	disagree	disagree strongly	agree	agree	agree strongly	agree	agree	agree	agree	agree	disagree	disagree	disagree	agree	agree	agree strongly	agree	agree	disagree	agree	agree	63.39	66.61	62.55	1	14	5	Selected	Catholic	1	0	low
119	boy	agree	disagree	agree	agree	disagree	agree	agree	agree	agree	agree	8	disagree strongly	niet echt waar	agree	disagree	disagree	agree	agree	disagree	agree strongly	disagree	agree	agree	disagree	disagree	disagree		disagree	agree	disagree	disagree	disagree	agree	agree	agree	disagree	disagree	agree	disagree	disagree	disagree strongly	disagree	agree	disagree	disagree strongly	disagree	agree strongly	disagree	64	66.86	69.2	1	9	4	Not Selected	State	0	1	low
122	boy	disagree strongly	agree strongly	disagree strongly	disagree strongly	disagree strongly	agree strongly	disagree strongly	agree	disagree	disagree strongly	9	agree strongly	helemaal niet waar	agree strongly	disagree	disagree strongly	agree strongly	disagree	disagree strongly	disagree strongly	agree strongly	agree	agree strongly	agree	disagree	agree	agree strongly	disagree	disagree strongly	agree strongly	agree	disagree strongly	disagree strongly	disagree strongly	disagree strongly	agree strongly	agree strongly	agree strongly	disagree strongly	disagree strongly	disagree strongly	agree	agree strongly	agree	disagree strongly	disagree strongly	disagree strongly	agree strongly	70.4	67.1	68.6	0	18	6	Not Selected	State	0	1	low
120	boy	disagree	disagree strongly	disagree	disagree strongly	disagree strongly	agree strongly	disagree strongly	agree strongly	agree strongly	agree	8	agree strongly	helemaal niet waar	disagree strongly	agree strongly	disagree strongly	agree strongly	disagree strongly	agree strongly	disagree strongly	agree strongly	agree	agree strongly	agree strongly	agree strongly	disagree	disagree strongly	agree	agree	disagree	disagree strongly	disagree strongly	disagree strongly	agree strongly	disagree	disagree	disagree	disagree	disagree	agree	disagree strongly	agree strongly	agree strongly	disagree	agree strongly	agree	agree strongly	disagree	79	67.6	73.6	1	2	5	Not Selected	State	0	1	low
129	girl	agree strongly	disagree strongly	agree	disagree	disagree strongly	disagree strongly	disagree strongly	agree strongly	agree strongly	agree	3	agree	helemaal waar	disagree	disagree	disagree strongly	disagree	disagree	disagree	agree	disagree	agree	agree strongly	agree strongly	disagree	agree	agree	disagree	agree strongly	agree	agree strongly	disagree strongly	agree	disagree	agree	disagree	disagree	disagree	disagree strongly	disagree	disagree	disagree	agree strongly	agree	agree	disagree	agree	agree	57.7	67.8	60.4	1	6	4	Selected	State	0	1	low
119	boy	agree strongly	disagree strongly	agree strongly	agree strongly	disagree strongly	agree strongly	disagree strongly	agree strongly	agree strongly	agree strongly	1	agree strongly	helemaal waar	agree strongly	agree	agree strongly	agree	disagree strongly	disagree	disagree	agree strongly	agree	agree strongly	agree strongly	disagree strongly	disagree strongly	agree strongly	disagree	disagree	agree	agree	agree	disagree strongly	disagree	disagree	agree strongly	agree strongly	agree	disagree strongly	agree	disagree strongly	disagree	agree	agree	disagree strongly	agree	agree	agree strongly	82	68	80	1	14	7	Not Selected	Catholic	1	0	low
119	boy	disagree strongly	agree strongly	disagree	disagree strongly	disagree	agree strongly		agree	disagree	disagree strongly	8	agree	helemaal waar	disagree	agree strongly	disagree strongly	agree strongly	disagree	agree strongly	agree	disagree	agree	disagree	agree	agree	agree	agree	disagree strongly	disagree	disagree	disagree strongly	disagree strongly	agree	disagree	agree	agree strongly	disagree	agree strongly	agree	agree strongly	agree	disagree strongly	agree strongly	agree	agree	agree strongly	agree	agree	84	68	79.3	1	17	7	Not Selected	Catholic	1	0	low
118	girl	disagree	agree	agree	agree	disagree strongly	disagree	disagree	disagree	disagree	agree	7	agree	helemaal niet waar	agree	agree	disagree strongly	agree	agree	agree	disagree strongly	agree strongly	agree	agree	agree strongly	agree	agree	agree strongly	disagree	disagree strongly	disagree	agree	disagree strongly	disagree strongly	agree	agree	agree strongly	agree	agree	disagree	agree	agree	disagree	agree strongly	agree	disagree strongly	disagree	disagree strongly	agree strongly	73	68	71.2	1	18	9	Selected	State	0	1	low
123	girl	agree strongly	disagree strongly	disagree strongly	agree strongly	disagree strongly	disagree	disagree strongly	agree strongly	agree strongly	agree strongly	6	agree strongly	helemaal niet waar	agree strongly	agree	disagree strongly	agree strongly	disagree	disagree	disagree strongly	agree strongly	agree	agree strongly	agree strongly	disagree	agree strongly	agree strongly	disagree	disagree	agree strongly	disagree	disagree strongly	disagree strongly	disagree	agree	agree strongly	agree strongly	agree strongly	disagree	agree	disagree strongly	agree	agree strongly	agree	agree strongly	agree	agree	agree strongly	75.36	68.39	70.75	1	2	5	Selected	Catholic	1	0	low
134	boy	agree	disagree	disagree strongly	disagree strongly	disagree strongly	agree strongly	disagree	disagree	disagree	disagree strongly	4	agree strongly	helemaal niet waar	agree strongly	disagree	disagree	disagree	disagree	disagree strongly	disagree strongly	agree	agree	agree strongly	agree	disagree strongly	disagree	agree strongly	disagree strongly	disagree	disagree	disagree	disagree strongly	disagree	disagree	disagree	disagree	disagree	disagree	disagree strongly	disagree strongly	disagree strongly	disagree	agree	agree	disagree strongly	disagree strongly	disagree strongly	disagree	66	68.43	67.67	0	10	6	Not Selected	State	0	1	low
125	boy	disagree	agree strongly	disagree strongly	agree strongly	agree strongly	agree strongly	agree	disagree strongly	disagree strongly	disagree strongly	10	agree strongly	helemaal niet waar	disagree strongly	agree	disagree strongly	agree	disagree strongly	disagree	disagree strongly	agree strongly	agree	agree strongly	agree strongly	disagree	agree	agree	disagree	disagree strongly	agree strongly	disagree strongly	disagree strongly	agree strongly	disagree strongly	agree	agree	agree	agree	disagree	disagree	agree	disagree strongly	agree strongly	agree	agree strongly	agree	disagree strongly	agree	79	68.5	75.5	1	6	5	Not Selected	State	0	1	low
129	boy	agree	disagree strongly	agree strongly	disagree	disagree	agree strongly	disagree strongly	disagree	agree	disagree strongly	8	agree strongly	helemaal niet waar	agree strongly	disagree	disagree strongly	disagree	agree	disagree	disagree strongly	agree	agree	disagree	agree strongly	agree	agree strongly	agree strongly	disagree	disagree	disagree	disagree	disagree strongly	disagree	agree	agree	agree	agree	disagree	disagree	disagree	disagree strongly	agree	agree strongly	disagree	disagree strongly	disagree	disagree	agree	70.6	68.6	69.6	1	15	7	Not Selected	Catholic	1	0	low
121	boy	disagree	disagree strongly	agree	disagree	disagree strongly	agree	disagree strongly	agree strongly	agree strongly	agree	8	disagree strongly	niet echt waar	agree strongly	disagree strongly	agree	agree strongly	agree strongly	disagree	agree strongly	disagree strongly	agree	agree strongly	agree	agree	agree strongly	agree strongly	disagree	disagree strongly	agree	disagree	disagree strongly	agree	agree	agree	agree	disagree	agree	disagree	disagree	agree	disagree strongly	agree	disagree	disagree strongly	disagree	agree strongly	disagree	69	69	73.2	1	10	6	Not Selected	State	0	1	low
130	girl	disagree	agree strongly	agree	disagree	disagree	agree strongly	agree	disagree	agree	disagree	9	agree strongly	helemaal niet waar	agree	agree	disagree strongly	agree	disagree	disagree	disagree strongly	disagree	agree	agree	agree strongly	disagree	disagree	agree strongly	disagree	disagree strongly	agree	disagree	disagree strongly	disagree strongly	disagree	agree	agree	agree	agree	disagree	disagree	disagree strongly	agree	agree strongly	agree strongly	disagree strongly	disagree	agree	agree strongly	78	69.3	74.4	1	8	5	Selected	Catholic	1	0	low
124	girl	disagree	agree	agree	disagree strongly	disagree	disagree strongly	agree	disagree	disagree strongly	disagree strongly	9	agree strongly	helemaal niet waar	agree	disagree	disagree strongly	agree	disagree	disagree strongly	disagree	agree	agree	agree strongly	agree strongly	disagree	disagree	agree	disagree	disagree strongly	agree	agree	disagree strongly	disagree	disagree	agree	agree	agree	disagree	disagree	disagree strongly	disagree	agree	agree strongly	disagree	disagree	disagree	agree	disagree	68.1	69.7	69.7	1	15	4	Selected	Catholic	1	0	low
121	girl	agree	agree strongly	agree strongly	disagree	disagree strongly	agree	agree	disagree	disagree strongly	disagree strongly	10	disagree	een beetje waar	agree strongly	agree	disagree strongly	disagree	disagree strongly	disagree strongly	agree	agree strongly	agree	agree strongly	agree	disagree	disagree	agree strongly	disagree	disagree	agree strongly	disagree strongly	disagree strongly	disagree	disagree	disagree strongly	disagree	agree	agree	disagree	agree	disagree strongly	agree	agree	agree strongly	disagree strongly	agree	agree strongly	disagree	82.1	69.7	75	1	17	8	Selected	State	0	1	low
133	boy	disagree	agree	agree strongly	agree	disagree strongly	agree strongly	disagree	disagree	agree strongly	disagree	6	agree strongly	een beetje waar	disagree strongly	disagree	disagree strongly	agree strongly	disagree	agree	disagree strongly	agree strongly	agree	agree strongly	agree strongly	disagree	agree strongly	agree	disagree	disagree strongly	agree strongly	agree	disagree strongly	disagree strongly	disagree	agree	agree strongly	disagree	disagree	disagree	disagree	disagree strongly	agree	agree strongly	disagree	agree strongly	disagree	agree	agree	71	70	73	1	10	4	Not Selected	State	0	1	low
124	boy	agree strongly	disagree strongly	agree strongly	agree strongly	disagree strongly	agree	disagree strongly	agree strongly	agree strongly	agree strongly	1	agree strongly	helemaal niet waar	agree strongly	disagree strongly	disagree strongly	agree strongly	agree	disagree	disagree strongly	agree strongly	agree	agree strongly	agree strongly	agree	disagree	agree	disagree	disagree strongly	agree	agree	disagree strongly	disagree strongly	agree	disagree	agree strongly	agree	agree	disagree	disagree	disagree	disagree strongly	agree strongly	disagree	disagree strongly	disagree	disagree	agree	78.1	70	76.6	1	8	5	Not Selected	State	0	1	low
130	boy	disagree	agree	disagree	disagree strongly	disagree strongly	agree strongly	agree	disagree strongly	agree	disagree strongly	8	agree strongly	helemaal niet waar	disagree strongly	agree	disagree strongly	agree	agree	agree strongly	disagree strongly	agree strongly	agree	agree strongly	agree strongly	agree strongly	agree	disagree	disagree	agree	agree	agree	disagree strongly	disagree strongly	agree	disagree strongly	agree	agree	agree strongly	agree	agree	disagree strongly	disagree strongly	agree strongly	disagree strongly	disagree strongly	agree	disagree strongly	disagree	72	70	71	0	10	6	Not Selected	State	0	1	low
159	boy	agree strongly	agree strongly	agree strongly	disagree	disagree strongly	agree strongly	disagree	agree	disagree strongly	disagree strongly	9	agree strongly	een beetje waar	agree strongly	disagree	disagree strongly	agree strongly	agree	disagree	agree	agree	agree	agree strongly	agree	disagree	agree strongly	agree strongly	disagree	disagree strongly	disagree	agree	disagree strongly	disagree	agree strongly	agree strongly	agree	agree	disagree	disagree	disagree	disagree strongly	agree strongly	agree	disagree strongly	disagree strongly	disagree	agree	agree	40.3	70	67.1	1	16	8	Not Selected	COE	0	0	low
126	girl	agree	disagree	disagree	disagree strongly	agree	agree strongly	agree	disagree	disagree strongly	disagree strongly	8	agree	een beetje waar	disagree strongly	disagree	disagree strongly	disagree	disagree	disagree	disagree strongly	disagree	agree	agree strongly	agree	disagree	agree	disagree	disagree strongly	agree	disagree	agree	disagree strongly	disagree	disagree	agree	disagree	disagree strongly	disagree	disagree	disagree strongly	disagree	agree strongly	agree strongly	disagree	agree	disagree	agree	disagree	68	70	68.8	1	0	6	Selected	Catholic	1	0	low
130	girl	agree	agree strongly	disagree strongly	disagree	disagree	agree strongly	disagree	agree	agree	disagree strongly	10	agree strongly	helemaal niet waar	agree	agree	disagree strongly	agree strongly	disagree	disagree	disagree	agree	agree	agree	agree strongly	disagree	agree	agree strongly	disagree	disagree strongly	agree	disagree	disagree strongly	disagree	disagree	agree	disagree strongly	disagree strongly	disagree	disagree	agree	disagree	agree	agree	agree	disagree	agree	disagree	disagree	71	70	74.2	1	12	10	Selected	State	0	1	low
119	boy	agree	agree strongly	disagree	disagree strongly	agree	agree strongly	agree strongly	disagree	disagree strongly	agree strongly	9	agree strongly	helemaal niet waar	agree	disagree	disagree strongly	disagree	disagree	disagree strongly	disagree strongly	agree	agree	disagree strongly	agree strongly	disagree	disagree	agree	disagree strongly	disagree strongly	agree	agree	disagree strongly	agree	disagree	disagree	agree	disagree	agree	disagree	disagree strongly	disagree strongly	agree	agree strongly	agree	disagree strongly	disagree	disagree strongly	disagree	75.4	70.1	80.7	1	14	8	Not Selected	Catholic	1	0	low
126	girl	agree strongly	agree	agree	agree	agree strongly	agree strongly	disagree strongly	agree	agree	agree	5	agree strongly	een beetje waar	agree	disagree	disagree	agree strongly	disagree	disagree	agree	disagree	agree	agree strongly	disagree	disagree strongly	agree strongly	agree strongly	disagree strongly	disagree strongly	disagree	agree		agree	disagree	agree	agree	disagree strongly	disagree	disagree strongly	disagree	agree	agree	agree strongly	agree	agree	disagree	agree strongly	agree	77.12	70.25	73.56	1	14	7	Selected	State	0	1	low
124	boy	agree	disagree	agree	disagree	disagree strongly	agree strongly	disagree strongly	agree strongly	agree strongly	agree	6	agree strongly	helemaal niet waar	disagree strongly	disagree	agree	disagree strongly	agree	disagree	agree	agree strongly	agree	disagree	disagree	disagree	disagree	agree	disagree	agree strongly	disagree	agree	disagree strongly	disagree	disagree	disagree	disagree	agree strongly	agree	agree strongly	disagree	disagree strongly	disagree strongly	disagree	disagree	disagree strongly	disagree strongly	agree	disagree strongly	82.54	70.78	78.5	1	7	6	Not Selected	State	0	1	low
122	boy	agree	agree	agree	agree	disagree	agree strongly	disagree	disagree	disagree strongly	disagree strongly	10	agree strongly	helemaal niet waar	agree strongly	agree	disagree strongly	agree strongly	disagree	disagree	disagree strongly	agree strongly	agree	agree strongly	agree strongly	disagree	agree	agree strongly	disagree	disagree strongly	agree strongly	disagree strongly	disagree strongly	disagree strongly	agree	agree	agree	agree strongly	agree strongly	disagree	agree	agree	disagree strongly	agree strongly	agree	disagree strongly	agree	disagree strongly	agree strongly	78	71	78.8	1	0	2	Not Selected	State	0	1	low
120	boy	disagree strongly	agree	agree	disagree	disagree	agree	agree	agree	disagree strongly	disagree strongly	7	agree strongly	helemaal niet waar	agree strongly	agree	disagree strongly	agree strongly	disagree	disagree	disagree strongly	agree strongly	agree	agree strongly	agree strongly	agree	disagree	agree strongly	disagree	disagree strongly	agree	disagree	disagree strongly	disagree strongly	agree	agree strongly	agree		agree	disagree	disagree	disagree strongly	disagree strongly	agree strongly	disagree	disagree strongly	disagree	disagree strongly	disagree strongly	65	71	70	1	15	8	Not Selected	COE	0	0	low
123	girl	disagree strongly	agree	agree	agree strongly	disagree	agree strongly	agree	disagree	disagree strongly	disagree	8	agree strongly	een beetje waar	agree	disagree	disagree	agree	disagree	disagree	disagree strongly	agree	agree	agree strongly	agree strongly	agree	disagree strongly	agree	disagree	disagree	disagree	agree	disagree strongly	disagree	agree	disagree	agree	agree	disagree	disagree	disagree	agree	agree	agree strongly	agree	disagree	disagree	disagree strongly	agree	76.7	71	73.3	1	10	6	Selected	State	0	1	low
120	girl	disagree strongly	agree strongly	disagree	agree strongly	agree strongly	agree strongly	agree strongly	disagree	disagree	disagree	10	agree strongly	helemaal waar	agree	agree	disagree strongly	agree strongly	disagree	disagree	disagree	agree strongly	agree	agree strongly	disagree strongly	disagree	disagree strongly	agree strongly	disagree	agree strongly	agree	agree	disagree strongly	agree strongly	disagree	disagree strongly	disagree	agree	agree	disagree	disagree	disagree strongly	disagree strongly	agree strongly	disagree	disagree strongly	disagree	agree	agree	70.3	71.1	78.9	0	16	10	Selected	State	0	1	low
119	boy	agree strongly	disagree strongly	agree strongly	agree	disagree strongly	agree	disagree strongly	agree strongly	agree strongly	agree	4	agree strongly	een beetje waar	agree	disagree strongly	disagree strongly	agree strongly	disagree strongly	disagree strongly	disagree strongly	agree strongly	agree	agree	agree strongly	disagree	disagree strongly	agree strongly	disagree strongly	disagree strongly	agree strongly	agree	disagree strongly	disagree strongly	disagree	agree	agree strongly	disagree strongly	disagree	disagree strongly	disagree strongly	disagree strongly	disagree strongly	agree strongly	agree	disagree strongly	disagree strongly	disagree	disagree	69.7	71.6	70.7	1	10	6	Not Selected	State	0	1	low
120	boy	agree strongly	disagree strongly	agree strongly	agree strongly	disagree strongly	disagree	disagree strongly	agree	disagree strongly	agree strongly	2	disagree strongly	helemaal niet waar	disagree strongly	disagree strongly	disagree strongly	disagree strongly	disagree	disagree	disagree strongly	disagree strongly	agree	agree strongly	disagree strongly	disagree strongly	disagree strongly	agree strongly	disagree strongly	agree strongly	agree	agree strongly	disagree strongly	disagree strongly	disagree strongly	agree	disagree strongly	disagree strongly	disagree strongly	disagree strongly	disagree strongly	disagree strongly	agree	agree strongly	agree strongly	disagree strongly	disagree strongly	agree strongly	disagree strongly	75	71.7	74	0	10	6	Not Selected	State	0	1	low
121	girl	disagree strongly	agree strongly	disagree	disagree strongly	agree	disagree strongly	agree	disagree strongly	disagree strongly	disagree strongly	7	agree strongly	een beetje waar	agree	disagree	disagree strongly	agree	disagree	disagree	agree strongly	agree	agree	agree	agree strongly	agree strongly	disagree	agree strongly	disagree	disagree strongly	agree	agree	disagree strongly	agree	disagree	disagree	agree	agree	agree	disagree	disagree	disagree strongly	disagree	agree strongly	agree	disagree strongly	disagree	agree	agree	61.5	71.9	68.8	0	0	4	Selected	State	0	1	low
120	boy	disagree strongly	agree	disagree strongly	disagree strongly	disagree	agree strongly	agree	agree strongly	agree strongly	disagree strongly	5	agree strongly	helemaal niet waar	agree strongly	disagree	disagree strongly	agree strongly	disagree	disagree	disagree strongly	agree strongly	agree	agree strongly	agree strongly	agree	disagree strongly	agree strongly	disagree	disagree strongly	agree strongly	disagree strongly	disagree strongly	disagree strongly	agree	disagree strongly	agree	disagree	agree	disagree	disagree strongly	disagree strongly	disagree strongly	agree strongly	agree	disagree strongly	disagree	agree	agree	71	72	76	1	8	4	Not Selected	State	0	1	low
122	boy	agree strongly	disagree strongly	agree strongly	agree strongly	disagree strongly	agree strongly	disagree strongly	agree strongly	agree	disagree strongly	0	disagree	niet echt waar	agree	disagree	agree	disagree	disagree strongly	disagree strongly	agree strongly	disagree strongly	agree	disagree strongly	disagree strongly	disagree	agree strongly	agree strongly	disagree strongly	disagree strongly	disagree strongly	disagree	agree	agree strongly	disagree	agree strongly	disagree	disagree strongly	disagree	disagree	disagree	disagree	agree strongly	disagree strongly	agree strongly	agree	disagree	agree strongly	disagree	83	72	78.5	1	12	4	Not Selected	State	0	1	low
129	boy	agree strongly	disagree strongly	agree strongly	agree strongly	agree strongly	disagree strongly	disagree strongly	agree strongly	agree strongly	agree strongly	0	agree strongly	helemaal waar	disagree	disagree	agree	agree strongly	disagree	disagree	disagree strongly	agree	agree	agree	agree	disagree	agree	disagree strongly	disagree	disagree strongly	agree	agree	disagree	agree	disagree	agree	agree strongly	disagree	agree	disagree	disagree	agree	agree	agree	agree	agree	disagree	agree	agree strongly	80.5	72	80.5	1	14	8	Not Selected	COE	0	0	low
124	boy	disagree	agree	agree strongly	disagree	agree strongly	agree	disagree strongly	agree strongly	agree strongly	disagree	5	agree strongly	helemaal niet waar	agree strongly	disagree	disagree	agree	agree	disagree	agree	agree	agree	agree strongly	disagree	disagree	agree strongly	disagree	disagree	agree	agree	disagree strongly	disagree strongly	disagree	disagree strongly	agree	agree	agree	disagree	disagree	disagree strongly	disagree	disagree	agree	agree	disagree strongly	disagree	disagree	disagree	78	72	75	1	16	8	Not Selected	COE	0	0	low
128	girl	disagree strongly	agree strongly	agree strongly	agree strongly	agree strongly	agree strongly	agree strongly	disagree strongly	disagree strongly	disagree strongly	7	agree strongly	helemaal niet waar	agree strongly	disagree	disagree strongly	agree strongly	disagree	disagree	disagree strongly	agree strongly	agree	agree strongly	agree strongly	disagree	disagree strongly	agree	disagree	disagree strongly	agree strongly	agree	disagree strongly	disagree strongly	agree	agree	agree	agree	agree	disagree	disagree	agree	agree	agree strongly	agree	disagree strongly	disagree	disagree	disagree strongly	70	72.5	70.8	1	3	6	Selected	Catholic	1	0	low
125	boy	agree strongly	disagree strongly	agree strongly	agree	disagree strongly	agree	disagree strongly	agree strongly	agree strongly	disagree	1	agree strongly	niet echt waar	agree strongly	disagree	disagree	agree	disagree	disagree	disagree strongly	agree	agree	agree	agree strongly	agree	disagree strongly	agree strongly	disagree	disagree strongly	agree	agree	disagree strongly	disagree	agree	disagree	agree	agree strongly	agree	disagree	disagree	disagree	disagree	agree strongly	disagree	disagree strongly	disagree	disagree strongly	agree	85	73	82.2	1	10	6	Not Selected	State	0	1	low
121	girl	disagree strongly	agree	disagree strongly	disagree	agree	agree strongly	disagree	disagree strongly	disagree strongly	disagree strongly	10	agree	helemaal niet waar	disagree	agree	disagree strongly	disagree	agree	disagree	disagree strongly	agree strongly	agree	disagree	agree	agree	disagree	agree strongly	disagree	disagree	disagree	disagree	disagree strongly	disagree	agree	disagree	disagree	disagree	disagree	disagree	disagree	agree	agree	agree	disagree	disagree strongly	disagree	disagree	disagree	80	73	78.8	1	15	8	Selected	State	0	1	low
123	boy	agree strongly	disagree	disagree strongly	agree strongly	disagree	agree strongly	disagree strongly	agree strongly	agree	disagree strongly	0	agree strongly	helemaal niet waar	agree strongly	disagree	disagree strongly	agree strongly	disagree strongly	disagree strongly	disagree strongly	agree strongly	agree	agree strongly	agree strongly	disagree	agree strongly	agree strongly	disagree	agree	disagree	agree strongly	disagree strongly	disagree strongly	disagree strongly	disagree strongly	disagree	disagree strongly	disagree strongly	disagree strongly	disagree strongly	disagree strongly	agree strongly	agree strongly	agree strongly	disagree strongly	disagree	agree	disagree	68	73.5	77.8	1	10	6	Not Selected	State	0	1	low
126	boy	disagree strongly	agree strongly	agree	disagree strongly	disagree	agree strongly	agree strongly	disagree strongly	disagree	disagree strongly	10	agree strongly	helemaal niet waar	disagree strongly	agree	disagree strongly	disagree	disagree strongly	disagree	disagree strongly	agree strongly	agree	agree strongly	agree strongly	disagree	agree	disagree	disagree strongly	disagree strongly	disagree	agree	disagree strongly	disagree strongly	disagree	agree	agree strongly	agree	agree	disagree	disagree strongly	agree	agree strongly	agree strongly	agree	agree	agree	disagree strongly	agree	88.5	73.5	81.7	1	14	7	Not Selected	Catholic	1	0	low
124	boy	agree	agree	agree	agree	disagree	agree strongly	agree	disagree	disagree strongly	agree strongly	9	agree	een beetje waar	agree strongly	agree	disagree strongly	agree	agree	disagree strongly	agree	agree	agree	disagree	agree strongly	disagree	agree	agree strongly	disagree	agree	agree strongly	agree	disagree strongly	disagree	disagree	agree strongly	agree	agree	agree	disagree	agree	agree	agree strongly	agree strongly	disagree	disagree strongly	agree	disagree strongly	disagree	78	73.6	79	1	2	2	Not Selected	State	0	1	low
128	boy	disagree	agree	disagree	disagree strongly	disagree	agree strongly	agree	disagree	agree	disagree strongly	10	agree strongly	helemaal niet waar	disagree	agree strongly	disagree strongly	disagree	disagree	agree	disagree strongly	agree strongly	agree	agree	agree strongly	agree	agree	agree	disagree	disagree	agree	agree	disagree strongly	disagree strongly	agree	disagree	agree	agree	agree	agree	agree	disagree	disagree	agree strongly	disagree	disagree	agree	agree	agree	77	74	76.8	1	8	5	Not Selected	State	0	1	low
137	boy	disagree	disagree	agree	disagree strongly	disagree strongly	agree strongly	disagree	agree	agree	disagree strongly	8	agree strongly	een beetje waar	agree	disagree	disagree	agree	disagree	disagree	disagree strongly	agree	agree	agree	agree	disagree	agree	agree strongly	disagree	agree	agree	disagree	disagree strongly	disagree	disagree	agree	disagree	disagree	agree	disagree	disagree	agree	agree	agree strongly	agree	agree	disagree	agree	agree	70.5	74	72.4	1	6	6	Not Selected	State	0	1	low
120	girl	disagree	agree	agree strongly	disagree strongly	disagree strongly	agree strongly	disagree	agree	agree	disagree strongly	6	agree	niet echt waar	agree	disagree strongly	disagree strongly	disagree	disagree	disagree	disagree	agree	agree	agree	agree	agree	agree strongly	agree	disagree	disagree strongly	agree strongly	agree strongly	disagree strongly	agree	disagree	agree	disagree	disagree	agree	disagree	disagree strongly	agree	disagree	agree strongly	agree	disagree	disagree	agree	disagree	78.8	74.3	76.7	1	2	4	Selected	State	0	1	low
128	girl	disagree	disagree	agree strongly	disagree strongly	disagree strongly	agree strongly	disagree strongly	disagree strongly	agree strongly	disagree strongly	1	agree strongly	helemaal waar	agree	disagree	disagree strongly	agree	disagree	disagree	disagree strongly	agree strongly	agree	agree strongly	agree strongly	disagree	disagree strongly	disagree	disagree	disagree strongly	agree strongly	agree	disagree strongly	disagree strongly	disagree	disagree strongly	agree	agree	agree	disagree	disagree	disagree strongly	agree	agree strongly	agree	disagree	disagree	disagree strongly	agree	83.6	74.8	82.1	1	15	7	Selected	State	0	1	low
119	boy	disagree	disagree	agree	disagree	disagree strongly	agree	disagree strongly	disagree strongly	disagree strongly	disagree strongly	8	agree strongly	helemaal niet waar	agree strongly	agree	disagree strongly	agree strongly	disagree strongly			disagree strongly	agree	agree strongly	agree strongly	disagree		agree strongly	disagree strongly	disagree strongly	disagree strongly	disagree strongly	disagree strongly	disagree strongly	disagree	agree	agree strongly	agree	agree	disagree	agree	disagree strongly		agree strongly	agree	disagree strongly	agree	disagree strongly	agree	70	75	75.2	1	18	4	Not Selected	State	0	1	low
120	boy	disagree	agree	agree	disagree	disagree	agree strongly	agree	disagree	disagree strongly	disagree	8	agree	helemaal niet waar	disagree	agree	agree strongly	agree	disagree	agree	disagree strongly	agree strongly	agree	disagree	agree	disagree	disagree	agree strongly	disagree	agree	disagree	agree	disagree strongly	disagree strongly	agree	agree	disagree	disagree	agree	disagree	disagree	disagree	agree	agree	disagree	disagree	disagree	disagree	disagree	76.5	75	76	1	16	10	Not Selected	COE	0	0	low
136	girl	agree	disagree strongly	disagree	disagree strongly	disagree strongly	agree strongly	disagree strongly	agree strongly	disagree strongly	disagree strongly	1	agree	een beetje waar	agree strongly	agree strongly	disagree strongly	agree strongly	disagree	disagree	agree	agree strongly	agree	agree strongly	agree strongly	disagree	agree	agree strongly	disagree	disagree strongly	agree	disagree strongly	disagree strongly	disagree strongly	disagree	disagree	agree	agree strongly	agree strongly	disagree	agree	disagree strongly	agree	agree strongly	disagree	disagree strongly	disagree	disagree strongly	agree	76.6	75	75.8	0	11	6	Selected	State	0	1	low
119	girl	disagree strongly	agree strongly	disagree	disagree strongly	agree	agree strongly	agree	disagree	agree strongly	disagree strongly	10	agree strongly	een beetje waar	disagree	agree strongly	agree strongly	disagree	disagree strongly	disagree	disagree strongly	agree strongly	agree	agree strongly	agree	disagree	agree	agree strongly	agree	disagree strongly	disagree strongly	disagree	disagree strongly	agree	disagree	agree strongly	agree strongly	disagree	agree	agree	agree	disagree strongly	agree strongly	agree strongly	agree strongly	disagree	agree	agree strongly	agree strongly	80	75	78	1	16	7	Selected	State	0	1	low
122	girl	disagree	agree	disagree	disagree strongly	agree	agree strongly	agree	disagree	disagree	disagree strongly	6	agree	helemaal niet waar	agree strongly	disagree	disagree	disagree	agree	disagree	agree	agree	agree	agree	agree strongly	agree	agree	agree strongly	disagree	disagree	disagree	agree	disagree strongly	disagree	agree	disagree	agree	agree	agree	agree	disagree	disagree strongly	agree	agree	disagree	disagree strongly	disagree	agree	disagree	71.5	75.5	73.5	1	10	7	Selected	State	0	1	low
136	girl	disagree strongly	disagree strongly	disagree	disagree strongly	disagree strongly	agree strongly	agree strongly	disagree	disagree	disagree strongly	10	agree strongly	een beetje waar	agree strongly	agree	disagree strongly	agree strongly	disagree	disagree	disagree strongly	agree strongly	agree	agree strongly	agree strongly	disagree	agree	agree strongly	agree	disagree strongly	agree strongly	agree	disagree strongly	agree	agree	agree	agree strongly	agree	agree	agree	agree	agree	agree	agree strongly	agree	disagree strongly	agree	agree	agree strongly	87.3	75.6	81.9	1	0	6	Selected	Catholic	1	0	low
124	girl	agree	disagree	disagree	agree	disagree	agree	disagree	agree	disagree	disagree strongly	8	agree	helemaal niet waar	agree strongly	agree	disagree strongly	agree	disagree	disagree	disagree strongly	agree	agree	agree strongly	agree strongly	disagree	agree	agree strongly	disagree	agree	agree	disagree	disagree strongly	disagree	disagree	agree	disagree	disagree	agree	agree	agree	disagree	agree	agree strongly	disagree	disagree strongly	agree	agree	disagree	72.5	75.7	75.2	1	7	5	Selected	Catholic	1	0	low
123	girl	agree	disagree	agree	disagree	disagree strongly	agree	disagree	agree strongly	disagree strongly	agree	4	disagree	helemaal niet waar	disagree	disagree	disagree strongly	agree strongly	disagree strongly	disagree strongly	disagree strongly	agree strongly	agree	agree strongly	agree strongly	disagree strongly	agree strongly	agree	disagree strongly	agree	disagree	disagree	disagree strongly	disagree strongly	disagree	agree	disagree strongly	disagree strongly	disagree	disagree strongly	disagree	agree	disagree	agree strongly	disagree	disagree	disagree	disagree strongly	disagree strongly	75.3	75.8	77.8	0	8	6	Selected	Catholic	1	0	low
122	girl	disagree strongly	disagree	agree strongly	disagree strongly	agree strongly	agree strongly	agree strongly	disagree strongly	disagree strongly	disagree strongly	10	agree strongly	helemaal niet waar	agree strongly	agree	disagree strongly	agree strongly	agree	disagree	disagree strongly	agree strongly	agree	agree strongly	agree strongly	agree strongly	agree strongly	agree strongly	agree	disagree strongly	agree strongly	disagree strongly	disagree strongly	agree strongly	agree	disagree strongly	agree strongly	agree	agree strongly	agree strongly	agree strongly	disagree strongly	disagree strongly	agree strongly	disagree strongly	disagree strongly	agree strongly	disagree strongly	agree strongly	71.5	76.2	73.2	1	0	8	Selected	Catholic	1	0	low
122	girl	agree strongly	disagree	disagree	agree	disagree strongly	agree strongly	disagree	disagree strongly	disagree	disagree strongly	9	agree strongly	helemaal niet waar	disagree strongly	agree	disagree strongly	agree	disagree	disagree	disagree strongly	agree strongly	agree	agree strongly	agree strongly	disagree	disagree strongly	disagree	disagree strongly	disagree strongly	agree	disagree	disagree strongly	disagree strongly	agree	agree	agree	agree	agree	disagree	disagree	disagree	disagree	agree strongly	disagree	disagree	agree	disagree	agree	82	77	81	1	6	5	Selected	Catholic	1	0	low
129	boy	agree	disagree	disagree	agree	agree strongly	agree strongly	disagree	agree	agree	disagree		agree	niet echt waar	agree strongly	disagree	disagree strongly	disagree	agree	disagree	disagree strongly	disagree	agree	agree	agree	agree	disagree	agree strongly	disagree	disagree strongly	disagree	agree	disagree strongly	agree	agree	agree	disagree	disagree	disagree	disagree	disagree	disagree	agree	disagree	disagree strongly	disagree	disagree	agree strongly	agree	81.31	77.14	80.81	1	16	4	Not Selected	State	0	1	low
129	boy	agree strongly	agree	agree strongly	disagree	disagree strongly	disagree	disagree strongly	agree strongly	agree strongly	disagree	5	agree	helemaal niet waar	agree strongly	disagree	disagree strongly	agree	disagree	disagree	agree	disagree	agree	disagree	agree	disagree	disagree	agree strongly	disagree	disagree	agree	agree strongly	disagree strongly	agree	disagree	agree strongly	disagree	disagree	agree	disagree	disagree	agree strongly	agree	agree strongly	agree strongly	disagree strongly	disagree	agree strongly	agree	85	77.5	80.8	1	18	6	Not Selected	State	0	1	low
129	boy	disagree strongly	disagree strongly	agree strongly	agree strongly	disagree strongly	agree strongly	disagree strongly	agree strongly	agree strongly	disagree	3	agree strongly	helemaal niet waar	agree strongly	agree	disagree strongly	agree strongly	disagree	disagree	disagree strongly	agree strongly	agree	agree strongly	agree strongly	disagree	disagree strongly	agree strongly	disagree	disagree strongly	agree strongly	disagree strongly	disagree strongly	disagree strongly	disagree strongly	disagree strongly	agree strongly	agree	agree	disagree	agree	disagree strongly	agree	agree strongly	agree	disagree strongly	agree	disagree strongly	agree	91.5	77.5	86.7	0	10	6	Not Selected	State	0	1	low
130	girl	agree strongly	disagree strongly	agree strongly	agree	disagree strongly	agree strongly	disagree	agree	disagree	disagree	7	agree strongly	een beetje waar	disagree	agree strongly	agree strongly	agree	disagree strongly	disagree	disagree strongly	disagree	agree	disagree	agree strongly	disagree	disagree	agree strongly	disagree	disagree	disagree	disagree strongly	disagree strongly	agree	disagree	disagree	agree	disagree	disagree	disagree	agree strongly	agree	disagree	agree strongly	agree strongly	agree	agree	agree	disagree	96	77.5	86.5	1	8	5	Selected	Catholic	1	0	low
129	girl	disagree	agree	agree strongly	agree strongly	agree	agree strongly	agree	disagree	disagree strongly	disagree	8	agree strongly	helemaal niet waar	disagree strongly	agree	disagree strongly	agree	disagree	disagree	disagree	agree	agree	agree strongly	agree strongly	disagree	agree	disagree	disagree	disagree strongly	agree	disagree	disagree strongly	disagree strongly	disagree	disagree	agree strongly	disagree	agree	disagree	disagree	disagree strongly	disagree strongly	agree strongly	agree	disagree	disagree strongly	agree	agree	84.1	77.5	81	1	18	7	Selected	Catholic	1	0	low
124	girl	agree	agree strongly	disagree	disagree strongly	agree	agree strongly	agree	disagree strongly	disagree strongly	disagree strongly	9	agree strongly	helemaal niet waar	disagree	disagree	disagree strongly	agree	disagree	disagree	disagree strongly	agree strongly	agree	agree strongly	agree	agree	disagree strongly	agree	disagree	disagree strongly	agree	agree	disagree strongly	disagree strongly	disagree	agree	agree strongly	agree strongly	agree	agree	disagree	agree	agree	agree strongly	disagree	agree	disagree	disagree strongly	agree strongly	73.5	77.5	76	1	18	8	Selected	State	0	1	low
121	boy	agree	agree	agree	disagree strongly	disagree strongly	agree	disagree	agree	agree	disagree strongly	8	agree strongly	helemaal niet waar	agree	disagree	disagree strongly	agree	disagree	disagree	disagree strongly	agree strongly	agree	agree	agree strongly	disagree	agree	agree strongly	disagree	disagree strongly	agree strongly	agree	disagree strongly	disagree strongly	disagree	disagree strongly	agree	agree strongly	disagree	disagree	disagree strongly	disagree	agree	agree	agree	disagree strongly	disagree	disagree	disagree	84.5	78	84	1	4	4	Not Selected	State	0	1	low
124	girl	disagree strongly	agree strongly	agree	disagree strongly	agree strongly	agree strongly	agree strongly	disagree strongly	disagree strongly	disagree strongly	7	agree	een beetje waar	disagree	agree	disagree strongly	disagree	disagree strongly	disagree	agree strongly	disagree strongly	agree	disagree	disagree	disagree strongly	agree strongly	agree strongly	disagree strongly	agree	disagree strongly	disagree	disagree strongly	agree	disagree strongly	agree strongly	disagree	disagree strongly	disagree strongly	disagree strongly	disagree strongly	disagree	agree strongly	agree strongly	agree strongly	disagree strongly	disagree	agree strongly	disagree	82	78	81	1	12	6	Selected	COE	0	0	low
120	girl	agree	disagree	disagree	disagree strongly	disagree strongly	agree strongly	disagree	agree	agree	disagree strongly	6	agree strongly	helemaal niet waar	agree	agree	disagree strongly	agree	disagree strongly	agree	disagree strongly	agree	agree	agree	agree strongly	agree	disagree strongly	agree	disagree	disagree strongly	disagree	disagree	disagree strongly	disagree strongly	disagree	disagree strongly	agree	agree	disagree	disagree	disagree	disagree strongly	disagree	agree strongly	agree	disagree strongly	disagree	disagree strongly	disagree	80.47	78.06	79.77	1	13	8	Selected	Catholic	1	0	low
124	boy	agree strongly	disagree strongly	agree	agree strongly	disagree strongly	agree strongly	disagree strongly	agree strongly	agree strongly	agree strongly	0	agree strongly	helemaal niet waar	agree	agree	agree	agree strongly	disagree	disagree	disagree strongly	agree strongly	agree	agree strongly	agree strongly	disagree	agree strongly	agree strongly	disagree	agree	agree strongly	agree strongly	disagree strongly	disagree strongly	disagree	agree	agree strongly	disagree	agree strongly	disagree strongly	disagree strongly	agree strongly	agree	agree strongly	agree	disagree strongly	disagree strongly	agree strongly	agree strongly	70.4	78.3	76.6	1	4	4	Not Selected	State	0	1	low
126	boy	disagree	agree	disagree strongly	disagree	disagree strongly	agree strongly	agree	agree	agree	disagree strongly	9	agree strongly	helemaal niet waar	agree	disagree	disagree strongly	agree	disagree	disagree	disagree strongly	agree	agree	agree strongly	agree strongly	agree	agree	agree strongly	disagree	disagree strongly	disagree	disagree	disagree strongly	disagree	agree	agree	agree strongly	disagree	agree	disagree	disagree	disagree strongly	disagree strongly	agree strongly	disagree	disagree strongly	disagree	disagree	agree	79.7	78.3	78.8	1	6	4	Not Selected	State	0	1	low
129	boy	disagree	agree strongly	disagree	disagree strongly	agree strongly	agree strongly	agree	agree	agree	disagree strongly	9	agree strongly	helemaal niet waar	agree strongly	agree	disagree strongly	disagree	agree	agree	disagree strongly	agree strongly	agree	agree strongly	agree strongly	disagree	agree	agree strongly	disagree	disagree strongly	agree strongly	agree	disagree strongly	disagree strongly	disagree	disagree strongly	disagree	agree	agree	agree	agree	disagree	disagree	agree strongly	agree	disagree strongly	agree	disagree strongly	disagree	75.8	78.5	78.5	1	10	6	Not Selected	State	0	1	low
119	girl	disagree strongly	agree strongly	disagree strongly	disagree strongly	agree strongly	agree strongly	agree strongly	disagree strongly	disagree strongly	disagree strongly	8	agree strongly	helemaal niet waar	agree	agree strongly	disagree strongly	agree	disagree	disagree strongly	disagree	agree strongly	agree	agree strongly	agree strongly	disagree	disagree	agree strongly	agree	disagree strongly	agree	disagree	disagree strongly	disagree strongly	agree	disagree	agree	agree	agree	agree	agree strongly	disagree	agree	agree strongly	agree	disagree	agree strongly	disagree strongly	agree	87	78.5	84.3	1	10	6	Selected	State	0	1	low
130	girl	disagree strongly	agree strongly	disagree	agree	agree	agree strongly	agree strongly	disagree strongly	disagree strongly	disagree strongly	10	agree strongly	een beetje waar	disagree strongly	disagree	disagree strongly	disagree	disagree strongly	disagree strongly	disagree	disagree	agree	disagree	agree strongly	disagree strongly	disagree	agree	disagree strongly	agree	disagree	agree strongly	disagree strongly	disagree strongly	disagree strongly	disagree	disagree	disagree	disagree strongly	disagree strongly	disagree strongly	disagree	agree strongly	agree strongly	agree	agree	disagree strongly	agree	disagree strongly	83.75	78.5	81.8	1	15	9	Selected	State	0	1	low
120	girl	disagree	agree strongly	agree	agree strongly	agree strongly	agree	agree strongly	disagree strongly	disagree strongly	disagree strongly	10	agree strongly	niet echt waar	disagree	agree strongly	agree strongly	agree strongly	disagree	disagree	agree	agree strongly	agree	disagree strongly	agree	disagree	disagree	agree	disagree	disagree	agree	agree	disagree	agree	disagree	agree	agree strongly	agree	agree	disagree	agree strongly	agree	agree	agree strongly	agree	agree	agree	agree	agree	79.8	78.6	83.7	1	2	7	Selected	State	0	1	low
128	boy	agree	disagree	agree	agree strongly	disagree strongly	agree	disagree strongly	agree	agree strongly	disagree strongly	7	agree strongly	helemaal niet waar	agree strongly	agree	disagree strongly	disagree	disagree	disagree	disagree strongly	agree strongly	agree	disagree	agree strongly	disagree	disagree	agree strongly	disagree strongly	disagree	disagree	disagree	disagree strongly	disagree strongly	disagree	agree	disagree	disagree	agree	disagree	agree	disagree	disagree	agree strongly	agree	disagree strongly	agree	disagree	disagree	84.7	78.9	82	1	8	7	Not Selected	State	0	1	low
120	boy	disagree	disagree	disagree	agree	disagree strongly	agree	agree	agree strongly	disagree	agree strongly	5	agree strongly	niet echt waar	agree strongly	disagree	disagree	agree strongly	disagree strongly	disagree strongly	disagree strongly	disagree	agree	agree	agree strongly	disagree strongly	agree strongly	agree strongly	disagree strongly	disagree strongly	agree	agree	disagree strongly	disagree	disagree	disagree	disagree	disagree	agree	disagree	disagree	disagree	agree	agree strongly	agree strongly	disagree strongly	disagree	agree	disagree	79	79	86.7	1	4	2	Not Selected	State	0	1	low
121	boy	agree strongly	disagree strongly	disagree strongly	disagree	disagree strongly	agree strongly	disagree strongly	agree strongly	disagree	disagree strongly	7	agree	helemaal niet waar	agree	agree strongly	disagree strongly	agree strongly	agree strongly	agree	disagree strongly	agree	agree	agree strongly	agree strongly	agree strongly	agree	agree strongly	agree strongly	disagree strongly	agree strongly	disagree	disagree strongly	disagree	agree strongly	agree strongly	agree	disagree strongly	disagree	disagree	agree strongly	disagree strongly	disagree strongly	agree	disagree	agree	agree	agree	agree strongly	70	79	73	1	10	5	Not Selected	State	0	1	low
127	boy	agree	agree strongly	agree strongly	disagree	agree strongly	agree strongly	agree	disagree	disagree strongly	disagree strongly	7	agree strongly	helemaal niet waar	agree strongly	disagree	disagree strongly	agree strongly	disagree	disagree	disagree strongly	agree strongly	agree	agree strongly	agree strongly	disagree	agree	agree strongly	disagree	disagree strongly	agree strongly	agree	disagree strongly	disagree strongly	disagree	disagree strongly	agree strongly	agree strongly	agree strongly	disagree	disagree	disagree strongly	disagree strongly	agree strongly	disagree	disagree strongly	disagree	disagree strongly	agree strongly	68	79	73.8	1	14	6	Not Selected	State	0	1	low
121	boy	disagree strongly	agree strongly	disagree	disagree strongly	agree	agree strongly	agree	disagree strongly	disagree strongly	disagree strongly	9	agree strongly	helemaal niet waar	agree	agree	disagree strongly	agree strongly	disagree	disagree	disagree strongly	agree strongly	agree	agree strongly	agree strongly	disagree	agree	agree strongly	disagree	disagree strongly	agree	disagree	disagree strongly	disagree strongly	disagree	agree strongly	agree strongly	agree	agree strongly	disagree	agree	disagree strongly	agree strongly	agree strongly	agree		agree	disagree strongly	agree	80	79	80	1	0	8	Not Selected	Catholic	1	0	low
127	girl	disagree	agree	agree strongly	disagree	agree	agree strongly	agree	disagree	agree	disagree strongly	8	agree strongly	helemaal niet waar	disagree strongly	agree strongly	disagree strongly	agree strongly	agree	agree	disagree strongly	agree	agree	agree strongly	agree strongly	agree	disagree	agree	agree	disagree	agree	disagree	disagree strongly	disagree	agree	disagree	agree	agree	disagree	agree	agree	disagree	agree	agree strongly	disagree	agree	agree	disagree	disagree	82	79	83.3	1	3	4	Selected	State	0	1	low
125	girl	agree	agree	disagree	agree	disagree	agree	agree	disagree	disagree strongly	disagree strongly	3	agree strongly	helemaal niet waar	disagree	disagree	disagree strongly	agree	disagree	disagree	disagree	agree strongly	agree	agree	agree strongly	disagree	disagree strongly	agree	disagree	disagree strongly	agree strongly	agree	disagree strongly	disagree strongly	disagree	disagree strongly	agree	agree	agree	agree	disagree	disagree	disagree strongly	agree strongly	agree	disagree	agree	agree	agree	70	79	74	1	17	7	Selected	Catholic	1	0	low
120	boy	agree	agree	disagree strongly	agree strongly	disagree strongly	agree strongly	agree	agree strongly	disagree strongly	agree	10	agree strongly	helemaal niet waar	agree strongly	disagree	disagree strongly	agree	disagree	disagree	disagree strongly	agree strongly	agree	agree	agree strongly	agree	agree strongly	agree strongly	disagree	disagree strongly	agree strongly	disagree strongly	disagree strongly	agree strongly	disagree	disagree strongly	agree	agree strongly	agree	agree	agree	disagree	disagree	agree strongly	agree	disagree strongly	agree	disagree strongly	agree	86.7	79.2	82.3	1	14	8	Not Selected	COE	0	0	low
123	boy	agree	agree	agree	agree strongly	disagree	agree strongly	agree	agree	disagree strongly	disagree strongly	7	agree strongly	een beetje waar	disagree	disagree strongly	disagree	disagree strongly	agree	disagree strongly	agree	disagree	agree	agree	agree	agree	agree strongly	disagree strongly	disagree strongly	agree strongly	disagree	agree strongly	disagree strongly	disagree	agree	agree	disagree	disagree	disagree	disagree	disagree	agree strongly	disagree	agree	disagree strongly	agree	disagree strongly	agree	disagree strongly	67.5	79.3	72	1	6	5	Not Selected	State	0	1	low
124	girl	disagree	agree strongly	disagree	disagree	disagree	agree	agree	disagree	disagree	disagree	8	agree	een beetje waar	disagree	agree	disagree	agree	disagree	disagree	disagree	disagree	agree	disagree	agree	disagree	agree strongly	agree	disagree strongly	disagree	agree	disagree strongly	disagree	agree	disagree	agree	disagree	disagree strongly	disagree	disagree	agree	agree	agree	agree	disagree	agree	disagree	agree	agree	90	79.5	87.2	1	2	6	Selected	Catholic	1	0	low
122	boy	agree	disagree strongly	disagree	agree	agree strongly	agree strongly	disagree strongly	agree	agree strongly	disagree		agree strongly	helemaal niet waar	agree	agree	disagree strongly	agree	disagree	disagree	disagree strongly	agree strongly	agree	agree strongly	agree strongly	disagree	disagree	agree	disagree strongly	disagree	agree	disagree	disagree strongly	disagree strongly	disagree	disagree	agree	agree	agree	disagree	agree	disagree	disagree	agree strongly	agree	disagree strongly	agree	disagree	agree	71	80	78.8	1	0	2	Not Selected	State	0	1	low
120	boy	agree	disagree	disagree strongly	disagree strongly	disagree strongly	agree strongly	disagree	disagree strongly	disagree strongly	disagree strongly	8	disagree strongly	helemaal niet waar	agree strongly	agree	disagree strongly	agree	disagree strongly	disagree strongly	agree strongly	agree	agree	agree strongly	disagree strongly	disagree strongly	agree strongly	agree strongly	disagree strongly	disagree strongly	disagree strongly	disagree strongly	disagree strongly	agree strongly	disagree strongly	agree strongly	disagree	disagree strongly	disagree strongly	disagree strongly	disagree strongly	agree strongly	agree strongly	agree strongly	agree strongly	disagree strongly	disagree strongly	agree strongly	disagree strongly	69	80	75	1	10	6	Not Selected	State	0	1	low
121	boy	disagree	agree strongly	agree	disagree strongly	agree strongly	agree strongly	agree strongly	disagree strongly	disagree strongly	disagree strongly	9	agree	helemaal niet waar	agree	agree	disagree strongly	agree	agree	agree	disagree strongly	agree strongly	agree	agree strongly	agree strongly	agree	disagree	agree strongly	disagree	disagree	agree	agree	disagree	disagree	disagree	disagree	agree	agree	agree	disagree	disagree	agree	agree	agree	agree	disagree	disagree	agree	agree	76	80	78	1	16	8	Not Selected	COE	0	0	low
118	girl	disagree strongly	agree strongly	disagree	disagree strongly	agree	agree strongly	agree strongly	disagree	agree	disagree strongly	8	disagree	helemaal niet waar	disagree	disagree strongly	disagree strongly	agree	disagree	agree	disagree strongly	agree	agree	agree	agree strongly	disagree	disagree	agree	disagree strongly	disagree	disagree	agree strongly	disagree strongly	disagree strongly	disagree	agree strongly	disagree	disagree	agree	disagree strongly	disagree strongly	agree	agree	agree	agree strongly	disagree	disagree	disagree strongly	disagree strongly	75.3	80	83.7	1	6	6	Selected	Catholic	1	0	low
126	girl	disagree strongly	agree	disagree	agree	disagree	agree strongly	agree	disagree strongly	disagree	disagree strongly		agree	een beetje waar	disagree	disagree	disagree strongly	agree strongly	agree	disagree strongly	disagree	agree	agree	agree strongly	agree strongly	agree	agree	agree	disagree	disagree strongly	agree	agree	disagree	disagree strongly	agree	disagree	agree strongly	disagree	agree	disagree	disagree strongly	agree	disagree	disagree	disagree	disagree strongly	disagree	disagree	agree strongly	86.6	80	80.5	1	10	6	Selected	State	0	1	low
130	girl	agree	disagree	agree	agree	agree	disagree strongly	disagree	agree	agree	disagree strongly	7	agree strongly	helemaal niet waar	agree strongly	agree	disagree strongly	disagree	disagree strongly	disagree	disagree strongly	agree strongly	agree	disagree	agree strongly	disagree strongly	disagree strongly	agree strongly	disagree	disagree strongly	agree	disagree strongly	disagree strongly	disagree strongly	disagree	disagree strongly	disagree	agree strongly	agree	disagree strongly	agree	disagree strongly	disagree strongly	agree strongly	agree	disagree strongly	agree	disagree strongly	disagree	89	80	85.3	1	15	8	Selected	State	0	1	low
130	girl	disagree	agree	disagree	disagree strongly	disagree strongly	agree strongly	agree	disagree strongly	disagree strongly	disagree strongly	8	agree strongly	helemaal niet waar	agree	agree	disagree strongly	agree strongly	disagree	disagree	agree	agree strongly	agree	agree strongly	agree strongly	agree	disagree	agree strongly	disagree	disagree strongly	agree	agree	disagree strongly	disagree strongly	agree	agree	agree	agree	agree	disagree	disagree	agree	agree	agree strongly	disagree	disagree strongly	disagree	agree	agree	85	80.7	82.7	0	10	6	Selected	State	0	1	low
124	boy	disagree	disagree strongly	disagree strongly	disagree strongly	disagree strongly	disagree strongly	agree	agree	disagree	disagree	5	agree strongly	helemaal niet waar	agree strongly	agree strongly	disagree strongly	agree strongly	agree	agree	disagree strongly	agree strongly	agree	agree strongly	agree strongly	agree	disagree strongly	agree strongly	agree	disagree strongly	agree strongly	disagree	disagree strongly	disagree strongly	agree	disagree strongly	agree strongly	agree	agree strongly	agree	agree	disagree strongly	disagree strongly	agree strongly	disagree	disagree strongly	agree	disagree	agree strongly	82	81	83	1	13	7	Not Selected	Catholic	1	0	low
121	girl	disagree strongly	agree strongly	disagree strongly	disagree strongly	agree	agree strongly	agree strongly	disagree strongly	disagree strongly	disagree strongly	10	agree	helemaal niet waar	disagree	agree	disagree	agree	agree	disagree	disagree	agree strongly	agree	agree strongly	agree strongly	disagree	disagree	agree strongly	disagree	disagree strongly	agree	agree	disagree strongly	disagree strongly	disagree	disagree	agree	disagree	disagree	disagree	agree	agree strongly	disagree	agree strongly	agree	agree strongly	agree	disagree	agree	73	81	78.1	1	10	3	Selected	State	0	1	low
138	girl	agree strongly	agree strongly	disagree strongly	disagree strongly	agree	agree strongly	agree	disagree strongly	disagree strongly	disagree strongly	8	agree	helemaal waar	agree	disagree	agree	disagree	disagree strongly	disagree	agree strongly	disagree strongly	agree	agree	agree	disagree	agree strongly	agree	disagree strongly	agree	disagree	agree	disagree	agree strongly	disagree	agree strongly	agree	agree strongly	agree	disagree	disagree	agree	agree	agree	agree strongly	agree	disagree	agree strongly	agree	57.6	81	70.4	1	10	6	Selected	State	0	1	low
125	boy	agree	agree strongly	disagree	disagree	agree	agree strongly	agree	disagree	disagree strongly	disagree strongly	10	agree strongly	helemaal niet waar	disagree strongly	disagree	disagree strongly	agree	agree strongly	disagree	disagree	agree strongly	agree	agree	agree strongly	agree strongly	agree	disagree	disagree	agree	agree strongly	agree	disagree strongly	disagree	agree strongly	disagree	agree	agree	agree strongly	disagree	disagree	disagree strongly	disagree strongly	agree strongly	disagree strongly	agree	disagree	disagree	agree strongly	85.9	81.2	79.5	1	14	8	Not Selected	Catholic	1	0	low
126	girl	agree	agree	agree	disagree	disagree strongly	agree	disagree strongly	disagree	agree strongly	disagree	3	agree	helemaal niet waar	disagree	agree strongly	disagree strongly	disagree	disagree	disagree	disagree strongly	agree	agree	agree strongly	agree strongly	disagree strongly	agree strongly	agree	disagree	disagree	agree	disagree strongly	disagree strongly	disagree	agree	disagree	agree	disagree	disagree	disagree	agree	disagree	disagree	agree strongly	agree	disagree strongly	agree	agree	disagree	80.5	81.7	79.6	1	15	8	Selected	Catholic	1	0	low
137	boy	disagree	agree strongly	agree strongly	disagree	disagree strongly	agree strongly	agree strongly	disagree strongly	disagree	disagree	8	agree strongly	niet echt waar	agree strongly	disagree	disagree	agree	agree strongly	disagree	disagree	agree strongly	agree	agree strongly	agree	agree	disagree	agree strongly	disagree	disagree strongly	agree strongly	agree	disagree strongly	disagree	agree strongly	disagree	agree strongly	agree	agree	disagree	disagree	disagree strongly	agree	agree strongly	disagree strongly	disagree strongly	disagree	disagree	agree	65	82	76	1	7	5	Not Selected	State	0	1	low
128	girl	agree	agree	disagree	disagree strongly	disagree	agree strongly	agree	disagree strongly	disagree strongly	disagree strongly	8	agree strongly	helemaal niet waar	agree	disagree	disagree strongly	agree strongly	disagree	disagree	disagree strongly	agree	agree	agree	agree strongly	disagree strongly	disagree strongly	agree strongly	disagree	disagree strongly	agree	agree	disagree strongly	disagree strongly	disagree	agree	agree	agree	agree	disagree	disagree	disagree strongly	disagree	agree strongly	disagree	disagree strongly	disagree	agree	agree	73.39	82.14	76.05	1	14	8	Selected	Catholic	1	0	low
128	girl	agree	disagree strongly	agree	disagree	disagree strongly	disagree	disagree strongly	agree strongly	disagree	agree	2	agree	helemaal niet waar	agree	disagree	disagree strongly	agree	disagree	disagree	disagree strongly	agree strongly	agree	disagree	agree strongly	disagree	disagree	agree strongly	disagree	agree strongly	disagree	agree	disagree strongly	disagree strongly	disagree	disagree strongly	disagree	agree	agree strongly	disagree	disagree	disagree strongly	disagree	agree strongly	disagree	disagree strongly	disagree	disagree strongly	disagree strongly	77.83	82.25	79.79	0	16	9	Selected	State	0	1	low
122	boy	disagree	disagree	agree	disagree strongly	disagree	agree strongly	agree	disagree	disagree	disagree strongly	7	agree strongly	een beetje waar	disagree strongly	disagree	disagree strongly	agree	agree	disagree	disagree strongly	agree	agree	agree strongly	agree strongly	agree	disagree strongly	agree strongly	disagree	disagree strongly	agree strongly	agree	disagree strongly	disagree	agree	disagree strongly	agree	agree	agree	disagree	disagree	agree	disagree strongly	agree	disagree	disagree strongly	disagree	agree	agree	80.6	82.3	81.7	1	10	6	Not Selected	State	0	1	low
125	girl	agree	agree strongly	agree	agree	agree		disagree	disagree	disagree	disagree strongly	10	agree	helemaal waar	disagree strongly	agree strongly	agree strongly	disagree	agree	disagree	disagree	disagree	agree	disagree	disagree strongly	disagree	agree strongly	agree strongly	disagree strongly	agree	disagree	disagree	disagree strongly	agree strongly	disagree	agree strongly	agree strongly	disagree	disagree	agree	disagree	agree strongly	agree strongly	agree strongly	disagree	agree strongly	agree	agree strongly	agree strongly	81	83	81	0	0	2	Selected	COE	0	0	low
121	girl	disagree	agree	agree	disagree strongly	agree	agree	agree	disagree	disagree	disagree	8	agree	niet echt waar	disagree	agree	disagree strongly	agree	disagree	disagree strongly	agree	agree	agree	agree	agree strongly	disagree strongly	agree	agree strongly	disagree strongly	disagree	agree	disagree	disagree strongly	disagree	disagree strongly	agree	agree	agree	disagree	disagree	disagree	agree	agree	agree strongly	agree	agree	agree	agree strongly	agree	81.8	83.3	81.1	1	10	6	Selected	State	0	1	low
127	girl	agree	disagree	agree strongly	disagree strongly	disagree strongly	agree	disagree	agree	disagree	disagree	6	disagree	niet echt waar	agree	disagree	agree	disagree	disagree	disagree strongly	agree	disagree	agree	disagree	agree	disagree	agree strongly	agree	disagree strongly	disagree	disagree strongly	disagree	agree	disagree	disagree	agree	disagree strongly	disagree strongly	disagree strongly	disagree	disagree	disagree	agree	agree	agree	disagree	disagree	agree	disagree	83.5	83.3	84.8	1	18	6	Selected	State	0	1	low
120	boy	agree strongly	disagree strongly	agree strongly	agree	disagree strongly	agree	disagree strongly	disagree	disagree	disagree	8	agree	helemaal niet waar	agree strongly	disagree	agree	agree	agree strongly	disagree	disagree strongly	agree	agree	agree strongly	agree strongly	agree strongly	disagree strongly	agree strongly	disagree	disagree strongly	agree strongly	agree	disagree strongly	disagree strongly	agree strongly	disagree	agree	disagree	agree	disagree	disagree	disagree strongly	disagree strongly	agree strongly	disagree strongly	disagree strongly	disagree	disagree	agree strongly	77	83.64	80.28	1	6	4	Not Selected	State	0	1	low
127	girl	disagree	agree	disagree	agree	agree	agree strongly	agree strongly	disagree strongly	disagree strongly	agree	9	agree	helemaal niet waar	agree	agree	disagree strongly	agree strongly	agree	disagree	disagree strongly	agree strongly	agree	agree strongly	agree strongly	agree	agree	agree strongly	disagree	disagree strongly	agree strongly	agree	disagree strongly	disagree strongly	agree	agree	agree strongly	agree strongly	agree	disagree	agree	disagree strongly	disagree strongly	agree strongly	agree	disagree strongly	agree	disagree strongly	agree	79.3	84	82.9	1	8	4	Selected	State	0	1	low
127	girl	agree	disagree	agree strongly	disagree strongly	disagree	agree strongly	agree	agree	agree	agree	0	agree strongly	helemaal waar	agree	disagree	disagree	disagree	disagree	disagree strongly	disagree strongly	agree	agree	agree strongly	disagree	agree	disagree	agree strongly	disagree	agree strongly	disagree strongly	agree strongly	disagree strongly	agree	disagree	agree	disagree	disagree	disagree	disagree	disagree	agree strongly	disagree	agree strongly	disagree	disagree	disagree	disagree	disagree	66.3	84.2	81.8	1	10	6	Selected	State	0	1	low
109	boy	disagree	agree strongly	agree	agree	disagree strongly	agree strongly	disagree	agree strongly	disagree strongly	agree	9	agree strongly	helemaal niet waar	disagree	disagree strongly	disagree strongly	disagree	disagree	disagree	disagree strongly	agree	agree	agree strongly	agree strongly	disagree	disagree	agree strongly	disagree	agree	agree strongly	agree strongly	disagree strongly	disagree strongly	agree	agree	disagree	agree	agree	disagree	disagree strongly	agree	agree	agree strongly	disagree strongly	disagree strongly	disagree strongly	disagree	agree	69	84.5	74	1	6	4	Not Selected	State	0	1	low
134	girl	agree	agree	disagree	agree	agree	agree	agree	agree	disagree	agree	8	agree strongly	helemaal niet waar	agree	agree	disagree strongly	disagree	agree	agree	disagree strongly	agree strongly	agree	agree strongly	agree strongly	disagree	agree	agree	agree	disagree strongly	agree strongly	disagree	disagree strongly	disagree strongly	disagree	disagree strongly	disagree	agree	agree	agree	agree	disagree	disagree	agree strongly	agree	disagree strongly	agree	disagree strongly	disagree	80.5	84.5	83.8	1	10	6	Selected	State	0	1	low
121	girl	disagree strongly	agree	disagree strongly	disagree	agree	agree strongly	agree strongly	disagree strongly	disagree strongly	disagree strongly	10	agree strongly	helemaal niet waar	disagree	disagree	disagree strongly	agree strongly	disagree	disagree	agree	agree	agree	agree strongly	agree strongly	disagree	agree	agree strongly	disagree	disagree strongly	disagree	agree	disagree strongly	disagree	disagree	agree	agree strongly	disagree	agree	disagree	disagree	disagree strongly	agree	agree strongly	agree	agree	disagree	agree	agree	87.7	84.7	86.3	1	8	5	Selected	Catholic	1	0	low
119	boy	agree	agree	agree	agree	disagree strongly	agree strongly	agree	agree	agree strongly	disagree	7	agree strongly	helemaal niet waar	agree	agree	disagree strongly	agree strongly	agree	disagree	disagree strongly	agree	agree	agree strongly	agree strongly	agree	disagree	agree strongly	disagree	disagree strongly	agree	disagree	disagree strongly	disagree strongly	agree	disagree	agree	disagree	agree	disagree	disagree	agree	disagree	agree strongly	disagree	disagree	disagree	disagree strongly	agree	80	84.79	86.61	1	2	4	Not Selected	State	0	1	low
145	boy	agree strongly	disagree strongly	agree strongly	disagree	disagree strongly	agree strongly	disagree strongly	agree strongly	agree strongly	agree	8	agree strongly	helemaal niet waar	agree	disagree	disagree	disagree strongly	disagree strongly	disagree strongly	disagree strongly	agree	agree	agree strongly	agree strongly	disagree	agree	disagree	disagree strongly	agree	agree strongly	agree strongly	disagree strongly	agree strongly	disagree strongly	disagree strongly	agree	agree strongly	agree	disagree	disagree strongly	disagree	disagree	agree	agree	disagree	disagree strongly	disagree	disagree	70	85	78	1	6	4	Not Selected	State	0	1	low
128	boy	disagree strongly	agree strongly	disagree	disagree strongly	agree strongly	agree strongly	agree strongly	disagree strongly	disagree strongly	disagree strongly	10	agree strongly	een beetje waar	disagree	disagree strongly	disagree strongly	disagree	disagree	disagree	agree	agree strongly	agree	agree	agree	disagree	agree	agree	disagree	disagree strongly	disagree	agree	disagree strongly	disagree	disagree	disagree	disagree	agree	disagree	disagree	disagree	disagree strongly	agree	agree strongly	agree	disagree	disagree	agree	disagree	84.2	85	84.6	1	10	5	Not Selected	State	0	1	low
122	boy	disagree strongly	agree	disagree	agree strongly	agree	agree strongly	agree	disagree strongly	agree	disagree strongly	9	agree strongly	een beetje waar	agree	agree	disagree strongly	agree	agree strongly	disagree	disagree strongly	disagree	agree	agree strongly	agree strongly	agree	agree	agree strongly	agree	disagree	agree strongly	agree	disagree strongly	agree strongly	agree	agree	agree strongly	disagree	agree strongly	agree strongly	agree strongly	agree	disagree	agree strongly	agree	disagree strongly	agree	agree	agree strongly	84.5	85	83.6	1	10	6	Not Selected	State	0	1	low
133	girl	disagree	agree strongly	disagree	disagree strongly	agree	agree strongly	agree	disagree	agree	disagree strongly	9	agree	een beetje waar	disagree	agree	disagree strongly	agree	disagree	disagree	disagree	agree	agree	agree strongly	agree strongly	disagree	agree	agree	disagree	disagree strongly	disagree	disagree	disagree strongly	disagree	disagree	agree	disagree	agree	agree	disagree	agree	disagree	disagree	agree strongly	disagree	disagree	agree	agree	agree	81	85	84.5	1	15	5	Selected	Catholic	1	0	low
123	girl	disagree strongly	disagree	disagree	disagree strongly	disagree	agree strongly	disagree	agree	agree	disagree strongly	8	disagree	een beetje waar	agree	disagree	disagree strongly	agree strongly	disagree	disagree	agree	disagree	agree	agree	agree strongly	disagree	agree	agree strongly	disagree strongly	disagree strongly	disagree	agree	disagree strongly	agree	disagree	agree	agree	disagree	disagree	disagree	disagree	disagree	agree	agree	agree	disagree	disagree	agree	agree	81	85.7	81.4	0	0	8	Selected	Catholic	1	0	low
122	boy	agree	disagree strongly	disagree	disagree strongly	disagree strongly	agree	disagree strongly	agree strongly	agree strongly	disagree	2	agree strongly	helemaal niet waar	agree strongly	disagree	disagree strongly	agree strongly	agree strongly	disagree	disagree strongly	agree strongly	agree	agree strongly	agree	agree strongly	agree	agree strongly	disagree	disagree strongly	disagree	agree	disagree strongly	disagree strongly	disagree	agree	disagree	disagree strongly	disagree	disagree	disagree strongly	agree	agree	agree strongly	disagree strongly	disagree strongly	disagree	agree	disagree	82	86	83.5	1	4	4	Not Selected	State	0	1	low
123	boy	disagree	disagree	disagree	disagree strongly	disagree strongly	agree strongly	disagree	disagree	disagree	disagree strongly	8	agree strongly	helemaal niet waar	agree	agree	disagree strongly	agree	agree	agree	disagree strongly	agree strongly	agree	agree strongly	agree strongly	agree	disagree strongly	agree	agree	disagree strongly	agree	agree	disagree strongly	disagree strongly	agree	disagree strongly	agree strongly	agree strongly	agree strongly	agree	agree	agree	agree	agree strongly	disagree	disagree strongly	agree	disagree strongly	agree	77	86	82	1	18	4	Not Selected	State	0	1	low
131	girl	disagree	agree strongly	agree strongly	disagree	agree	agree strongly	agree strongly	disagree	disagree	disagree strongly	8	agree	helemaal niet waar	agree	disagree	disagree strongly	agree	agree		disagree strongly		agree	agree strongly	agree strongly		agree strongly	agree strongly		disagree		agree	disagree	disagree strongly	agree	disagree		disagree		disagree	disagree	disagree		agree strongly	disagree	disagree	disagree	disagree		89	86	87	0	12	7	Selected	State	0	1	low
125	boy	disagree	agree	agree strongly	disagree strongly	disagree strongly	agree strongly	agree	disagree	agree	disagree strongly	10	agree strongly	helemaal niet waar	agree	disagree	disagree strongly	agree	disagree strongly	disagree	agree	agree	agree	agree strongly	agree strongly	disagree	agree strongly	agree	disagree	agree	agree	agree	disagree strongly	disagree strongly	disagree	agree	disagree strongly	disagree	agree	disagree	disagree strongly	agree	agree strongly	agree strongly	agree	agree	disagree	agree	disagree	76.4	86.8	80.2	1	10	6	Not Selected	State	0	1	low
120	boy	disagree	agree strongly	agree	disagree	agree	agree strongly	agree strongly	disagree	disagree strongly	disagree strongly	9	agree strongly	helemaal niet waar	disagree	agree	disagree strongly	agree	agree	agree	disagree	agree strongly	agree	agree strongly	agree strongly	agree	disagree strongly	agree	agree	disagree	agree strongly	disagree	disagree strongly	disagree strongly	agree	disagree	agree	agree	disagree	agree	disagree	disagree	disagree	agree strongly	disagree strongly	agree	disagree	agree	agree	85	87	86	1	13	6	Not Selected	State	0	1	low
125	boy	disagree strongly	agree strongly	disagree	disagree strongly	agree	agree strongly	agree strongly	disagree strongly	disagree strongly	disagree strongly	9	agree strongly	helemaal niet waar	agree strongly	agree strongly	disagree strongly	agree strongly	agree strongly	agree	disagree strongly	agree strongly	agree	agree strongly	agree strongly	agree	disagree strongly	agree strongly	agree strongly	agree strongly	agree	disagree	disagree strongly	disagree strongly	agree strongly	disagree strongly	agree strongly	agree	agree	agree	agree	disagree	disagree strongly	agree strongly	disagree strongly	disagree strongly	agree	agree	agree strongly	86	87	85	1	10	6	Not Selected	State	0	1	low
121	boy	agree	disagree	agree	disagree	agree	agree strongly	disagree	disagree	disagree	disagree	9	agree strongly	helemaal niet waar	agree	disagree	disagree strongly	disagree	disagree	disagree	disagree strongly	agree strongly	agree	agree	agree strongly	disagree	disagree	agree	disagree strongly	agree	agree	agree	disagree strongly	disagree strongly	agree	disagree	disagree	disagree	agree	disagree	disagree	disagree strongly	disagree	agree	disagree	disagree	disagree	disagree	agree	75	87.3	82	1	6	4	Not Selected	State	0	1	low
118	boy	agree	disagree strongly	agree strongly	disagree	disagree strongly	agree strongly	disagree strongly	agree strongly	agree strongly	disagree strongly	2	agree strongly	helemaal niet waar	agree strongly	disagree	disagree strongly	agree	disagree	agree	disagree strongly	agree	agree	disagree	disagree	agree	agree	agree strongly	disagree	disagree strongly	disagree	agree	disagree strongly	disagree	agree	agree	agree	agree	agree	disagree	disagree	disagree	agree	agree strongly	disagree	disagree	disagree	agree	agree	89	88	88	1	14	7	Not Selected	Catholic	1	0	low
125	boy	disagree strongly	agree strongly	disagree strongly	disagree strongly	agree	agree strongly	agree strongly	disagree strongly	disagree strongly	agree strongly	8	disagree	een beetje waar	agree	disagree	disagree strongly	agree strongly	disagree	disagree	disagree	disagree strongly	agree	disagree strongly	disagree	disagree strongly	agree strongly	agree strongly	disagree strongly	agree strongly	disagree strongly	agree strongly	disagree strongly	agree	disagree strongly	agree	disagree strongly	disagree strongly	disagree	disagree	disagree strongly	disagree	agree	agree strongly	agree	disagree	disagree strongly	agree	disagree strongly	88	89	89	1	10	6	Not Selected	State	0	1	low
121	boy	disagree strongly	agree strongly	agree	disagree strongly	agree	agree strongly	agree strongly	disagree	disagree strongly	disagree strongly	10	agree strongly	niet echt waar	agree	agree strongly	disagree strongly	agree	disagree strongly	disagree strongly	agree	disagree strongly	agree	agree strongly	agree	disagree	agree	agree strongly	disagree strongly	disagree strongly	disagree	disagree strongly	disagree strongly	agree	disagree	agree	agree	disagree strongly	agree	disagree strongly	agree strongly	disagree	agree	agree strongly	agree	disagree strongly	agree	agree strongly	disagree	96.6	90.1	86	0	2	4	Not Selected	State	0	1	low
122	girl	agree	agree strongly	disagree strongly	agree	disagree	agree strongly	agree strongly	disagree	disagree strongly	disagree strongly	10	agree strongly	helemaal niet waar	disagree	agree	disagree strongly	disagree strongly	disagree strongly	disagree	disagree strongly	agree strongly	agree	disagree strongly	agree strongly	agree	agree	agree strongly	agree	disagree	disagree strongly	disagree	disagree strongly	disagree strongly	disagree strongly	disagree	agree	agree strongly	agree	disagree	disagree	disagree	disagree	disagree	disagree	disagree	agree	disagree strongly	disagree	95.21	92.38	93.67	0	10	6	Selected	State	0	1	low
138	boy	disagree strongly	agree	agree	disagree strongly	agree	agree strongly	agree strongly	disagree strongly	disagree strongly	disagree strongly	10	agree strongly	een beetje waar	agree strongly	disagree	disagree strongly	agree	agree	disagree	agree	agree	agree	agree strongly	agree strongly	agree	agree	agree strongly	disagree	disagree	agree	agree	disagree strongly	agree	agree	agree	agree	disagree	disagree	disagree strongly	disagree strongly	disagree strongly	agree	agree strongly	disagree	disagree strongly	disagree strongly	agree strongly	agree	77	92.7	80.5	1	14	8	Not Selected	COE	0	0	low
130	girl	agree	agree	agree strongly	agree strongly	disagree strongly	agree	disagree	agree strongly	agree	agree strongly	3	agree	een beetje waar	agree strongly	disagree	agree	agree	agree strongly	agree	agree strongly	disagree strongly	agree	disagree	agree	agree	agree strongly	agree	disagree	agree	disagree	agree	agree	agree strongly	agree	agree	disagree	disagree strongly	disagree	disagree	disagree strongly	agree	agree	agree	disagree	disagree	disagree	agree strongly	disagree	88	93.5	88.5	1	6	6	Selected	Catholic	1	0	low
128	boy	agree	agree	agree	disagree strongly	disagree	agree strongly	disagree	disagree strongly	disagree strongly	disagree strongly	9	agree strongly	helemaal waar	agree	disagree	disagree strongly	disagree	disagree	agree	disagree	agree	agree	disagree	agree strongly	disagree	disagree strongly	agree	disagree	disagree strongly	agree	disagree	disagree strongly	disagree strongly	disagree	disagree strongly	agree	disagree	disagree	disagree	disagree	disagree strongly	disagree strongly	agree	disagree strongly	disagree	disagree strongly	disagree strongly	disagree strongly	87.29	93.81	89.8	1	15	7	Not Selected	Catholic	1	0	low
141	boy	agree	agree strongly	agree	agree	agree	agree strongly	agree strongly	agree	agree strongly	agree strongly	5	agree strongly	helemaal waar	agree strongly	disagree	agree strongly	agree	agree	disagree		agree strongly	agree	agree	agree strongly		disagree strongly	agree strongly	disagree	agree	agree strongly	agree	disagree strongly	disagree strongly	disagree	agree	agree strongly	agree strongly	agree strongly	disagree	disagree	agree	agree	agree strongly	agree	disagree strongly	disagree	agree	disagree			72	1	0	2	Not Selected	State	0	1	low
141	boy	agree	agree	agree	disagree strongly	disagree strongly	agree strongly	disagree strongly	agree	disagree strongly	disagree strongly	6	agree strongly	een beetje waar	disagree	agree	disagree strongly	agree strongly	disagree	disagree strongly	disagree	agree	agree	agree strongly	agree strongly	agree	disagree	disagree	disagree	disagree	disagree	agree	disagree strongly	disagree	disagree	disagree	agree	agree	agree	disagree strongly	disagree	disagree strongly	disagree strongly	agree	disagree	disagree	disagree	agree strongly	agree			68	1	4	2	Not Selected	State	0	1	low
135	boy	disagree	agree strongly	disagree	disagree strongly	disagree	agree strongly	disagree	disagree	disagree	disagree strongly	8	agree	een beetje waar	agree	agree	disagree strongly	agree	disagree strongly	disagree strongly	agree	agree	agree	agree strongly	agree strongly	disagree strongly	agree	agree strongly	disagree strongly	agree	disagree	disagree	disagree strongly	agree	disagree strongly	agree strongly	agree	disagree	disagree	disagree strongly	disagree	agree strongly	agree strongly	agree strongly	agree strongly	disagree strongly	disagree	agree strongly	agree			71	1	6	2	Not Selected	State	0	1	low
126	boy	agree strongly	disagree strongly	agree	agree strongly	disagree strongly	disagree strongly	disagree strongly	agree strongly	agree strongly	agree strongly	0	agree	niet echt waar	agree	agree	agree	agree strongly	disagree	disagree	disagree strongly	agree	agree	agree	agree strongly	disagree	disagree	agree	agree	disagree strongly	disagree	disagree	disagree strongly	disagree	disagree	disagree	agree	agree	disagree	disagree	agree	disagree	disagree strongly	agree strongly	agree	disagree	disagree	agree	agree			84	1	2	3	Not Selected	State	0	1	low
152	boy	agree	agree strongly	agree	agree	agree strongly	agree strongly	agree strongly	agree	disagree strongly	disagree strongly	10	disagree	een beetje waar	agree	disagree	disagree strongly	disagree	disagree	disagree	agree	agree	agree	agree strongly	agree	disagree	agree strongly	agree	disagree	disagree strongly	disagree	disagree	disagree strongly	agree	disagree	agree strongly	agree	agree	disagree	disagree strongly	disagree	disagree strongly	agree	agree strongly	agree	disagree strongly	disagree	agree strongly	agree strongly			73	1	2	3	Not Selected	State	0	1	low
134	boy	agree	agree strongly	disagree	disagree strongly	agree	agree strongly	agree strongly	disagree strongly	disagree strongly	disagree strongly	10	agree strongly	helemaal niet waar	agree strongly	agree	disagree strongly	agree strongly	agree	disagree	disagree strongly	agree strongly	agree	disagree	agree strongly	agree	disagree strongly	agree strongly	disagree	disagree strongly	agree strongly	disagree	disagree strongly	disagree strongly	agree	agree strongly	agree strongly	agree	disagree	disagree	agree	disagree strongly	disagree strongly	agree	disagree strongly	disagree strongly	agree	agree strongly	agree strongly			80.5	1	4	3	Not Selected	State	0	1	low
130	boy	agree	disagree strongly	disagree strongly	disagree strongly	disagree strongly	agree strongly	disagree strongly	disagree strongly	disagree strongly	disagree strongly		agree strongly	helemaal niet waar	disagree strongly	agree strongly	disagree strongly	disagree strongly	disagree strongly	disagree	disagree strongly	agree strongly	agree	agree strongly	agree strongly	disagree	disagree strongly	disagree strongly	disagree strongly	disagree strongly	agree	disagree strongly	disagree strongly	disagree strongly	disagree	agree	disagree	disagree	disagree	disagree strongly	disagree strongly	agree	disagree strongly	agree strongly	agree strongly	agree strongly	disagree	agree	disagree				1	0	4	Not Selected	State	0	1	low
135	boy	agree	agree strongly	agree	disagree	agree	agree strongly	agree	agree	agree strongly	disagree strongly	7	disagree	niet echt waar	agree	disagree	agree strongly	agree	disagree	disagree	agree strongly	agree	agree	agree strongly	disagree	agree	agree strongly	agree strongly	disagree	agree	disagree	agree	agree	agree	disagree	agree	agree	disagree	agree	disagree	disagree	agree	disagree strongly	agree strongly	agree	disagree strongly	disagree	agree strongly	agree			55	1	2	4	Not Selected	State	0	1	low
123	boy	disagree	agree strongly	disagree	disagree	disagree strongly	agree strongly	disagree	agree	agree	disagree strongly	5	agree strongly	niet echt waar	agree	agree	agree strongly	agree strongly	disagree	disagree	disagree strongly	agree strongly	agree	agree strongly	agree strongly	disagree	agree strongly	agree strongly	disagree	disagree	agree	disagree	disagree strongly	disagree strongly	disagree	agree strongly	agree	agree	agree	disagree	disagree	agree	disagree	disagree	agree	disagree strongly	agree	agree strongly	agree			77	1	2	4	Not Selected	State	0	1	medium
143	boy	disagree	disagree strongly	disagree	agree	disagree strongly	agree strongly	disagree strongly	agree strongly	disagree strongly	agree strongly	3	agree	helemaal niet waar	agree strongly	disagree	agree strongly	disagree	disagree strongly	disagree	agree	agree strongly	agree	agree	agree strongly	disagree strongly	disagree strongly	agree strongly	disagree strongly	disagree strongly	agree strongly	agree	disagree strongly	disagree strongly	disagree strongly	disagree strongly	disagree strongly	disagree	disagree	disagree strongly	disagree strongly	agree strongly	disagree	agree strongly	agree	disagree strongly	disagree strongly	agree strongly	disagree strongly			53.4	1	4	4	Not Selected	State	0	1	medium
130	boy	disagree	agree	agree	agree	disagree	agree strongly	disagree	disagree	agree	disagree	7	agree strongly	niet echt waar	agree	agree	disagree strongly	agree strongly	agree strongly	disagree	disagree strongly	agree	agree	agree strongly	agree strongly	agree strongly	agree	agree strongly	agree	disagree strongly	agree strongly	disagree	disagree strongly	disagree strongly	agree strongly	agree	agree	agree	agree	disagree	agree	disagree	agree	agree strongly	disagree strongly	disagree	agree	agree	agree strongly			83	1	6	4	Not Selected	State	0	1	medium
123	boy	disagree	disagree strongly	agree	disagree strongly	disagree strongly	agree strongly	disagree strongly	agree strongly	agree strongly	disagree strongly	8	agree strongly	helemaal niet waar	agree	agree strongly	disagree strongly	agree strongly	disagree	disagree	agree strongly	agree strongly	agree	agree strongly	agree strongly	disagree	agree	agree strongly	disagree	disagree strongly	agree strongly	disagree strongly	disagree strongly	agree	disagree	agree	agree strongly	agree	disagree	agree	agree strongly	disagree	agree	agree strongly	agree	agree	agree strongly	agree strongly	agree strongly			87.6	1	6	4	Not Selected	State	0	1	medium
129	boy	disagree strongly	agree strongly	disagree strongly	disagree strongly	agree	agree strongly	agree	disagree strongly	disagree strongly	disagree strongly	9	agree strongly	helemaal niet waar	agree strongly	disagree	disagree strongly	agree strongly	agree strongly	disagree strongly	disagree strongly	agree strongly	agree	agree strongly	agree strongly	agree	disagree strongly	agree strongly	disagree strongly	disagree	disagree	agree	disagree strongly	disagree strongly	agree	disagree	agree strongly	agree	agree	disagree	disagree strongly	disagree strongly	disagree	agree strongly	disagree strongly	disagree strongly	disagree	disagree strongly	agree			81.7	1	6	4	Not Selected	State	0	1	medium
	boy	disagree strongly	agree strongly	disagree	disagree strongly	agree strongly	agree strongly	disagree strongly	disagree	agree strongly	disagree strongly	10	disagree	helemaal waar	agree strongly	disagree strongly	disagree strongly	agree strongly	disagree strongly	disagree strongly	agree	agree	agree	agree strongly	agree strongly	disagree strongly	agree strongly	agree strongly	disagree strongly	disagree strongly	agree	disagree strongly	disagree strongly	agree strongly	disagree strongly	disagree	agree strongly	agree	disagree strongly	disagree strongly	disagree strongly	disagree strongly	agree	agree strongly	agree strongly	disagree strongly	disagree strongly	agree strongly	agree strongly			70.8	1	8	4	Not Selected	State	0	1	medium
127	boy	agree	disagree	agree	disagree	disagree strongly	agree strongly	disagree strongly	disagree	disagree strongly	disagree strongly	9	agree strongly	helemaal niet waar	agree	disagree	disagree strongly	disagree	disagree strongly	disagree strongly	disagree strongly	agree	agree	disagree	agree strongly	disagree strongly	agree	agree	disagree strongly	disagree strongly	agree	disagree	disagree strongly	disagree strongly	disagree	disagree	agree	agree	disagree	disagree	disagree	disagree	agree	agree strongly	agree	disagree	disagree	disagree	disagree			79.3	1	12	4	Not Selected	State	0	1	medium
132	boy	agree	disagree	disagree	disagree	agree strongly	agree	disagree	agree	agree	disagree	7	agree	een beetje waar	disagree	disagree	agree strongly	agree strongly	disagree strongly	disagree	disagree strongly	agree	agree	agree	agree	disagree	disagree	agree	disagree	disagree	disagree	agree	disagree strongly	disagree	disagree	agree strongly	disagree	disagree strongly	disagree	disagree	disagree	agree	disagree	agree	agree	disagree	disagree	agree	disagree			64	1	18	4	Not Selected	State	0	1	medium
121	boy	disagree strongly	agree strongly	disagree strongly	disagree strongly	disagree strongly	agree strongly	agree strongly	disagree strongly	disagree strongly	disagree strongly	10	agree strongly	helemaal niet waar	agree	disagree	disagree strongly	agree	disagree strongly	disagree	disagree strongly	agree strongly	agree	agree strongly	agree strongly	disagree strongly	disagree strongly	agree strongly	agree	disagree strongly	agree strongly	agree	disagree strongly	agree strongly	disagree	disagree strongly	agree strongly	agree strongly	agree strongly	disagree	disagree	disagree	disagree	agree strongly	disagree	agree	disagree	agree strongly	agree strongly			74.4	0	0	5	Not Selected	State	0	1	medium
122	boy	disagree	disagree strongly	disagree strongly	disagree strongly	disagree strongly	agree strongly	disagree strongly	agree	disagree	disagree strongly	8	agree strongly	helemaal niet waar	agree	disagree	disagree strongly	agree	disagree strongly	disagree strongly	disagree strongly	agree strongly	agree	agree strongly	agree strongly	agree	disagree strongly	agree	disagree strongly	disagree strongly	agree strongly	agree	disagree strongly	disagree strongly	agree	disagree strongly	agree	agree	disagree	agree	disagree strongly	disagree	disagree	agree strongly	disagree	disagree	disagree	disagree strongly	agree strongly			71	1	1	5	Not Selected	State	0	1	medium
130	boy	disagree strongly	agree	disagree	disagree	agree	agree	agree	disagree strongly	disagree strongly	disagree strongly	10	agree	niet echt waar	agree strongly	disagree	disagree strongly	disagree	agree	disagree	disagree	agree	agree	agree	agree	agree	disagree	agree strongly	disagree	disagree	agree	agree	disagree	disagree	agree	disagree	agree	disagree	agree	agree	disagree	disagree strongly	disagree	agree strongly	disagree strongly	disagree strongly	disagree	disagree	agree			69.8	1	2	5	Not Selected	State	0	1	medium
119	boy	agree strongly	agree	agree	disagree strongly	disagree strongly	agree	disagree strongly	agree strongly	agree strongly	disagree	5	agree	helemaal niet waar	agree strongly	agree	disagree	disagree strongly	agree strongly	disagree	agree	disagree	agree	disagree	agree	agree	agree	agree strongly	disagree	agree	disagree strongly	disagree	agree	agree	agree strongly	agree	disagree	disagree	disagree	agree	agree	agree	agree	agree	disagree strongly	disagree	disagree	agree	agree			74.6	1	4	5	Not Selected	State	0	1	medium
134	boy	disagree strongly	agree strongly	disagree	disagree strongly	agree	agree strongly	agree strongly	disagree strongly	disagree strongly	disagree strongly	10	disagree	helemaal niet waar	agree strongly	disagree	disagree strongly	agree strongly	disagree	disagree	disagree	agree strongly	agree	agree strongly	agree strongly	disagree	agree strongly	agree	disagree	disagree strongly	agree	agree	disagree strongly	disagree strongly	disagree	disagree strongly	agree strongly	agree	agree	disagree	disagree	disagree strongly	agree	agree strongly	agree	disagree strongly	disagree	agree strongly	agree strongly			73.2	1	12	5	Not Selected	State	0	1	medium
128	boy	disagree	agree strongly	disagree strongly	disagree	agree strongly	agree strongly	agree strongly	disagree strongly	disagree strongly	disagree strongly	9	agree strongly	helemaal niet waar	disagree	agree	disagree strongly	disagree	disagree strongly	disagree strongly	disagree strongly	agree strongly	agree	agree strongly	disagree	disagree	agree strongly	agree strongly	disagree	disagree	disagree	disagree	disagree strongly	disagree strongly	disagree strongly	agree strongly	disagree	agree strongly	agree	disagree strongly	agree strongly	agree strongly	agree strongly	agree strongly	agree	agree strongly	agree strongly	disagree strongly	disagree			77.1	1	16	5	Not Selected	State	0	1	medium
129	boy	disagree strongly	agree strongly	disagree	disagree strongly	disagree	agree strongly	agree	disagree strongly	agree	disagree strongly	10	agree strongly	helemaal niet waar	agree strongly	disagree	disagree strongly	agree strongly	agree	disagree	disagree strongly	agree strongly	agree	agree strongly	agree strongly	disagree	disagree strongly	agree strongly	disagree	disagree strongly	agree strongly	agree	disagree strongly	disagree strongly	disagree	agree	agree	agree strongly	agree strongly	disagree	disagree	disagree strongly	agree	agree strongly	disagree strongly	disagree strongly	disagree	disagree strongly	agree strongly			80.5	1	18	5	Not Selected	State	0	1	medium
118	boy	disagree	disagree	disagree	disagree strongly	disagree	agree strongly	disagree	disagree	disagree strongly	disagree strongly	8	agree strongly	niet echt waar	agree strongly	agree	disagree strongly	agree strongly	disagree	disagree	disagree strongly	agree	agree	agree strongly	agree strongly	agree	agree	agree strongly	disagree	disagree strongly	agree strongly	disagree	disagree strongly	agree strongly	agree	agree	agree strongly	agree	agree	agree	disagree	disagree strongly	disagree	agree strongly	disagree	disagree strongly	agree	disagree	agree			80.3	1	12	6	Not Selected	State	0	1	medium
125	boy	disagree	agree	disagree	agree	agree	agree strongly	agree	disagree strongly	disagree strongly	disagree strongly	8	agree strongly	helemaal niet waar	agree	disagree	disagree strongly	agree	disagree	agree	disagree strongly	agree	agree	agree strongly	agree strongly	disagree	disagree strongly	agree	agree	disagree strongly	agree	agree	disagree strongly	disagree strongly	agree	agree strongly	agree	agree	agree	agree	disagree	agree	agree	agree strongly	disagree	agree	agree	disagree	agree			86	1	13	6	Not Selected	State	0	1	medium
123	boy	agree	agree	agree	disagree	disagree	agree strongly	agree	agree	agree	disagree strongly	10	agree	helemaal niet waar	disagree	disagree	disagree strongly	disagree	disagree	disagree	disagree	disagree	agree	agree	agree strongly	disagree	disagree	agree	disagree	disagree strongly	disagree	agree	disagree strongly	disagree strongly	disagree	disagree	disagree	disagree	disagree	agree	disagree	disagree	disagree strongly	agree strongly	agree	agree	disagree	disagree	disagree			76	1	14	6	Not Selected	State	0	1	medium
127	boy	disagree strongly	agree strongly	disagree strongly	disagree strongly	disagree strongly	agree strongly	agree strongly	disagree strongly	disagree strongly	disagree strongly	10	agree strongly	helemaal niet waar	agree strongly	agree strongly	disagree strongly	agree strongly	disagree	disagree strongly	disagree strongly	agree strongly	agree	agree strongly	agree strongly	disagree	disagree	agree strongly	disagree strongly	disagree strongly	agree	disagree strongly	disagree strongly	disagree strongly	disagree	agree	agree strongly	agree	disagree	disagree	agree strongly	disagree strongly	disagree strongly	agree strongly	agree	disagree strongly	agree strongly	agree	agree strongly			82	1	10	6	Not Selected	State	0	1	medium
121	boy	disagree strongly	disagree strongly	agree	agree strongly	agree strongly	agree strongly	disagree strongly	disagree strongly	agree strongly	disagree strongly	0	disagree strongly	helemaal niet waar	agree strongly	agree strongly	disagree strongly	agree strongly	agree	agree	agree strongly	disagree strongly	agree	agree strongly	agree strongly	agree strongly	agree strongly	agree strongly	disagree strongly	disagree strongly	agree	agree	disagree strongly	agree strongly	agree	agree	agree	disagree strongly	agree	agree	agree	disagree strongly	agree	agree	agree	disagree strongly	agree	agree strongly	agree strongly			77.8	1	10	6	Not Selected	State	0	1	medium
119	boy	agree	disagree	agree	agree strongly	disagree strongly	disagree	disagree strongly	agree strongly	agree strongly	agree strongly	0	agree	een beetje waar	disagree	agree strongly	disagree strongly	agree	disagree strongly	disagree	disagree	agree	agree	disagree	agree strongly	disagree	agree strongly	agree	agree	disagree	disagree	disagree	disagree strongly	agree	disagree	agree	disagree strongly	disagree strongly	disagree	disagree	agree strongly	agree	agree	agree strongly	agree	disagree	agree strongly	agree	disagree			76.4	1	10	6	Not Selected	State	0	1	medium
130	boy	disagree	agree strongly	disagree	disagree strongly	agree	agree	agree	disagree strongly	disagree strongly	disagree strongly	10	agree	niet echt waar	disagree strongly	disagree	disagree strongly	disagree	disagree	disagree	disagree strongly	agree	agree	agree	agree	disagree	agree	disagree	disagree strongly	agree strongly	disagree	disagree	disagree strongly	disagree	disagree	disagree strongly	disagree	disagree	disagree	disagree	disagree	disagree strongly	agree	agree strongly	agree	disagree	disagree	agree	disagree			66.3	1	11	7	Not Selected	State	0	1	medium
120	boy	disagree	agree strongly	disagree	agree strongly	agree	agree strongly	agree	disagree	disagree strongly	disagree strongly		agree strongly	helemaal niet waar	agree strongly	disagree	agree strongly	agree		agree strongly	disagree	agree	agree	disagree strongly	agree strongly	agree	disagree strongly	agree strongly	disagree	disagree strongly	agree strongly	agree	disagree strongly	disagree	agree	disagree strongly	agree strongly	agree	agree	disagree	disagree	agree strongly	disagree	agree	agree	disagree strongly	disagree	disagree	agree			67	0	14	7	Not Selected	Catholic	1	0	medium
120	boy	agree	agree	agree	disagree strongly	disagree	agree strongly	agree	agree	disagree	disagree strongly	10	agree strongly	helemaal niet waar	agree	disagree	disagree strongly	agree	disagree strongly	disagree	disagree strongly	agree	agree	agree strongly	disagree strongly	disagree strongly	disagree	agree strongly	disagree strongly	disagree strongly	agree strongly	agree	disagree strongly	disagree strongly	disagree strongly	disagree	disagree	agree	disagree	disagree strongly	disagree strongly	disagree strongly	agree strongly	agree strongly	agree strongly	disagree strongly	disagree	agree strongly	agree			76.9	1	14	7	Not Selected	Catholic	1	0	medium
126	boy	disagree	disagree strongly	agree	disagree strongly	disagree strongly	agree strongly	disagree strongly	agree strongly	agree strongly	disagree strongly	7	agree	helemaal niet waar	agree strongly	disagree	disagree strongly	agree strongly	agree	agree	disagree strongly	agree	agree	agree strongly	agree strongly	agree	agree	agree strongly	agree	disagree	agree strongly	agree strongly	disagree strongly	disagree strongly	agree	agree	agree	agree	disagree	agree	disagree strongly	disagree strongly	agree	agree	agree	disagree strongly	disagree	agree	agree			88.9	1	15	7	Not Selected	Catholic	1	0	medium
124	boy	disagree	disagree	agree	agree	disagree	agree strongly	disagree	agree	disagree	disagree strongly	9	agree strongly	niet echt waar	agree strongly	disagree	disagree	agree strongly	agree	disagree	agree	agree	agree	agree strongly	agree	agree	agree	agree strongly	disagree	disagree strongly	agree	agree	disagree strongly	disagree	agree	disagree	agree strongly	agree	agree	disagree	disagree	disagree	agree	agree strongly	disagree	disagree strongly	disagree	agree	agree			79.2	0	0	8	Not Selected	Catholic	1	0	medium
127	boy	agree strongly	disagree strongly	agree strongly	agree strongly	disagree	agree	disagree	agree strongly	agree	agree	1	disagree	een beetje waar	agree	agree	disagree	agree	disagree	disagree	agree	disagree	agree	agree	disagree	disagree	agree	agree	disagree	disagree	agree	disagree strongly	disagree strongly	disagree	disagree	disagree	disagree	disagree	agree	disagree	agree	disagree	disagree	agree	agree	disagree strongly	agree	agree strongly	agree			83.4	1	8	8	Not Selected	Catholic	1	0	medium
129	boy	disagree	agree	agree	agree	agree strongly	agree	agree strongly	disagree strongly	disagree strongly	disagree strongly	9	agree strongly	helemaal niet waar	agree strongly	disagree	agree	agree	disagree	disagree	agree strongly	agree strongly	agree	disagree strongly	agree strongly	agree	agree	agree strongly	disagree	disagree strongly	agree	agree	agree	disagree	agree	agree strongly	agree strongly	agree	agree	disagree	disagree	disagree strongly	agree	disagree	disagree	disagree strongly	disagree	agree strongly	disagree strongly			69	1	13	8	Not Selected	Catholic	1	0	medium
131	boy	disagree	disagree	agree	agree	disagree strongly	agree strongly	disagree	agree	agree strongly	disagree strongly	4	agree strongly	helemaal niet waar	agree strongly	disagree	agree strongly	agree	agree	disagree	disagree strongly	agree strongly	agree	agree strongly	agree strongly	agree	disagree	agree strongly	disagree	disagree strongly	agree strongly	agree strongly	agree	disagree strongly	agree	disagree	agree	agree	agree	disagree	disagree	disagree	disagree strongly	agree strongly	disagree strongly	disagree strongly	disagree	disagree	agree			83.2	1	14	8	Not Selected	COE	0	0	medium
126	boy	agree strongly	agree	agree strongly	agree	disagree strongly	agree	disagree	agree strongly	agree	disagree strongly	8	agree strongly	een beetje waar	agree	agree	disagree strongly	agree	disagree	disagree	disagree strongly	agree	agree	agree	agree strongly	disagree	disagree strongly	agree strongly	disagree	disagree	agree strongly	disagree	disagree strongly	agree strongly	disagree	disagree	agree	agree	agree	disagree	agree	disagree strongly	disagree strongly	agree strongly	agree	agree	agree	disagree strongly	agree			74.2	1	14	8	Not Selected	COE	0	0	medium
119	boy	agree strongly	disagree strongly	agree strongly	disagree strongly	disagree strongly	agree strongly	disagree	agree strongly	agree strongly	agree strongly	0	disagree	helemaal niet waar	agree strongly	agree	disagree strongly	agree strongly	disagree	agree	disagree strongly	agree strongly	agree	agree strongly	agree strongly	disagree	agree	agree strongly	agree	disagree strongly	agree strongly	agree	disagree strongly	disagree strongly	disagree	disagree	agree strongly	agree	agree strongly	agree	agree	agree	disagree	agree strongly	agree strongly	disagree strongly	agree	agree	agree			80.4	1	14	8	Not Selected	COE	0	0	medium
119	boy	agree	disagree strongly	agree strongly	disagree	disagree strongly	agree strongly	disagree	agree	agree strongly	agree	0	disagree strongly	helemaal waar	agree strongly	agree strongly	agree strongly	agree	disagree strongly	disagree	agree	disagree strongly	agree	disagree	agree strongly	disagree	agree strongly	agree strongly	disagree	agree	agree strongly	disagree strongly	disagree strongly	agree strongly	disagree	agree strongly	disagree strongly	disagree strongly	disagree	disagree	agree	disagree strongly	agree strongly	agree	agree strongly	disagree strongly	agree	agree strongly	disagree strongly			84.4	1	16	8	Not Selected	COE	0	0	medium
130	boy	agree	disagree	disagree strongly	disagree strongly	agree	agree strongly	disagree	disagree strongly	disagree strongly	disagree strongly	9	agree strongly	helemaal niet waar	agree	disagree strongly	disagree strongly	disagree	disagree strongly	disagree	agree	agree	agree	disagree	disagree	disagree	disagree	agree strongly	disagree strongly	agree	disagree	agree	disagree strongly	disagree	disagree	disagree	disagree	agree	disagree	disagree	disagree	disagree	agree	agree	agree	disagree	disagree	agree	disagree			79.1	1	16	8	Not Selected	COE	0	0	medium
124	boy	disagree strongly	agree strongly	agree strongly	disagree strongly	disagree strongly	agree	agree strongly	disagree strongly	disagree strongly	agree strongly	0	agree	een beetje waar	agree strongly	disagree	disagree strongly	disagree	disagree	disagree	disagree strongly	disagree	agree	agree	disagree	disagree	agree	agree strongly	disagree	agree	disagree	agree	disagree	agree	disagree	agree	disagree	disagree	disagree	disagree	disagree	agree	agree	agree	disagree	disagree strongly	disagree strongly	agree	disagree			81.5	1	17	8	Not Selected	COE	0	0	medium
125	boy	agree strongly	disagree strongly	disagree	agree	disagree strongly	agree	disagree strongly	disagree strongly	agree strongly	disagree strongly	0	agree	niet echt waar	agree	agree	agree	disagree strongly	agree	agree	agree strongly	disagree strongly	agree	agree	agree strongly	agree	disagree	agree strongly	disagree	disagree	agree	disagree	disagree strongly	agree	agree strongly	disagree	disagree	disagree strongly	disagree	disagree strongly	agree	disagree strongly	agree strongly	agree strongly	disagree	disagree strongly	agree	agree strongly	disagree			82.8	1	15	9	Not Selected	COE	0	0	medium
129	boy	disagree	agree	agree strongly	agree strongly	disagree strongly	agree strongly	disagree strongly	agree	agree strongly	disagree strongly	8	agree	helemaal niet waar	disagree	disagree strongly	agree	disagree	disagree strongly	disagree strongly	agree	agree strongly	agree	disagree	disagree	disagree	agree	agree strongly	disagree strongly	agree strongly	disagree	agree	disagree strongly	disagree strongly	disagree strongly	agree	disagree	agree	disagree	disagree	disagree strongly	agree	agree	disagree	agree	agree	disagree	disagree	agree			78	1	15	9	Not Selected	COE	0	0	medium
140	boy	disagree	agree	disagree strongly	disagree strongly	agree strongly	agree strongly	agree strongly	agree	disagree strongly	disagree strongly	10	agree strongly	helemaal niet waar	agree strongly	agree strongly	disagree strongly	agree strongly	agree strongly	agree strongly	disagree strongly	agree strongly	agree	agree strongly	agree strongly	agree strongly	disagree strongly	agree strongly	agree	disagree strongly	agree strongly	agree	disagree strongly	disagree strongly	agree strongly	disagree strongly	agree strongly	agree strongly	agree strongly	agree	agree	disagree	agree	agree strongly	agree	disagree strongly	agree	disagree strongly	agree strongly			67.9	1	16	9	Not Selected	COE	0	0	medium
137	boy	disagree strongly	agree	disagree strongly	disagree strongly	disagree	agree strongly	agree	agree strongly	disagree strongly	disagree strongly	10	agree strongly	helemaal niet waar	disagree strongly	agree	disagree strongly	disagree	disagree strongly	disagree strongly	disagree strongly	agree	agree	disagree	agree strongly	disagree	disagree strongly	disagree	disagree strongly	agree strongly	agree strongly	agree	disagree strongly	disagree strongly	disagree	agree	disagree	agree strongly	agree	disagree	disagree	agree strongly	agree strongly	agree strongly	agree strongly	agree strongly	agree	disagree strongly	agree			66	1	16	9	Not Selected	COE	0	0	medium
130	boy	disagree strongly	agree	disagree strongly	disagree strongly	disagree	agree strongly	agree	disagree	disagree strongly	disagree strongly	7	agree strongly	een beetje waar	agree strongly	disagree	disagree strongly	agree	agree strongly	disagree	disagree strongly	disagree	agree	agree	agree strongly	agree strongly	disagree strongly	agree strongly	disagree	disagree strongly	agree strongly	agree strongly	disagree strongly	disagree strongly	agree strongly	disagree	disagree	agree	agree	disagree	disagree strongly	disagree	agree strongly	agree strongly	disagree strongly	disagree strongly	disagree	agree	agree			84	1	16	9	Not Selected	COE	0	0	medium
120	boy	disagree strongly	agree	disagree	agree	disagree strongly	agree	disagree	agree	agree strongly	disagree	6	agree	niet echt waar	agree	disagree	disagree strongly	agree	agree strongly	agree	disagree strongly	agree strongly	agree	agree strongly	agree strongly	agree	agree	agree strongly	disagree	disagree strongly	agree	agree	disagree strongly	disagree strongly	agree	agree	agree strongly	agree strongly	agree strongly	agree	disagree	disagree	disagree strongly	agree	disagree strongly	agree	disagree	agree	agree			74	1	16	9	Not Selected	COE	0	0	medium
120	boy	disagree	disagree	agree	disagree strongly	disagree strongly	agree strongly	disagree strongly	disagree	disagree	disagree strongly	8	agree strongly	helemaal niet waar	agree strongly	disagree	disagree strongly	agree	disagree	disagree	disagree strongly	agree strongly	agree	agree	agree strongly	disagree	agree strongly	agree strongly	disagree	disagree strongly	disagree	agree	disagree strongly	disagree strongly	disagree	agree strongly	disagree	disagree strongly	disagree	disagree strongly	disagree	disagree strongly	agree	agree strongly	agree	disagree strongly	disagree strongly	disagree	disagree strongly			71	1	18	9	Not Selected	COE	0	0	medium
124	boy	agree	agree	agree strongly	agree strongly	disagree	agree strongly	agree	disagree	disagree	disagree strongly	10	agree strongly	helemaal niet waar	agree strongly	agree	disagree	agree	disagree strongly	disagree	disagree strongly	agree strongly	agree	agree strongly	agree strongly	disagree	agree	agree strongly	disagree	disagree	agree strongly	disagree strongly	disagree strongly	disagree strongly	disagree strongly	disagree strongly	agree	agree strongly	agree strongly	disagree	agree	disagree strongly	disagree strongly	agree strongly	agree	disagree strongly	agree	agree	agree strongly			76	1	18	9	Not Selected	COE	0	0	medium
122	girl	agree strongly	disagree strongly	agree	disagree strongly	disagree	agree strongly	agree strongly	agree	disagree strongly	disagree strongly	6	agree strongly	helemaal niet waar	agree	disagree	disagree strongly	agree	agree	disagree strongly	disagree strongly	agree	agree	agree strongly	agree strongly	disagree	agree	agree	disagree	disagree	disagree	agree	disagree strongly	disagree strongly	disagree	agree	disagree	disagree	agree	disagree	disagree	disagree	disagree	agree strongly	agree	disagree strongly	disagree	disagree	agree			72	1	6	2	Selected	State	0	1	medium
128	girl	disagree strongly	agree strongly	disagree strongly	disagree strongly	disagree	agree strongly	agree strongly	disagree strongly	disagree strongly	disagree strongly	10	agree	niet echt waar	agree	agree	disagree strongly	disagree strongly	agree	agree	disagree	agree	agree	agree	disagree	agree	disagree	agree	agree	agree strongly	disagree strongly	disagree	disagree strongly	disagree	agree	agree strongly	disagree strongly	disagree	disagree	agree	agree	disagree	disagree	agree	agree	disagree	agree	agree	disagree			82.5	1	14	3	Selected	State	0	1	medium
127	girl	agree	disagree	disagree	disagree	agree	agree strongly	disagree	agree	agree	disagree	5	agree strongly	een beetje waar	disagree	agree	disagree strongly	disagree	disagree	disagree	disagree	agree	agree	disagree	agree strongly	disagree strongly	disagree	agree	disagree strongly	agree	agree	agree	disagree	disagree	disagree strongly	agree	disagree	agree	agree	disagree	disagree	agree	agree	agree	agree strongly	agree strongly	disagree	disagree	disagree			79	1	0	4	Selected	State	0	1	medium
125	girl	agree	agree	agree strongly	disagree	agree strongly	agree strongly	agree	disagree	disagree	disagree	8	agree	helemaal waar	agree	disagree	disagree strongly	agree	agree	disagree	agree	agree	agree	agree strongly	agree strongly	agree	agree	agree strongly	disagree	disagree	agree	agree	disagree strongly	agree	agree	agree	agree	agree	agree	disagree	disagree strongly	disagree	disagree	agree strongly	disagree	disagree	disagree	disagree	agree			77	0	2	4	Selected	State	0	1	medium
123	girl	agree strongly	disagree	agree	disagree	disagree	disagree	agree	agree	disagree	disagree	3	agree	niet echt waar	disagree strongly	disagree strongly	disagree	disagree strongly	disagree	disagree	disagree	disagree	agree	agree strongly	agree	disagree	disagree	disagree strongly	disagree strongly	agree	agree	agree	disagree	agree	disagree	agree	disagree	disagree strongly	disagree	disagree	disagree	agree	agree	agree strongly	agree strongly	agree	disagree	agree strongly	disagree strongly			64.5	1	6	4	Selected	State	0	1	medium
123	girl	agree	disagree strongly	agree strongly	agree strongly	disagree strongly	agree	disagree strongly	agree strongly	agree strongly	disagree	0	disagree	een beetje waar	agree strongly	agree	disagree strongly	agree strongly	disagree	disagree	disagree	agree	agree	agree	agree strongly	disagree	disagree	agree strongly	disagree strongly	disagree	agree	disagree	disagree strongly	disagree	agree	agree	agree	disagree	agree	disagree	disagree	disagree strongly	disagree	agree	disagree	disagree strongly	disagree	agree	agree			72.3	1	6	4	Selected	State	0	1	medium
125	girl	disagree	disagree	disagree	agree	agree strongly	agree strongly	agree	agree	agree	disagree	8	agree strongly	helemaal niet waar	disagree	disagree	disagree strongly	agree	disagree	disagree	disagree	agree	agree	agree strongly	agree strongly	agree	disagree strongly	agree strongly	disagree	disagree strongly	disagree	agree	disagree strongly	disagree strongly	disagree	disagree	disagree	agree	agree	disagree	disagree	disagree	disagree	agree strongly	agree	disagree	disagree	disagree	disagree			78.5	1	7	4	Selected	State	0	1	medium
135	girl	agree strongly	agree strongly	agree	agree strongly	agree	agree	agree	agree strongly	agree strongly	agree strongly	9	agree strongly	helemaal niet waar	agree strongly	agree	agree strongly	agree	disagree	disagree	disagree strongly	agree strongly	agree	agree strongly	agree strongly	disagree	agree strongly	agree strongly	disagree	agree	agree	agree	disagree strongly	disagree strongly	disagree	disagree strongly	agree strongly	agree strongly	agree	disagree	agree	disagree strongly	disagree strongly	agree strongly	agree	disagree strongly	disagree	agree strongly	agree strongly			72	1	7	4	Selected	State	0	1	medium
120	girl	disagree	agree	agree	disagree strongly	agree	agree strongly	agree	disagree strongly	disagree strongly	disagree strongly	9	agree strongly	helemaal niet waar	agree strongly	agree	disagree strongly	disagree	agree	agree	disagree strongly	agree strongly	agree	agree strongly	agree strongly	agree	agree	agree strongly	agree	agree	agree strongly	agree strongly	disagree strongly	disagree strongly	agree	agree	disagree	agree	agree	agree	disagree	disagree strongly	agree	agree strongly	disagree	disagree strongly	disagree	disagree	disagree			77.5	1	8	4	Selected	State	0	1	medium
124	girl	disagree strongly	disagree	agree	agree	disagree strongly		agree	disagree	agree	disagree strongly	5	agree strongly	helemaal niet waar	agree strongly	agree	disagree strongly	agree	disagree strongly	disagree	agree	disagree	agree	agree strongly	agree strongly	disagree strongly	disagree	agree strongly	disagree strongly	disagree strongly	disagree	disagree	disagree strongly	disagree	disagree	disagree strongly	disagree	disagree	disagree	disagree strongly	agree	disagree	disagree	agree strongly	agree	disagree strongly	agree	agree	disagree			86.6	1	12	4	Selected	Catholic	1	0	medium
124	girl	agree	disagree	agree strongly	disagree strongly	disagree strongly	disagree strongly	disagree	agree strongly	agree	agree strongly	2	agree strongly	een beetje waar	agree	agree strongly	disagree strongly	disagree	disagree strongly	disagree	disagree strongly	agree strongly	agree	disagree	agree strongly	disagree strongly	agree	agree strongly	disagree	disagree strongly	disagree strongly	disagree strongly	disagree strongly	disagree strongly	disagree strongly	disagree strongly	disagree strongly	agree strongly	agree	disagree strongly	agree	disagree strongly	disagree	disagree strongly	disagree	disagree strongly	agree	agree strongly	agree			72.4	1	4	5	Selected	Catholic	1	0	medium
124	girl	agree	agree strongly	agree	disagree strongly	agree	agree strongly	agree strongly	disagree strongly	disagree strongly	disagree strongly	10	agree strongly	helemaal niet waar	agree	agree	disagree strongly	disagree	disagree strongly	disagree	agree	disagree	agree	disagree	agree strongly	disagree	agree	agree strongly	disagree	disagree strongly	disagree	disagree	disagree strongly	agree	disagree	agree	agree	disagree strongly	agree	disagree	agree	agree	agree	agree strongly	agree	disagree strongly	agree	agree	agree strongly			84.25	1	4	5	Selected	Catholic	1	0	medium
125	girl	agree	disagree	agree	agree strongly	disagree strongly	agree	disagree strongly	agree strongly	disagree	disagree	5	agree	een beetje waar	agree	agree strongly	disagree strongly	agree	agree	disagree	agree	agree	agree	agree	agree strongly	agree	agree	agree strongly	disagree strongly	disagree strongly	agree	disagree	disagree strongly	agree	agree	agree	agree	disagree	agree	disagree strongly	agree	disagree	agree	agree	agree	disagree	agree	agree strongly	agree strongly			85.1	1	8	5	Selected	Catholic	1	0	medium
122	girl	agree	agree	disagree strongly	disagree strongly	disagree	agree strongly	agree strongly	disagree strongly	disagree strongly	disagree strongly	8	agree strongly	helemaal niet waar	agree strongly	disagree	disagree strongly	disagree	agree	disagree	disagree strongly	agree	agree	agree	agree strongly	agree	disagree	agree strongly	disagree strongly	agree	disagree	agree	disagree strongly	disagree strongly	agree	agree	disagree	disagree strongly	disagree	disagree	disagree strongly	disagree	disagree	agree	disagree	disagree strongly	disagree	agree	disagree			71.5	1	8	5	Selected	Catholic	1	0	medium
132	girl	agree strongly	disagree strongly	agree strongly	agree strongly	agree strongly	agree strongly	disagree strongly	agree	agree strongly	agree	8	agree strongly	helemaal niet waar	agree	agree	disagree strongly	agree	disagree strongly	disagree	disagree strongly	agree strongly	agree	agree strongly	agree strongly	disagree	agree strongly	disagree	disagree	disagree strongly	agree strongly	disagree strongly	disagree strongly	disagree strongly	disagree	disagree strongly	agree strongly	agree strongly	agree strongly	disagree	agree	disagree strongly	agree	agree strongly	agree	disagree	agree	agree strongly	agree strongly			76.5	1	8	5	Selected	Catholic	1	0	medium
122	girl	disagree strongly	disagree	agree	agree	agree strongly	agree strongly	disagree strongly	agree	agree	disagree	5	agree strongly	helemaal niet waar	agree strongly	agree	disagree strongly	agree strongly	agree	agree	disagree strongly	agree strongly	agree	agree strongly	agree strongly	disagree	agree	agree strongly	disagree	disagree strongly	agree strongly	agree	disagree strongly	disagree strongly	disagree	agree	agree strongly	agree strongly	agree strongly	disagree	disagree	disagree strongly	disagree	agree strongly	agree	disagree strongly	agree	disagree strongly	agree strongly			71.5	1	12	5	Selected	Catholic	1	0	medium
132	girl	disagree strongly	disagree	disagree strongly	disagree strongly	disagree	agree strongly	agree	agree	disagree	disagree strongly	9	agree strongly	helemaal niet waar	agree	agree	disagree strongly	agree	disagree	disagree	disagree strongly	agree strongly	agree	agree strongly	agree strongly	disagree	agree	agree strongly	disagree	disagree strongly	agree strongly	disagree	disagree strongly	disagree strongly	disagree	agree	agree	agree	agree	disagree	agree	disagree strongly	agree	agree strongly	agree	disagree strongly	disagree	disagree	agree			69.5	1	16	5	Selected	Catholic	1	0	medium
120	girl	disagree	agree	agree strongly	disagree	disagree	agree strongly	disagree	disagree strongly	disagree strongly	disagree strongly	9	agree strongly	helemaal niet waar	disagree	disagree	disagree strongly	agree strongly	disagree strongly	disagree strongly	disagree strongly	agree strongly	agree	agree	agree	disagree	agree	disagree	disagree	disagree strongly	disagree	agree	disagree strongly	disagree strongly	disagree	disagree strongly	agree strongly	agree	disagree	disagree	disagree	disagree	disagree strongly	agree strongly	agree	disagree	disagree	disagree strongly	agree			89.5	1	16	5	Selected	Catholic	1	0	medium
125	girl	disagree	disagree strongly	agree	disagree strongly	agree	agree strongly	disagree strongly	agree strongly	agree	disagree strongly	8	agree strongly	helemaal niet waar	agree	agree strongly	agree strongly	agree strongly	disagree	disagree	disagree strongly	agree strongly	agree	agree strongly	agree strongly	disagree	disagree	agree	disagree strongly	disagree strongly	agree strongly	disagree	disagree strongly	disagree strongly	disagree	agree	agree strongly	agree strongly	disagree	disagree	agree strongly	agree	agree	agree strongly	agree	agree	agree strongly	disagree strongly	agree			87	1	3	6	Selected	Catholic	1	0	medium
121	girl	disagree	agree strongly	disagree strongly	disagree strongly	agree	agree strongly	agree strongly	disagree strongly	disagree strongly	disagree strongly	10	agree strongly	helemaal niet waar	agree	agree	disagree strongly	agree	agree	disagree	disagree strongly	agree	agree	agree strongly	agree strongly	agree	disagree	agree strongly	disagree	agree	disagree	disagree	disagree strongly	disagree strongly	agree	agree	disagree	agree	agree	disagree	disagree	disagree strongly	agree	agree strongly	disagree strongly	disagree strongly	agree	disagree	agree			86	1	7	6	Selected	Catholic	1	0	medium
126	girl	disagree	agree strongly	disagree strongly	disagree strongly	agree	agree strongly	agree strongly	disagree strongly	disagree strongly	disagree strongly	9	agree strongly	helemaal niet waar	agree	agree strongly	disagree strongly	disagree	disagree	disagree	disagree strongly	agree strongly	agree	agree strongly	agree strongly	disagree	disagree	agree strongly	disagree	disagree	agree	disagree strongly	disagree strongly	disagree strongly	disagree	agree	agree	agree	agree	disagree	disagree	disagree	agree	agree strongly	disagree strongly	disagree	agree	disagree	agree			78	0	8	6	Selected	Catholic	1	0	medium
127	girl	disagree strongly	agree strongly	disagree	agree strongly	agree strongly	agree strongly	agree	disagree strongly	disagree	disagree strongly	10	agree strongly	helemaal niet waar	agree	agree	disagree strongly	agree	disagree	disagree	disagree strongly	agree	agree	disagree strongly	agree strongly	disagree	disagree	agree strongly	disagree	disagree	agree	disagree	disagree strongly	disagree strongly	agree	disagree	agree	disagree	agree	disagree	disagree	disagree	disagree	agree strongly	agree	disagree	agree	disagree strongly	agree			77.25	1	9	6	Selected	State	0	1	medium
123	girl	agree	agree strongly	agree strongly	agree	disagree strongly	agree strongly	agree strongly	agree strongly	agree strongly	agree	9	agree strongly	een beetje waar	agree strongly	agree	disagree strongly	agree	agree strongly	agree	disagree strongly	agree strongly	agree	disagree strongly	agree strongly	agree strongly	agree	agree strongly	agree	disagree strongly	agree strongly	disagree strongly	disagree strongly	disagree	agree strongly	disagree strongly	agree strongly	agree strongly	agree	agree	agree	disagree strongly	disagree	agree strongly	disagree strongly	disagree strongly	agree	disagree strongly	agree			89.9	1	10	6	Selected	State	0	1	medium
131	girl	disagree strongly	agree strongly	disagree	disagree strongly	disagree	agree strongly	agree strongly	disagree strongly	disagree strongly	disagree strongly	9	agree strongly	helemaal niet waar	agree	agree	disagree strongly	agree	disagree strongly	disagree	disagree strongly	agree strongly	agree	agree strongly	agree strongly	disagree	disagree strongly	disagree strongly	disagree strongly	disagree strongly	disagree strongly	disagree strongly	disagree strongly	disagree strongly	disagree strongly	agree	disagree strongly	agree	disagree	disagree strongly	disagree	disagree	disagree strongly	agree strongly	agree	disagree	agree	disagree strongly	disagree			73	1	10	6	Selected	State	0	1	medium
128	girl	disagree	agree	disagree	disagree	agree	agree strongly	agree	disagree	disagree strongly	agree strongly	7	agree strongly	helemaal niet waar	agree strongly	disagree	disagree strongly	agree	disagree	disagree	disagree strongly	agree strongly	agree	disagree	agree strongly	disagree	agree	agree strongly	disagree	agree	agree strongly	agree	disagree strongly	disagree strongly	disagree	agree	agree strongly	agree strongly	agree	disagree	disagree	disagree strongly	disagree	agree strongly	agree	disagree	disagree	agree	agree strongly			79.5	0	12	6	Selected	State	0	1	medium
118	girl	agree	disagree strongly	agree strongly	agree strongly	disagree strongly	disagree strongly	disagree strongly	agree strongly	agree strongly	agree strongly	0	disagree	niet echt waar	disagree strongly	disagree strongly	disagree	agree	disagree strongly	disagree strongly	agree	disagree strongly	agree	agree strongly	disagree	disagree strongly	agree	agree strongly	disagree strongly	disagree strongly	disagree strongly	agree	disagree	disagree	disagree	agree	disagree	disagree strongly	disagree strongly	disagree strongly	disagree strongly	agree	agree	agree	agree	disagree	disagree strongly	agree strongly	agree			82.6	1	12	6	Selected	COE	0	0	medium
123	girl	disagree	disagree	agree	agree strongly	agree	agree	agree	agree	disagree	agree strongly	10	agree strongly	helemaal niet waar	agree strongly	agree strongly	disagree strongly	agree	agree strongly	disagree	disagree strongly	agree strongly	agree	agree strongly	agree strongly	agree strongly	disagree strongly	agree strongly	disagree	disagree strongly	agree strongly	agree	disagree strongly	disagree strongly	agree strongly	disagree strongly	agree strongly	agree	agree strongly	disagree	agree	disagree strongly	disagree	agree strongly	disagree strongly	disagree strongly	agree	disagree	agree strongly			85	1	12	6	Selected	COE	0	0	medium
133	girl	agree	disagree	agree	disagree	disagree	agree strongly	disagree strongly	disagree	agree	agree	4	agree strongly	helemaal niet waar	agree	disagree	disagree strongly	agree	disagree	disagree	disagree	agree	agree	disagree	agree strongly	disagree	agree	agree	disagree	disagree	agree	agree	disagree strongly	disagree strongly	disagree	agree	agree	agree	agree	disagree	disagree	disagree strongly	disagree	agree strongly	disagree	disagree	disagree	agree	agree strongly			58	1	14	6	Selected	COE	0	0	medium
123	girl	agree	disagree strongly	disagree	agree strongly	disagree strongly	agree strongly	disagree strongly	agree	agree strongly	disagree strongly	0	agree strongly	niet echt waar	agree	disagree	disagree strongly	disagree	disagree strongly	disagree strongly	disagree	agree	agree	agree strongly	agree strongly	disagree	agree strongly	agree strongly	disagree strongly	agree	disagree	disagree strongly	disagree strongly	agree	disagree strongly	agree	agree strongly	disagree	disagree strongly	disagree	disagree	agree	agree	agree strongly	agree	disagree strongly	disagree	agree strongly	disagree strongly			70.7	1	0	6	Selected	State	0	1	medium
129	girl	agree	disagree	agree	agree strongly	disagree strongly	disagree	disagree	agree strongly	agree strongly	disagree	0	disagree strongly	helemaal niet waar	agree	agree strongly	disagree strongly	agree strongly	disagree	disagree	agree strongly	disagree	agree	agree strongly	disagree	disagree strongly	agree strongly	agree strongly	disagree strongly	agree strongly	agree	disagree strongly	disagree strongly	agree strongly	disagree	agree	disagree strongly	disagree strongly	agree	disagree strongly	agree strongly	agree strongly	agree	disagree	agree strongly	disagree strongly	agree strongly	agree strongly	disagree strongly			82.9	0	10	6	Selected	State	0	1	medium
121	girl	disagree	agree	agree	agree strongly	disagree strongly	agree	disagree	disagree strongly	disagree strongly	disagree	1	agree	helemaal niet waar	agree	disagree	disagree strongly	disagree	disagree strongly	disagree	disagree	agree	agree	agree	disagree	disagree	agree	agree strongly	disagree	agree	disagree strongly	disagree	disagree strongly	disagree strongly	disagree	disagree	disagree strongly	disagree strongly	agree	disagree	disagree	disagree	disagree	disagree	disagree	disagree strongly	disagree	agree	disagree			79.5	1	10	6	Selected	State	0	1	medium
123	girl	disagree strongly	agree strongly	disagree strongly	disagree strongly	disagree	agree strongly	agree strongly	disagree strongly	agree	disagree strongly	8	agree strongly	helemaal niet waar	disagree strongly	disagree	agree strongly	agree strongly	disagree	disagree	disagree strongly	agree strongly	agree	disagree	agree strongly	agree	agree strongly	disagree strongly	disagree strongly	disagree strongly	disagree	agree strongly	disagree strongly	disagree strongly	agree	disagree strongly	agree strongly	agree strongly	agree strongly	agree	disagree strongly	agree strongly	disagree strongly	agree strongly	disagree strongly	agree strongly	disagree	agree strongly	disagree			90	1	10	6	Selected	State	0	1	medium
126	girl	agree	agree	agree strongly	disagree	disagree strongly	agree strongly	disagree	disagree	agree strongly	disagree strongly	9	agree strongly	helemaal niet waar	agree	agree	disagree strongly	disagree	disagree	agree	disagree strongly	agree	agree	agree strongly	agree strongly	disagree	disagree strongly	agree strongly	agree	disagree strongly	agree strongly	agree	disagree strongly	disagree strongly	disagree	disagree strongly	agree	agree	disagree	disagree	agree	agree	agree	agree strongly	agree	disagree	disagree	disagree strongly	disagree			83	1	10	6	Selected	State	0	1	medium
141	girl	disagree strongly	agree	agree	agree strongly	agree	agree strongly	agree strongly	disagree strongly	disagree strongly	disagree strongly	10	agree	een beetje waar	disagree strongly	disagree strongly	agree strongly	disagree	disagree strongly	disagree	agree strongly	disagree	agree	agree strongly	agree strongly	disagree	agree strongly	agree strongly	disagree strongly	disagree strongly	agree	agree	disagree strongly	disagree strongly	disagree strongly	agree strongly	disagree	agree	disagree	disagree	disagree	agree	agree	agree strongly	agree	agree	disagree strongly	agree strongly	disagree			58	1	10	6	Selected	State	0	1	medium
127	girl	disagree	disagree	agree	agree strongly	disagree strongly	disagree strongly	disagree strongly	agree strongly	agree	agree strongly	4	agree	helemaal niet waar	disagree	disagree	disagree strongly	agree strongly	disagree strongly	disagree	disagree strongly	disagree	agree	disagree strongly	disagree	disagree strongly	agree strongly	agree strongly	disagree strongly	disagree strongly	disagree strongly	agree strongly	disagree	disagree	disagree	agree	disagree	disagree	disagree	disagree	disagree	disagree	agree	agree	agree	disagree	disagree	disagree	disagree			83.3	1	10	6	Selected	State	0	1	medium
127	girl	disagree strongly	agree	disagree strongly	agree	agree	agree	disagree	disagree strongly	disagree strongly	disagree	8	agree strongly	een beetje waar	agree	agree strongly	disagree strongly	disagree strongly	disagree	disagree	disagree	agree	agree	disagree strongly	disagree	disagree strongly	disagree strongly	agree	disagree strongly		disagree	disagree	disagree strongly	disagree	disagree	agree	disagree	agree	agree	disagree strongly	agree	agree		agree	agree	disagree	agree	disagree strongly	disagree			74.3	1	10	6	Selected	State	0	1	medium
128	girl	disagree	agree	disagree	disagree strongly	disagree strongly	agree	agree strongly	disagree strongly			8	agree	een beetje waar	agree strongly	agree	disagree strongly	disagree	disagree strongly	disagree	disagree	disagree	agree	agree strongly	agree strongly	disagree	disagree	agree strongly	disagree strongly	disagree strongly	agree	disagree strongly	disagree strongly	agree	disagree	agree strongly	agree strongly	disagree	agree	disagree	agree	disagree strongly	disagree	agree strongly	agree	disagree strongly	agree	agree strongly	agree			82.1	1	10	6	Selected	State	0	1	medium
123	girl	disagree	agree	agree	agree	agree	agree	disagree	disagree	disagree	disagree strongly	7	agree	helemaal niet waar	agree	disagree	disagree strongly	disagree	disagree	disagree	disagree strongly	agree strongly	agree	disagree	agree strongly	disagree	agree strongly	disagree	disagree	disagree	disagree	agree	disagree strongly	disagree strongly	disagree	agree strongly	disagree strongly	disagree strongly	disagree strongly	disagree	disagree	disagree strongly	agree	disagree	agree	disagree	disagree	agree strongly	agree			74	1	10	6	Selected	State	0	1	medium
138	girl	disagree strongly	disagree	agree strongly	agree strongly	disagree strongly	agree strongly	disagree strongly	agree strongly	agree strongly	disagree strongly	2	agree strongly	een beetje waar	agree strongly	agree	agree strongly	agree strongly	disagree	disagree	agree strongly	agree strongly	agree	agree	agree strongly	agree	disagree strongly	agree strongly	disagree	disagree strongly	agree strongly	agree	disagree strongly	disagree strongly	disagree	agree strongly	agree strongly	agree	agree	disagree	disagree	disagree strongly	agree strongly	agree strongly	agree	disagree strongly	disagree	disagree	disagree strongly			87	1	6	7	Selected	State	0	1	medium
131	girl	agree	disagree	disagree	disagree strongly	disagree strongly	agree strongly	disagree	agree	disagree	disagree strongly	8	agree strongly	helemaal niet waar	disagree	disagree	disagree strongly	disagree strongly	disagree	disagree	disagree strongly	agree strongly	agree	agree strongly	agree strongly	disagree	disagree	agree	disagree strongly	disagree strongly	agree strongly	agree strongly	disagree strongly	disagree strongly	agree	agree	agree strongly		agree strongly	disagree	disagree	agree	agree	agree	agree	agree	disagree	agree strongly	agree strongly			67.5	1	9	7	Selected	State	0	1	medium
120	girl	disagree strongly	agree strongly	agree	disagree strongly	agree	agree strongly	agree strongly	disagree strongly	disagree strongly	disagree strongly	9	agree strongly	helemaal niet waar	agree	agree	disagree strongly	agree	disagree strongly	disagree	disagree strongly	agree	agree	agree strongly	agree strongly	disagree strongly	agree	agree strongly	disagree strongly	disagree strongly	agree	disagree	disagree strongly	disagree	disagree strongly	disagree	agree	agree	disagree	disagree	agree	disagree	disagree	agree strongly	agree strongly	disagree strongly	agree	disagree	agree			84.6	1	10	7	Selected	State	0	1	medium
125	girl	agree	disagree	agree strongly	agree strongly	disagree strongly	agree	agree	agree	agree strongly	agree	0	agree	een beetje waar	disagree strongly	agree	disagree strongly	agree	disagree	disagree	agree	agree	agree	agree strongly	agree	agree	disagree	disagree strongly	disagree	disagree	agree	disagree	disagree strongly	agree	disagree	agree	agree	disagree	agree	disagree	disagree	disagree strongly	agree	agree strongly	agree	disagree strongly	agree	agree	agree strongly			73.8	1	13	7	Selected	State	0	1	medium
126	girl	disagree strongly	agree strongly	agree	disagree strongly	disagree strongly	agree strongly	agree strongly	disagree strongly	disagree strongly	disagree strongly	10	agree strongly	helemaal niet waar	disagree strongly	agree	disagree strongly	agree strongly	disagree	agree	disagree strongly	agree	agree	agree strongly	agree strongly	agree	agree	agree strongly	agree	disagree strongly	agree	agree	disagree strongly	agree	agree	agree	agree	agree	agree	agree	agree	disagree strongly	agree	agree strongly	agree	disagree strongly	agree	agree	agree			83.8	1	14	7	Selected	State	0	1	medium
122	girl	disagree strongly	agree strongly	disagree strongly	disagree strongly	agree	agree strongly	agree strongly	disagree	disagree strongly	disagree strongly	8	agree	helemaal niet waar	disagree	disagree	agree	agree	disagree	agree	disagree	agree	agree	disagree	agree strongly	disagree	disagree	agree	disagree	disagree strongly	agree strongly	agree	disagree strongly	disagree strongly	disagree	agree	agree strongly	disagree	agree	disagree	disagree	disagree	disagree	agree	agree	disagree	disagree	disagree	agree			88.5	1	14	8	Selected	Catholic	1	0	medium
125	girl	disagree strongly	agree strongly	disagree strongly	disagree strongly	disagree	agree strongly	agree strongly	disagree strongly	agree strongly	disagree strongly	10	agree strongly	een beetje waar	agree strongly	disagree strongly	disagree strongly	disagree	disagree strongly	disagree strongly	agree strongly	agree	agree	disagree	disagree	disagree strongly	agree	agree strongly	disagree strongly	disagree strongly	disagree	disagree	disagree strongly	agree	disagree strongly	agree	agree strongly	disagree strongly	disagree	disagree	disagree strongly	agree strongly	disagree strongly	agree strongly	agree	disagree strongly	disagree strongly	agree strongly	agree			61	1	14	8	Selected	Catholic	1	0	medium
141	girl	agree strongly	disagree strongly	agree strongly	agree strongly	disagree strongly	disagree strongly	disagree strongly	agree strongly	agree	agree strongly	0	agree strongly	helemaal niet waar	disagree	agree strongly	agree strongly	agree strongly	disagree strongly	disagree strongly	disagree strongly	agree strongly	agree	agree strongly	agree strongly	disagree strongly	disagree strongly	agree strongly	disagree strongly	disagree strongly	agree	disagree strongly	disagree strongly	disagree strongly	disagree strongly	disagree strongly	agree strongly	agree strongly	disagree	disagree strongly	agree strongly	disagree strongly	disagree	agree strongly	agree strongly	disagree	agree strongly	agree	agree strongly			68.3	1	15	8	Selected	State	0	1	medium
139	girl	disagree strongly	agree strongly	disagree	disagree strongly	agree	agree strongly	agree strongly	disagree strongly	disagree strongly	disagree strongly	10	agree strongly	helemaal niet waar	agree	agree	disagree strongly	disagree	disagree	disagree	disagree strongly	agree strongly	agree	agree strongly	agree strongly	disagree	disagree	agree strongly	disagree	agree	disagree strongly	disagree	disagree strongly	disagree strongly	disagree	agree	disagree	agree	agree	disagree	disagree	agree	agree	agree strongly	agree	agree	agree	agree strongly	disagree strongly			57	1	15	8	Selected	State	0	1	medium
120	girl	disagree strongly	agree	agree	disagree strongly	disagree strongly	agree	disagree	disagree	disagree	disagree strongly	8	agree strongly	helemaal niet waar	disagree	agree	disagree strongly	agree	disagree strongly	disagree	disagree strongly	disagree	agree	agree	agree strongly	disagree strongly	agree	agree strongly	disagree	disagree	disagree	agree	disagree strongly	disagree strongly	disagree	agree	agree	agree	agree	disagree	disagree strongly	disagree strongly	disagree	agree strongly	agree	disagree	disagree	disagree strongly	disagree			68.4	1	18	8	Selected	State	0	1	medium
121	girl	agree	agree strongly	disagree	disagree	agree strongly	disagree	agree strongly	agree strongly	disagree	disagree strongly	0	agree	een beetje waar	agree	disagree strongly	disagree strongly	disagree	agree	disagree	agree	disagree	agree	disagree	agree	agree	agree	agree	disagree	disagree	disagree	agree	disagree strongly	disagree strongly	agree strongly	disagree strongly	agree	agree strongly	agree	disagree	disagree strongly	disagree strongly	agree	agree strongly	disagree strongly	disagree strongly	disagree	agree strongly	agree			80.5	1	10	9	Selected	State	0	1	medium
123	girl	agree	disagree	disagree	agree	disagree	agree strongly	disagree	disagree	agree	disagree	6	agree	een beetje waar	disagree	disagree	disagree strongly	disagree strongly	disagree	disagree strongly	agree	disagree	agree	agree strongly	agree	disagree	disagree	agree strongly	disagree	disagree	disagree	agree	disagree strongly	agree	disagree	agree	disagree	disagree	disagree	disagree	disagree	agree strongly	agree	agree strongly	agree	agree	disagree	agree	disagree			72.5	1	15	9	Selected	State	0	1	medium
123	girl	disagree strongly	agree strongly	agree	disagree strongly	agree strongly	agree strongly	disagree strongly	agree	agree strongly	agree strongly	6	agree strongly	helemaal waar	disagree	disagree	disagree strongly	disagree strongly	disagree strongly	agree	disagree strongly	agree strongly	agree	agree strongly	agree strongly	disagree	disagree	agree strongly	disagree	disagree	disagree	disagree strongly	disagree strongly	agree strongly	disagree strongly	disagree	disagree	agree strongly	disagree	disagree	disagree	disagree strongly	agree	agree	disagree	disagree strongly	disagree	disagree strongly	disagree				0	16	9	Selected	State	0	1	medium
120	girl	agree	disagree strongly	agree strongly	disagree	disagree strongly	agree	disagree strongly	agree strongly	agree	disagree strongly	2	agree	niet echt waar	agree	agree	disagree strongly	agree	agree	disagree	disagree	disagree	agree	agree strongly	agree strongly	agree	agree	agree strongly	disagree	disagree	agree	disagree strongly	disagree strongly	disagree	agree strongly	disagree	agree	agree	agree strongly	disagree	disagree	agree	disagree	agree strongly	disagree strongly	disagree	disagree	disagree	agree			80.4	1	16	9	Selected	State	0	1	medium
142	girl	disagree	agree	agree	disagree strongly	disagree strongly	agree strongly	agree	disagree	agree	disagree strongly	8	agree strongly	helemaal niet waar	agree	agree	disagree strongly	agree strongly	disagree	disagree	disagree strongly	agree strongly	agree	agree strongly	agree strongly	disagree strongly	agree	disagree	disagree	disagree strongly	disagree	disagree	disagree strongly	disagree strongly	disagree	disagree	agree strongly	agree	disagree	disagree strongly	agree	disagree	disagree	agree strongly	agree	disagree	agree	disagree	agree strongly			69	1	18	9	Selected	State	0	1	medium
131	girl	agree strongly	disagree strongly	agree strongly	agree	disagree strongly	agree	disagree strongly	agree strongly	agree strongly	agree	3	disagree	een beetje waar	agree	disagree	disagree strongly	agree strongly	agree	disagree	agree strongly	disagree strongly	agree	disagree	agree	agree	agree strongly	agree	disagree strongly	disagree	agree strongly	agree	disagree strongly	agree	agree	agree	disagree	disagree	disagree	disagree	disagree	disagree strongly	disagree	disagree	disagree	agree	disagree	agree strongly	disagree			83.5	0	10	10	Selected	State	0	1	medium
121	girl	disagree	agree	disagree	agree strongly	disagree	disagree	disagree	disagree	disagree strongly	disagree		disagree	een beetje waar	disagree	agree	disagree	disagree strongly	disagree strongly	disagree	disagree	disagree	agree	disagree	agree	disagree	agree strongly	disagree	disagree strongly	agree strongly	disagree	disagree	disagree	agree	agree strongly	agree strongly	disagree	disagree strongly	disagree	disagree	disagree	disagree	agree	agree	agree strongly	agree	disagree	disagree	disagree strongly			83.3	1	16	10	Selected	State	0	1	medium
123	girl	disagree strongly	disagree strongly	agree	disagree strongly	disagree strongly	agree strongly	disagree strongly	agree	agree strongly	agree strongly	9	agree strongly	helemaal niet waar	agree	agree strongly	disagree strongly	agree strongly	disagree strongly	agree	disagree strongly	agree	agree	agree strongly	agree strongly	disagree	agree	agree strongly	agree	disagree strongly	agree	disagree	disagree strongly	disagree strongly	disagree	agree	agree	agree strongly	agree	disagree	agree strongly	disagree strongly	disagree strongly	agree strongly	agree	disagree strongly	agree	disagree	agree			74	1	16	10	Selected	State	0	1	medium
129	boy	agree strongly		agree strongly	agree strongly	disagree strongly	disagree strongly	disagree strongly	agree strongly	agree strongly	agree strongly	0	agree strongly	helemaal niet waar	agree strongly	agree strongly	agree strongly	agree strongly	agree strongly	agree strongly	agree strongly	agree strongly	disagree	agree	agree	disagree	disagree	disagree strongly	disagree strongly	disagree																				69.59	50	64.64	1	2	6	Not Selected	State	0	1	medium
123	boy	agree strongly	agree	agree strongly	agree	agree strongly	agree strongly	disagree strongly	agree strongly	agree	agree strongly	8	agree strongly	een beetje waar	agree strongly	agree	disagree strongly	agree strongly	agree	agree	agree	agree strongly	disagree	agree strongly	agree strongly	agree strongly	agree	agree strongly	agree	disagree strongly	agree strongly	agree	disagree strongly	disagree strongly	disagree strongly	disagree strongly	agree strongly	agree	agree strongly	agree	disagree	disagree strongly	agree	agree strongly	disagree	disagree strongly	agree	agree	agree strongly	59	50.07	58.19	1	7	5	Not Selected	State	0	1	medium
122	girl	disagree strongly	agree strongly	agree strongly	disagree strongly	agree strongly	agree strongly	agree	disagree strongly	disagree strongly	disagree strongly	10	agree strongly	helemaal niet waar	agree strongly	disagree	disagree strongly	agree strongly	disagree	agree	agree strongly	agree strongly	disagree	agree strongly	disagree	agree	agree strongly	agree strongly	disagree strongly	disagree	agree strongly	agree	disagree strongly	agree	agree	agree	disagree	agree strongly	disagree	disagree	agree	disagree strongly	agree	agree strongly	disagree	disagree strongly	disagree	agree strongly	agree	59.38	50.94	59.13	0	0	2	Selected	COE	0	0	medium
129	girl	agree strongly	agree	disagree strongly	disagree strongly	agree strongly	agree strongly	agree	disagree	disagree strongly	disagree strongly	10	agree strongly	helemaal waar	agree strongly	disagree	disagree strongly	disagree	disagree strongly	disagree strongly	disagree strongly	agree strongly	disagree	agree strongly	agree strongly	agree	disagree	agree strongly	disagree strongly	agree strongly	disagree strongly	agree	disagree strongly	disagree strongly	disagree strongly	disagree strongly	disagree	agree strongly	agree	disagree	disagree strongly	disagree	disagree strongly	agree strongly	disagree	disagree strongly	disagree	agree strongly	agree strongly	67.29	53.53	62.1	1	16	8	Selected	State	0	1	medium
129	boy	agree strongly	agree	agree strongly	disagree	disagree strongly	agree	disagree	agree strongly	agree	disagree	9	agree strongly	helemaal niet waar	agree	agree strongly	disagree strongly	agree strongly	disagree	agree	disagree strongly	agree strongly	disagree	agree strongly	agree strongly	agree	disagree strongly	agree	agree	disagree strongly	agree strongly	disagree strongly	disagree strongly	disagree strongly	agree	disagree strongly	agree strongly	agree strongly	agree	agree	agree strongly	disagree strongly	disagree	agree strongly	agree	disagree strongly	agree strongly	disagree strongly	agree strongly	69.83	56.67	68.4	1	10	6	Not Selected	State	0	1	medium
118	boy	agree	agree strongly	disagree strongly	disagree strongly	disagree	agree strongly	agree	agree	agree	disagree strongly	10	agree strongly	helemaal niet waar	agree	agree	disagree strongly	disagree	disagree	disagree	disagree strongly	agree	disagree	agree strongly	agree strongly	disagree	agree	agree strongly	disagree	disagree	agree strongly	agree	disagree strongly	disagree strongly	disagree	disagree	disagree	agree	agree	disagree strongly	disagree	disagree strongly	disagree	agree strongly	agree	disagree	disagree	agree strongly	disagree	58.81	56.86	58.8	1	12	8	Not Selected	Catholic	1	0	medium
119	girl	agree	disagree strongly	agree strongly	agree strongly	disagree strongly	agree	disagree strongly	agree strongly	agree	disagree	4	agree strongly	helemaal niet waar	disagree	disagree	agree strongly	disagree strongly	disagree strongly	disagree	disagree strongly	disagree	disagree	agree	agree strongly	disagree strongly	disagree	agree strongly	disagree strongly	agree strongly	disagree	disagree	disagree strongly	agree strongly	disagree	disagree	disagree strongly	disagree	disagree	disagree strongly	disagree strongly	agree	disagree	agree strongly	agree	disagree	disagree strongly	agree	disagree strongly	67	57	67	0	10	6	Selected	State	0	1	medium
129	boy	agree	agree	agree	agree	disagree strongly	agree	agree	disagree	disagree	disagree strongly	10	agree strongly	een beetje waar	agree strongly	agree strongly	disagree	agree	disagree	disagree	disagree strongly	agree strongly	disagree	disagree	disagree strongly	disagree	disagree strongly	disagree	disagree	disagree	disagree	disagree	disagree	agree	disagree	disagree	agree	disagree	disagree	agree	agree strongly	agree	agree	disagree	disagree	disagree strongly	agree	agree	agree	83	58	70.4	0	4	3	Not Selected	State	0	1	medium
127	boy	agree	disagree	agree	disagree	disagree strongly	agree strongly	disagree strongly	agree strongly	agree strongly	disagree	5	agree	niet echt waar	disagree	agree	disagree strongly	disagree	disagree	disagree	disagree	agree	disagree	agree	agree strongly	agree	disagree	agree strongly	disagree	disagree	agree	disagree	disagree strongly	agree	disagree	disagree	agree	disagree	disagree	agree	disagree	disagree	agree	agree	disagree	disagree	agree	disagree	disagree	68.4	58.3	70.2	1	9	5	Not Selected	State	0	1	medium
120	boy	disagree strongly	agree strongly	disagree	agree strongly	agree strongly	agree strongly	agree strongly	disagree strongly	disagree strongly	disagree strongly	10	agree strongly	helemaal niet waar	agree strongly	agree	disagree strongly	agree strongly	agree strongly	agree	disagree strongly	agree strongly	disagree	agree strongly	agree strongly	agree	agree	agree strongly	agree	disagree strongly	agree strongly	disagree	disagree strongly	disagree strongly	agree strongly	disagree	agree strongly	agree strongly	agree strongly	agree	agree	disagree strongly	disagree strongly	agree strongly	disagree	disagree strongly	agree	disagree	agree strongly	60	59.4	62	1	2	3	Not Selected	State	0	1	medium
125	boy	agree	agree	disagree strongly	disagree	disagree	agree strongly	agree	agree	disagree strongly	disagree strongly	10	agree strongly	helemaal niet waar	agree strongly	agree strongly	disagree strongly	agree strongly	agree strongly	agree	disagree strongly	agree strongly	disagree	agree	agree strongly	agree strongly	agree	agree strongly	agree	disagree strongly	agree	disagree	disagree strongly	disagree strongly	agree strongly	disagree	agree	agree strongly	agree strongly	agree	agree strongly	disagree strongly	disagree strongly	agree strongly	disagree strongly	disagree strongly	agree strongly	disagree strongly	agree strongly	60	60	60.3	1	10	6	Not Selected	State	0	1	medium
127	girl	disagree strongly	agree	agree	agree strongly	disagree strongly	agree strongly	agree	disagree strongly	agree	agree	9	agree strongly	helemaal niet waar	disagree	agree	disagree strongly	disagree	agree	disagree	disagree strongly	agree strongly	disagree	agree strongly	agree strongly	disagree	agree	disagree	disagree	agree	agree strongly	agree	disagree strongly	disagree strongly	agree strongly	agree	disagree strongly	agree	disagree	disagree	disagree strongly	disagree	agree	agree strongly	agree	disagree	disagree strongly	agree	disagree	65.7	60.7	69.8	1	2	4	Selected	State	0	1	medium
125	girl	disagree	agree strongly	agree	disagree strongly	disagree	agree strongly	agree	disagree	disagree strongly	disagree strongly	3	agree strongly	een beetje waar	disagree	disagree	agree strongly	agree strongly	disagree	agree	disagree strongly	agree	disagree	agree strongly	agree strongly	disagree	disagree	agree	disagree	agree strongly	agree	agree		agree	agree	agree strongly	agree	agree	disagree	disagree	disagree	agree strongly	agree	agree strongly	agree	disagree	disagree	disagree	disagree	62.5	61	65.5	1	16	6	Selected	COE	0	0	medium
132	boy	disagree	agree	agree	disagree strongly	agree	agree strongly	agree strongly	disagree strongly	disagree strongly	disagree strongly	10	agree strongly	helemaal niet waar	agree strongly	agree	disagree strongly	agree	agree	disagree	disagree strongly	agree	disagree	agree	agree strongly	agree	disagree strongly	agree strongly	disagree	disagree strongly	disagree	agree	disagree strongly	agree strongly	agree	disagree strongly	agree strongly	agree	agree	disagree	agree	disagree strongly	disagree strongly	agree strongly	disagree strongly	disagree strongly	disagree	disagree strongly	agree	62.5	61.25	63.13	0	10	6	Not Selected	State	0	1	medium
137	boy	agree strongly	agree	disagree strongly	disagree	disagree strongly	agree strongly	disagree strongly	agree	disagree strongly	disagree	6	agree	helemaal niet waar	agree strongly	agree	disagree strongly	agree	disagree	disagree	disagree	agree	disagree	agree strongly	agree strongly	disagree	disagree strongly	agree	disagree	disagree strongly	agree strongly	agree	disagree strongly	disagree strongly	disagree	agree	agree	disagree	agree	disagree	agree	agree	disagree	agree strongly	agree strongly	disagree strongly	agree	disagree	agree	54	61.6	62.5	0	10	6	Not Selected	State	0	1	medium
121	girl	disagree strongly	agree strongly	disagree	disagree strongly	agree	agree strongly	agree	disagree strongly	disagree strongly	disagree strongly	9	agree strongly	helemaal niet waar	agree	disagree	agree strongly	agree strongly	disagree	agree	disagree strongly	agree strongly	disagree	agree	agree strongly	disagree	disagree strongly	agree strongly	disagree	disagree strongly	agree	disagree	disagree strongly	agree strongly	agree	disagree strongly	agree strongly	agree	agree	disagree	disagree	disagree strongly	agree	agree strongly	disagree	disagree strongly	disagree	disagree strongly	agree	70.3	61.7	65.7	1	14	7	Selected	State	0	1	medium
122	boy	disagree	agree strongly	disagree strongly	agree strongly	agree	agree strongly	disagree	disagree strongly	disagree strongly	disagree strongly	9	agree strongly	helemaal niet waar	agree	disagree	disagree strongly	disagree	agree	disagree	disagree strongly	disagree strongly	disagree	agree	agree strongly	agree	disagree strongly	agree strongly	disagree	agree	disagree	disagree	disagree strongly	disagree strongly	agree strongly	agree strongly	disagree	disagree	agree	disagree	disagree strongly	disagree	disagree	agree strongly	disagree strongly	disagree	disagree	disagree	disagree	79	62	72.7	1	6	6	Not Selected	State	0	1	medium
118	boy	agree	agree	agree strongly	disagree strongly	disagree strongly	agree strongly	agree strongly	agree	agree strongly	agree strongly	4	agree	helemaal niet waar	disagree	agree	agree strongly	agree	disagree strongly	agree	disagree strongly	agree strongly	disagree	agree strongly	agree strongly	disagree strongly	agree	agree	agree	agree	agree	disagree	disagree strongly	agree	disagree strongly	disagree	agree	agree	disagree	disagree	agree	agree	agree	agree strongly	agree strongly	agree strongly	agree	agree strongly	agree	73.73	62.35	72	1	16	7	Not Selected	Catholic	1	0	medium
131	girl	disagree strongly	agree	disagree	disagree strongly	agree strongly	agree strongly	agree	disagree	disagree strongly	agree strongly	7	agree strongly	niet echt waar	agree	agree	disagree strongly	agree	disagree	disagree	disagree	agree	disagree	agree strongly	agree	disagree	disagree	agree strongly	disagree strongly	disagree	agree	disagree	disagree strongly	disagree	disagree strongly	disagree	disagree strongly	agree	agree	disagree strongly	disagree	disagree	agree	agree strongly	agree	disagree	agree	agree	disagree	66.8	63.7	65.1	1	18	6	Selected	State	0	1	medium
120	boy	disagree	agree	disagree strongly	disagree strongly	disagree	agree strongly	disagree	disagree strongly	agree	disagree strongly	5	agree strongly	helemaal niet waar	agree strongly	agree	disagree strongly		disagree strongly	disagree	disagree strongly	agree strongly	disagree	agree strongly	agree strongly	disagree	disagree strongly	agree strongly	disagree	disagree strongly	agree strongly	disagree	disagree strongly	disagree strongly	disagree	disagree strongly	agree strongly	agree strongly	agree strongly	agree	disagree	disagree strongly	disagree strongly	agree strongly	disagree	disagree strongly	disagree	disagree strongly	agree	68	64	72.5	1	10	6	Not Selected	State	0	1	medium
128	girl	disagree strongly	agree strongly	disagree strongly	disagree strongly	disagree	agree strongly	agree strongly	disagree strongly	disagree strongly	agree strongly	10	agree strongly	helemaal niet waar	agree strongly	agree strongly	disagree strongly	disagree strongly	disagree strongly	agree strongly		agree strongly	disagree	agree	agree strongly		agree	agree strongly		disagree strongly	agree strongly	disagree strongly	disagree strongly	disagree strongly		agree		agree strongly	agree strongly		agree strongly	disagree strongly	disagree strongly	agree strongly	agree	disagree strongly		agree		84.5	64	77	1	2	5	Selected	Catholic	1	0	medium
136	boy	agree strongly	disagree strongly	disagree strongly	agree strongly	disagree strongly	agree strongly	disagree strongly	agree strongly	agree strongly	disagree strongly	2	agree strongly	een beetje waar	agree	disagree strongly	disagree strongly	agree strongly	disagree strongly	disagree strongly	disagree	disagree	disagree	disagree strongly	agree strongly	disagree	agree strongly	agree strongly	disagree strongly	disagree strongly	agree strongly	disagree	disagree strongly	agree strongly	disagree	disagree strongly	agree	disagree strongly	agree	disagree strongly	disagree strongly	disagree	agree	agree strongly	agree	disagree	disagree strongly	agree strongly	disagree	60.1	64.6	59.8	0	9	3	Not Selected	State	0	1	medium
120	girl	disagree strongly	agree	disagree	disagree strongly	agree	agree strongly	agree	disagree	disagree strongly	disagree strongly	8	agree strongly	niet echt waar	disagree	agree	disagree strongly	agree	disagree strongly	disagree	disagree strongly	agree	disagree	agree strongly	agree strongly	disagree	disagree strongly	disagree	agree	disagree strongly	agree strongly	disagree	disagree strongly	agree strongly	disagree	agree	agree	agree	agree	disagree	agree	agree	agree	agree strongly	disagree	disagree	agree	disagree	agree	84.5	65.67	76	1	10	6	Selected	State	0	1	medium
124	girl	disagree strongly	agree	disagree	disagree	disagree strongly	agree strongly	agree	disagree strongly	disagree strongly	disagree strongly	9	agree strongly	een beetje waar	disagree	disagree	disagree strongly	disagree	disagree	agree strongly	disagree strongly	disagree	disagree	agree	agree strongly	disagree	disagree	agree	disagree	disagree	agree	agree	disagree strongly	disagree	disagree	disagree	disagree	disagree	agree	disagree	disagree	agree	disagree	agree strongly	disagree	disagree	agree	agree	disagree	65	66	67.2	1	8	4	Selected	State	0	1	medium
127	girl	disagree strongly	agree	disagree	disagree strongly	agree	agree strongly	agree	disagree	agree	disagree strongly	7	agree strongly	helemaal niet waar	agree	disagree	disagree strongly	agree	disagree strongly	agree	disagree strongly	agree	disagree	agree strongly	agree strongly	disagree	agree	agree	disagree	disagree	disagree	agree	disagree strongly	disagree strongly	disagree	agree	agree	disagree	disagree	disagree	disagree strongly	disagree	agree	agree strongly	disagree	agree	disagree	agree	agree	75	67	72	1	9	6	Selected	State	0	1	medium
125	girl	disagree	agree	disagree	disagree strongly	disagree	agree strongly	agree	disagree strongly	disagree strongly	disagree strongly	8	agree strongly	helemaal niet waar	agree	agree	disagree strongly	agree strongly	disagree	disagree	disagree strongly	agree	disagree	agree strongly	agree strongly	disagree	disagree strongly	agree strongly	disagree	disagree strongly	agree	disagree strongly	disagree strongly	agree strongly	disagree	disagree strongly	agree	agree	agree	disagree	agree	disagree	disagree	agree strongly	agree	disagree	agree	disagree	agree	83.33	67.5	75	1	16	10	Selected	State	0	1	medium
127	girl	disagree	agree	disagree strongly	disagree	disagree strongly	agree	agree	disagree	disagree strongly	disagree strongly	9	agree	een beetje waar	agree	disagree	disagree	disagree	disagree strongly	disagree strongly	disagree	agree	disagree	agree	agree	disagree	agree	agree strongly	disagree	disagree	disagree	disagree	disagree strongly	disagree strongly	disagree	agree	disagree	agree	agree	disagree	disagree	disagree	disagree	agree	agree	disagree strongly	disagree	disagree	disagree	85	68	77.2	1	10	6	Selected	State	0	1	medium
135	girl	agree strongly	disagree	disagree	disagree	disagree strongly	agree	disagree strongly	agree strongly	agree strongly	disagree	4	agree strongly	een beetje waar	agree	agree	disagree strongly	disagree	disagree strongly	disagree strongly	disagree strongly	agree strongly	disagree	disagree	agree strongly	disagree	disagree strongly	agree strongly	disagree	disagree strongly	disagree	agree	disagree strongly	disagree strongly	disagree	agree	agree strongly	agree strongly	agree	disagree	disagree	disagree strongly	disagree	agree strongly	agree	disagree strongly	agree	disagree strongly	agree	50.6	68.8	65.1	0	14	2	Selected	State	0	1	medium
128	boy	agree	agree strongly	agree strongly	disagree strongly	disagree strongly	agree strongly	agree	disagree strongly	disagree strongly	disagree strongly	9	agree strongly	helemaal niet waar	agree strongly	agree	disagree strongly	agree strongly	disagree	agree strongly	disagree strongly	agree strongly	disagree	agree	agree strongly	agree	disagree strongly	agree strongly	disagree	disagree strongly	agree strongly	disagree	disagree strongly	disagree strongly	disagree	disagree strongly	agree	agree strongly	agree strongly	agree	agree	disagree strongly	disagree strongly	agree strongly	disagree	disagree strongly	agree	agree strongly	agree strongly	82.88	69.41	78.6	1	14	9	Not Selected	COE	0	0	medium
129	girl	agree strongly	agree	disagree	agree strongly	agree strongly	agree strongly	disagree strongly	agree	agree strongly	disagree strongly	7	agree strongly	helemaal waar	agree	agree	agree strongly	disagree strongly	disagree	agree	disagree strongly	agree strongly	disagree	agree strongly	agree strongly	agree	disagree	agree	disagree strongly	disagree	disagree	disagree	disagree strongly	disagree strongly	disagree strongly	disagree strongly	agree	agree strongly	agree	agree	disagree	disagree	agree	agree strongly	disagree	agree	agree	agree strongly	agree strongly	65	69.6	67.8	1	10	6	Selected	State	0	1	medium
124	boy	disagree	disagree	disagree	agree strongly	disagree strongly	agree strongly	disagree	agree	agree strongly	disagree	0	agree strongly	helemaal niet waar	agree strongly	agree	disagree strongly	disagree	disagree	agree	disagree strongly	disagree	disagree	disagree	agree strongly	agree	agree	agree strongly	agree	disagree	agree strongly	agree	disagree strongly	disagree	agree	agree strongly	agree	disagree	agree	agree	disagree	disagree strongly	agree	agree strongly	disagree	disagree strongly	agree	agree	disagree	82	70	80	1	10	6	Not Selected	State	0	1	medium
127	boy	disagree	agree	disagree	agree	agree	agree strongly	agree	agree	agree	disagree	9	agree strongly	niet echt waar	agree strongly	agree strongly	disagree strongly	agree strongly	agree	agree	disagree	disagree	disagree	agree strongly	agree strongly	agree strongly	agree	agree strongly	agree	disagree strongly	agree strongly	disagree	disagree strongly	disagree	agree strongly	agree	agree strongly	disagree	agree strongly	agree strongly	agree strongly	agree strongly	disagree	agree strongly	agree	disagree strongly	agree strongly	agree	agree	89	70	86	1	16	6	Not Selected	State	0	1	medium
128	boy	disagree	agree	disagree strongly	disagree strongly	agree	agree strongly	agree	disagree	disagree strongly	disagree strongly	10	agree strongly	helemaal niet waar	agree strongly	agree strongly	disagree strongly	agree strongly	disagree	agree	disagree strongly	agree strongly	disagree	agree strongly	agree strongly	agree	agree	agree strongly	disagree	disagree strongly	disagree	agree	disagree strongly	disagree strongly	agree strongly	disagree	agree	agree	agree strongly	disagree	disagree	disagree	agree	agree strongly	disagree strongly	disagree strongly	agree	agree strongly	disagree strongly	69	70	70.8	1	10	6	Not Selected	State	0	1	medium
127	girl	agree	agree	disagree	agree	agree	agree strongly	disagree	disagree	disagree	disagree strongly	7	agree	helemaal niet waar	agree	agree	disagree	agree strongly	agree	agree	agree	disagree strongly	disagree	agree	agree	agree	disagree strongly	agree strongly	agree	disagree	agree	agree	disagree strongly	disagree strongly	disagree	agree	agree	disagree	agree strongly	disagree	agree strongly	agree	agree	agree strongly	disagree strongly	agree strongly	agree	disagree	disagree	77.5	70	75	1	10	6	Selected	State	0	1	medium
126	girl	disagree strongly	agree	disagree	agree	agree strongly	agree	disagree strongly	agree	agree strongly	disagree strongly	9	agree strongly	een beetje waar	disagree strongly	disagree	disagree strongly	agree	disagree	disagree	disagree strongly	agree strongly	disagree	agree	agree strongly	disagree	disagree strongly	disagree	disagree	disagree	disagree strongly	agree	disagree strongly	disagree strongly	disagree	disagree strongly	disagree	agree	disagree	disagree strongly	disagree strongly	disagree	disagree	agree strongly	agree	disagree	disagree strongly	disagree	agree	71.3	71.2	75.6	1	10	4	Selected	State	0	1	medium
120	girl	disagree	agree strongly	agree	disagree strongly	disagree	agree strongly	agree	disagree	disagree strongly	disagree strongly	8	agree	niet echt waar	agree	agree	agree	disagree	disagree	disagree	disagree	disagree	disagree	disagree	agree	disagree	agree	agree	disagree	disagree strongly	disagree	disagree	disagree strongly	disagree	disagree	disagree	agree strongly	disagree	disagree	agree	agree	disagree	disagree	agree strongly	agree	disagree	agree	agree	agree strongly	88.4	71.2	84.9	1	10	6	Selected	State	0	1	medium
	boy	disagree	agree	agree	disagree	disagree strongly	agree strongly	agree	disagree	disagree strongly	disagree strongly	8	agree strongly	helemaal niet waar	agree	disagree	disagree strongly	agree	disagree	disagree	disagree strongly	disagree	disagree	agree	agree strongly	disagree	disagree strongly	agree strongly	disagree	disagree	disagree	agree	disagree strongly	disagree	disagree	disagree strongly	agree	disagree	disagree	disagree	disagree	disagree	disagree strongly	agree strongly	agree	disagree strongly	agree	agree	agree	52	71.5	84	1	6	4	Not Selected	State	0	1	medium
127	boy	disagree	agree	disagree	agree	disagree strongly	agree strongly	agree	disagree	disagree strongly	disagree strongly	5	agree	een beetje waar	agree strongly	agree strongly	disagree	agree	agree	agree	disagree	disagree	disagree	disagree	agree strongly	agree	agree strongly	agree strongly	agree	disagree strongly	agree	disagree strongly	disagree strongly	agree	agree	agree strongly	agree	disagree	disagree	agree	agree strongly	disagree strongly	disagree	agree	agree	disagree strongly	agree	agree strongly	agree	88	72	79	1	15	9	Not Selected	COE	0	0	medium
123	boy	agree	agree	agree strongly	disagree strongly		agree strongly	agree	agree	agree	disagree strongly	8	agree strongly	helemaal niet waar	agree	agree	agree strongly	agree	agree	agree	agree	agree strongly	disagree	agree	agree strongly	agree	disagree strongly	agree strongly	agree	agree strongly	agree	disagree	disagree strongly	disagree strongly	agree	disagree strongly	agree strongly	agree	agree	disagree	disagree	disagree strongly	disagree strongly	agree strongly	disagree strongly	disagree strongly	agree	agree	agree	79.4	72.6	79.5	1	12	5	Not Selected	State	0	1	medium
124	boy	disagree	agree strongly	disagree strongly	disagree strongly	disagree strongly	disagree strongly	disagree strongly	disagree strongly	disagree strongly	disagree strongly	10	agree strongly	helemaal niet waar	agree strongly	disagree	disagree strongly	disagree	disagree	disagree	disagree strongly	agree strongly	disagree	agree strongly	agree strongly	disagree	disagree strongly	agree strongly	disagree	disagree strongly	agree strongly	agree	disagree strongly	disagree strongly	disagree	disagree	agree strongly	agree strongly	agree	disagree	disagree	disagree strongly	agree	agree strongly	agree	disagree strongly	disagree	disagree strongly	agree	70	73	77	1	0	2	Not Selected	State	0	1	medium
126	boy	disagree	disagree	disagree strongly	disagree strongly	agree	disagree strongly	disagree	disagree	disagree strongly	disagree strongly	9	agree strongly	helemaal niet waar	agree strongly	agree strongly	disagree strongly	agree	agree	agree	disagree strongly	agree strongly	disagree	agree strongly	agree strongly	agree	disagree strongly	agree strongly	agree	disagree strongly	agree strongly	disagree strongly	disagree strongly	disagree strongly	agree	disagree strongly	agree strongly	agree	agree	agree	agree	disagree strongly	disagree strongly	agree strongly	disagree	disagree strongly	agree	disagree strongly	agree strongly	83	73	78	0	10	8	Not Selected	Catholic	1	0	medium
126	girl	disagree strongly	agree strongly	agree	disagree strongly	disagree strongly	agree strongly	agree	disagree	disagree	disagree	8	agree strongly	een beetje waar	agree strongly	agree	disagree strongly	agree	disagree	agree	disagree	agree	disagree	agree	agree strongly	agree	agree	agree strongly	disagree	agree	agree	disagree	disagree strongly	disagree	agree	agree	agree	disagree	disagree	agree	agree	disagree strongly	agree	agree strongly	agree	disagree strongly	agree	disagree	agree	87	73	80	1	0	4	Selected	State	0	1	medium
116	boy	disagree	agree	agree	disagree strongly	disagree	agree	agree	disagree strongly	disagree	disagree strongly	8	agree	helemaal niet waar	agree strongly	agree strongly	disagree strongly	agree strongly	agree strongly	agree	agree	agree	disagree	agree	agree strongly	agree strongly	agree	agree strongly	agree	disagree strongly	agree	disagree strongly	disagree strongly	disagree strongly	agree strongly	agree	agree	agree	agree	agree	agree	disagree strongly	agree	agree strongly	disagree strongly	disagree strongly	agree	agree	disagree	82.4	73.1	78	1	14	4	Not Selected	State	0	1	medium
130	girl	agree strongly	disagree strongly	agree strongly	agree	disagree strongly	agree strongly	disagree strongly	agree strongly	agree strongly	disagree strongly	0	agree	niet echt waar	agree strongly	agree strongly	disagree strongly	agree	disagree	disagree	disagree	agree	disagree	agree strongly	agree	disagree	disagree	agree strongly	disagree	disagree strongly	agree strongly	disagree strongly	disagree strongly	disagree	disagree strongly	disagree	agree	disagree	agree	disagree	agree	disagree strongly	disagree	agree strongly	agree	disagree strongly	agree	disagree	agree	71	74	71	1	6	3	Selected	State	0	1	medium
119	girl	disagree strongly	agree strongly	agree strongly	disagree	disagree	agree strongly	agree strongly	disagree	disagree	disagree strongly	10	agree strongly	niet echt waar	disagree	agree	disagree strongly	agree	agree	disagree	disagree strongly	agree	disagree	agree strongly	agree strongly	agree	disagree strongly	agree	agree	disagree strongly	agree	disagree strongly	disagree strongly	disagree strongly	agree	disagree strongly	agree	agree	agree	agree	agree	disagree	disagree strongly	agree strongly	disagree strongly	disagree strongly	agree	disagree strongly	agree	82.4	74	79	1	13	8	Selected	Catholic	1	0	medium
127	girl	agree strongly	agree	agree	disagree strongly	disagree strongly	agree strongly	agree strongly	disagree strongly	disagree strongly	disagree strongly	7	disagree	een beetje waar	agree strongly	agree	agree	agree	disagree	disagree strongly	agree strongly	disagree strongly	disagree	disagree	disagree strongly	disagree	agree strongly	agree strongly	disagree strongly	disagree	disagree strongly	disagree	disagree	disagree	disagree strongly	agree strongly	agree	disagree	disagree	disagree	disagree strongly	disagree strongly	agree	disagree	disagree	disagree strongly	agree	agree strongly	agree	61.25	74.75	73	1	7	5	Selected	Catholic	1	0	medium
128	boy	agree	disagree	agree	agree	disagree	agree	disagree	agree	disagree	agree	4	agree	niet echt waar	agree	disagree	disagree strongly	disagree	disagree	agree	agree	agree	disagree	agree	agree	disagree	disagree	agree strongly	disagree	agree	disagree	agree	disagree strongly	disagree strongly	disagree	disagree	agree	agree	disagree	disagree	disagree	agree	disagree	agree strongly	agree	disagree strongly	agree	agree	disagree	76	75	76.8	1	14	6	Not Selected	State	0	1	medium
125	boy	agree strongly	disagree strongly	agree strongly	disagree strongly	disagree strongly	disagree	disagree strongly	agree strongly	agree strongly	agree strongly		agree strongly	helemaal niet waar	agree	disagree	disagree strongly	agree strongly	disagree strongly	agree	disagree	agree strongly	disagree	agree strongly	agree strongly	disagree	disagree strongly	agree strongly	disagree	disagree strongly	agree strongly	agree	disagree strongly	disagree strongly	disagree strongly	agree	agree	disagree	agree	disagree	disagree	disagree strongly	disagree strongly	agree strongly	agree	disagree strongly	disagree	disagree strongly	agree	85	75	80	1	15	8	Not Selected	COE	0	0	medium
126	girl	agree	disagree	agree	disagree strongly	agree strongly	disagree	agree	disagree strongly	agree strongly	disagree	10	agree strongly	een beetje waar	agree strongly	disagree	disagree strongly	agree strongly	disagree	agree	disagree strongly	agree strongly	disagree	agree strongly	agree	disagree	disagree strongly	agree strongly	agree strongly	agree	agree strongly	agree	disagree	agree	disagree strongly	agree	disagree	agree strongly	agree	agree	disagree	agree	disagree strongly	agree strongly	agree	agree strongly	disagree strongly	disagree	agree	77	75	77.7	0	0	2	Selected	COE	0	0	medium
119	girl	disagree strongly	agree strongly	agree strongly	disagree	agree strongly	agree strongly	agree strongly	disagree strongly	disagree strongly	disagree strongly	9	agree	helemaal niet waar	agree strongly	agree	disagree	disagree	agree strongly	agree strongly	disagree strongly	agree strongly	disagree	disagree	disagree	agree	agree	agree strongly	disagree	agree	disagree	disagree strongly	disagree strongly	disagree	agree	agree	disagree	agree	agree	agree strongly	agree	disagree strongly	disagree strongly	agree strongly	disagree strongly	disagree strongly	disagree strongly	agree	agree	80	75	80	1	12	6	Selected	COE	0	0	medium
119	girl	disagree strongly	disagree	disagree strongly	disagree strongly	agree strongly	agree strongly	agree strongly	disagree strongly	disagree strongly	disagree strongly	10	agree strongly	helemaal niet waar	agree strongly	agree strongly	disagree strongly	agree strongly	agree	agree	disagree strongly	agree strongly	disagree	agree strongly	agree strongly	agree strongly	agree	agree strongly	disagree	disagree strongly	agree strongly	agree	disagree strongly	disagree strongly	agree strongly	agree	agree strongly	agree strongly	agree strongly	agree strongly	agree	disagree strongly	disagree strongly	agree strongly	agree	disagree strongly	agree	agree strongly	agree strongly	77	75	79	1	15	8	Selected	State	0	1	medium
122	boy	disagree strongly	agree strongly	disagree strongly	disagree strongly	agree strongly	agree strongly	agree strongly	disagree strongly	disagree	disagree strongly	8	agree strongly	helemaal niet waar	agree strongly	agree	disagree strongly	agree strongly	disagree	agree	disagree strongly	agree strongly	disagree	agree strongly	agree strongly	disagree	agree	agree strongly	disagree	disagree strongly	agree	agree	disagree strongly	disagree strongly	agree	disagree	agree strongly	agree	agree	agree	disagree	disagree strongly	agree strongly	agree strongly	disagree	disagree strongly	agree	disagree	agree	78.25	75.12	76.69	1	13	9	Not Selected	COE	0	0	medium
124	girl	disagree strongly	agree	disagree	disagree strongly	disagree	agree strongly	agree	disagree	disagree	disagree strongly	7	agree strongly	helemaal niet waar	disagree	disagree	disagree strongly	agree	disagree strongly	disagree	disagree strongly	agree	disagree	agree strongly	agree strongly	disagree	disagree	agree	disagree	agree	agree	agree	disagree strongly	disagree strongly	disagree	agree	agree	agree	agree	disagree	disagree	agree	agree	agree strongly	agree	agree	disagree	disagree	disagree	79.6	75.5	79.2	1	16	9	Selected	State	0	1	medium
128	boy	agree strongly	disagree strongly	agree strongly	agree	disagree strongly	disagree	agree strongly	agree strongly	agree strongly	disagree	4	agree strongly	helemaal niet waar	disagree	agree	disagree strongly	agree	disagree	agree	disagree	agree	disagree	agree	agree strongly	disagree	disagree strongly	agree strongly	disagree	disagree strongly	disagree	disagree	disagree strongly	agree	agree	disagree	agree	agree	agree	disagree	disagree	disagree	disagree	agree	agree	agree	agree	agree	disagree	82.88	75.88	80.9	1	12	9	Not Selected	COE	0	0	medium
122	boy	agree	disagree	agree	agree strongly	agree strongly	agree	disagree strongly	agree strongly	agree strongly	agree	4	agree strongly	niet echt waar	disagree	disagree	disagree strongly	agree	disagree	disagree	agree	agree	disagree	agree	agree strongly	agree	agree	disagree	disagree	disagree strongly	agree	agree	disagree strongly	disagree	agree	agree	agree	disagree	agree	agree	agree	disagree	agree	agree	agree	agree	disagree	agree	disagree	76	76	76	1	12	6	Not Selected	State	0	1	medium
121	girl	disagree	agree	agree	agree strongly	agree	agree strongly	agree	disagree strongly	disagree strongly	agree	10	agree strongly	helemaal waar	agree strongly	disagree	disagree strongly	agree	disagree	disagree	disagree strongly	agree strongly	disagree	agree strongly	agree strongly	disagree	disagree strongly	agree strongly	disagree	disagree	agree strongly	agree	disagree strongly	disagree strongly	disagree	disagree	disagree	agree strongly	agree	disagree	disagree	disagree strongly	disagree	agree strongly	agree	disagree strongly	disagree	agree	agree	80.6	76.2	75.9	1	12	6	Selected	COE	0	0	medium
127	boy	disagree	agree strongly	disagree	disagree strongly	agree	agree strongly	agree strongly	disagree strongly	disagree strongly	disagree strongly	8	agree strongly	helemaal niet waar	agree strongly	agree strongly	disagree strongly	agree strongly	disagree strongly	agree	disagree strongly	agree strongly	disagree	agree strongly	agree strongly	disagree	agree	agree strongly	disagree strongly	disagree strongly	agree	disagree	disagree strongly	disagree strongly	disagree strongly	disagree	agree strongly	agree strongly	agree	disagree	agree	disagree strongly	agree strongly	agree strongly	agree	disagree strongly	agree strongly	disagree strongly	agree strongly	82.03	76.27	82.2	1	16	8	Not Selected	COE	0	0	medium
143	girl	agree	disagree	agree	agree	disagree strongly	agree strongly	disagree	disagree strongly	disagree	disagree strongly	6	disagree	een beetje waar	disagree strongly	agree strongly	disagree strongly	agree	disagree strongly	disagree strongly	agree	agree	disagree	disagree	agree	disagree strongly	agree	disagree	disagree strongly	disagree strongly	agree	disagree strongly	disagree strongly	agree	disagree strongly	agree	agree	agree	agree	disagree strongly	agree strongly	disagree	agree	agree strongly	agree strongly	agree	agree strongly	agree strongly	agree	86.87	76.37	81.62	1	2	2	Selected	State	0	1	medium
129	girl	disagree	disagree	agree strongly	disagree	disagree strongly	agree strongly	disagree	agree	disagree	disagree	7	agree strongly	helemaal niet waar	agree	disagree	agree strongly	disagree	disagree strongly	disagree	disagree	disagree strongly	disagree	disagree strongly	agree	disagree strongly	agree	agree strongly	disagree strongly	disagree	disagree	disagree	agree strongly	disagree	disagree	disagree	disagree	disagree strongly	agree	disagree strongly	disagree	agree strongly	disagree	disagree strongly	disagree	disagree strongly	disagree strongly	agree strongly	disagree	82.9	76.4	79.4	1	10	6	Selected	State	0	1	medium
123	girl	agree	disagree	agree	disagree	disagree strongly	disagree	disagree	agree	agree	disagree	8	agree strongly	niet echt waar	agree	disagree	disagree strongly	disagree		disagree	disagree strongly	disagree	disagree	agree	agree	agree	agree	agree strongly	disagree	agree strongly	agree strongly	agree strongly	disagree strongly	agree	agree	disagree	disagree	disagree		disagree	disagree strongly	disagree	disagree	agree	disagree	disagree	disagree	agree strongly	disagree	83	76.5	82.5	1	12	6	Selected	COE	0	0	medium
129	boy	agree	disagree	disagree	disagree	disagree strongly	agree strongly	disagree strongly	agree	agree strongly	disagree	0	agree	helemaal niet waar	agree	agree	disagree strongly	agree	agree	agree	disagree	agree	disagree	agree strongly	agree strongly	agree	disagree	agree strongly	disagree	disagree strongly	agree strongly	disagree	disagree strongly	disagree strongly	agree	disagree strongly	agree strongly	agree	agree	agree	disagree	disagree strongly	disagree	agree strongly	disagree	disagree strongly	agree	disagree	agree	82.5	77	82	1	6	4	Not Selected	State	0	1	medium
122	boy	disagree	agree strongly	disagree	disagree strongly	agree strongly	agree strongly	agree strongly	disagree strongly	disagree strongly	disagree strongly	8	agree strongly	helemaal niet waar	agree strongly	agree	agree	agree strongly	agree	disagree	disagree strongly	agree	disagree	disagree	agree	agree	agree	agree strongly	disagree	agree	agree	agree	agree strongly	agree strongly	agree	agree	disagree	disagree	disagree	agree	disagree	agree	agree	disagree	agree	disagree strongly	disagree	disagree	disagree	79	77	78.1	1	10	6	Not Selected	State	0	1	medium
122	girl	disagree strongly	agree strongly	disagree	agree	agree	agree strongly	agree strongly	agree	agree	disagree	9	agree strongly	helemaal niet waar	agree strongly	agree strongly	disagree strongly	agree strongly	agree	agree strongly	disagree strongly	agree strongly	disagree	agree strongly	agree strongly	agree	disagree	agree strongly	agree strongly	agree	agree strongly	disagree strongly	disagree strongly	disagree strongly	agree strongly	agree	agree strongly	agree strongly	agree strongly	agree strongly	agree strongly	disagree	disagree strongly	agree strongly	disagree strongly	disagree strongly	agree strongly	disagree strongly	agree strongly	73.6	77.2	77	0	10	6	Selected	State	0	1	medium
119	boy	disagree	agree strongly	agree strongly	disagree strongly	agree strongly	agree strongly	agree strongly	disagree	disagree strongly	disagree strongly	9	agree strongly	helemaal niet waar	agree strongly	agree	disagree strongly	agree	agree strongly	agree	disagree strongly	agree strongly	disagree	agree strongly	agree strongly	agree strongly	agree	agree strongly	agree	disagree	agree strongly	disagree	disagree strongly	disagree strongly	agree strongly	agree	agree	agree strongly	agree strongly	agree	agree	disagree	agree	agree strongly	disagree strongly	disagree strongly	agree	disagree strongly	disagree	78.6	77.3	75.7	1	10	6	Not Selected	State	0	1	medium
120	boy	disagree strongly	disagree strongly	agree strongly	agree strongly	disagree strongly	disagree strongly	disagree strongly	agree strongly	agree strongly	agree strongly	0	agree strongly	helemaal niet waar	agree	agree strongly	disagree strongly	disagree	agree	agree	disagree strongly	agree strongly	disagree	agree strongly	agree strongly	agree	agree	agree	agree	disagree	agree	disagree	disagree strongly	disagree	agree strongly	disagree	disagree	agree	agree	agree	agree	disagree	disagree	agree	disagree strongly	disagree	agree	disagree strongly	disagree	80.7	77.4	78.3	1	6	4	Not Selected	State	0	1	medium
120	girl	disagree strongly	agree	agree	disagree	disagree strongly	agree strongly	disagree	agree	disagree strongly	disagree strongly	10	agree strongly	helemaal niet waar	agree	agree	disagree strongly	agree strongly	disagree strongly	disagree	disagree strongly	agree strongly	disagree	agree strongly	agree strongly	disagree	disagree strongly	agree strongly	disagree	disagree strongly	agree strongly	disagree	disagree strongly	disagree strongly	disagree	disagree	agree strongly	agree	disagree	disagree	disagree	disagree strongly		agree strongly	agree	disagree strongly	disagree	agree	agree	80.44	77.44	78.46	1	16	9	Selected	State	0	1	medium
123	boy	disagree strongly	agree strongly	disagree	disagree strongly	agree	agree strongly	agree strongly	disagree strongly	disagree strongly	disagree strongly	10	agree strongly	helemaal niet waar	agree strongly	disagree	disagree strongly	agree	agree strongly	agree strongly	disagree strongly	agree strongly	disagree	agree strongly	agree	agree	agree	agree strongly	agree	disagree strongly	agree	agree	disagree strongly	disagree strongly	agree strongly	disagree	agree	agree strongly	agree strongly	agree	disagree	disagree	disagree strongly	agree strongly	disagree strongly	disagree strongly	disagree	agree strongly	disagree	80	77.5	80.5	0	10	6	Not Selected	State	0	1	medium
122	boy	agree strongly	agree strongly	agree strongly	disagree	disagree strongly	agree strongly	disagree strongly	disagree strongly	agree strongly	disagree strongly	5	agree strongly	een beetje waar	agree strongly	agree	disagree strongly	agree strongly	agree	disagree	agree strongly	agree strongly	disagree	agree strongly	agree strongly	agree	disagree strongly	agree strongly	disagree	disagree strongly	agree strongly	disagree	disagree strongly	disagree strongly	agree	disagree strongly	agree strongly	agree strongly	agree strongly	disagree	agree	disagree strongly	disagree strongly	agree strongly	disagree strongly	disagree strongly	agree	agree strongly	agree strongly	75.8	77.5	76.2	1	7	7	Not Selected	State	0	1	medium
120	girl	agree	agree	disagree	disagree	agree	agree	disagree	disagree	disagree	disagree	5	agree strongly	helemaal niet waar	disagree	disagree	disagree strongly	disagree	disagree	disagree strongly	disagree strongly	disagree	disagree	agree	agree strongly	disagree	agree	disagree	disagree	disagree strongly	agree	agree	disagree strongly	disagree strongly	disagree	agree	disagree	agree	agree	disagree	disagree strongly	disagree	disagree	agree strongly	agree	agree	disagree	disagree strongly	agree	75.5	77.6	79	1	8	6	Selected	State	0	1	medium
126	girl	agree	agree	disagree	agree strongly	agree	agree strongly	agree strongly	disagree	disagree strongly	disagree strongly	9	agree strongly	een beetje waar	disagree	agree	disagree strongly	agree	agree	agree	disagree strongly	agree	disagree	agree strongly	agree	agree	agree	agree	disagree	disagree strongly	agree	disagree	disagree strongly	agree	agree strongly	disagree	agree strongly	agree	agree	agree	agree	agree strongly	agree	agree strongly	disagree	agree strongly	agree	agree strongly	agree strongly	79.4	77.6	79.7	1	12	9	Selected	State	0	1	medium
123	girl	agree strongly	agree	agree strongly	agree	disagree strongly	agree strongly	disagree strongly	agree strongly	agree strongly	disagree	5	agree strongly	een beetje waar	disagree	agree strongly	disagree strongly	agree	disagree	agree	disagree strongly	agree strongly	disagree	disagree	agree strongly	disagree	disagree strongly	agree	agree	disagree strongly	agree	disagree strongly	disagree	disagree strongly	agree	disagree strongly	agree	agree strongly	agree	agree	agree	disagree strongly	disagree strongly	disagree	agree	agree	agree	agree strongly	agree strongly	80	78	77	1	10	6	Selected	State	0	1	medium
128	girl	disagree	agree	disagree	disagree strongly	disagree strongly	disagree	disagree	disagree	disagree	disagree strongly	9	agree strongly	helemaal niet waar	agree	agree strongly	disagree strongly	agree strongly	disagree	agree	disagree strongly	agree strongly	disagree	agree strongly	agree strongly	disagree	disagree	agree	agree	disagree strongly	agree	disagree strongly	disagree strongly	disagree strongly	agree	agree	agree strongly	disagree	agree	agree	agree strongly	agree	disagree	agree strongly	agree	disagree strongly	agree strongly	disagree	agree	89	78.1	91.9	0	4	3	Selected	State	0	1	medium
123	boy	disagree	agree	agree	disagree	agree	agree strongly	agree	disagree strongly	disagree	agree	8	agree strongly	helemaal waar	agree	agree	agree strongly	disagree	disagree	disagree strongly	disagree strongly	agree	disagree	agree strongly	agree strongly	disagree	agree	agree	disagree	agree strongly	disagree	agree	disagree strongly	agree strongly	disagree	disagree	agree	agree	agree	agree	disagree	disagree strongly	agree	agree	disagree strongly	disagree strongly	disagree	disagree	disagree strongly	83	79	80.8	1	18	8	Not Selected	COE	0	0	medium
124	girl	disagree	agree	disagree strongly	agree strongly	disagree	agree strongly	agree	disagree strongly	disagree strongly	disagree strongly	8	agree strongly	helemaal niet waar	agree	agree	disagree strongly	agree	agree	disagree	disagree strongly	agree	disagree	agree strongly	agree	agree	disagree strongly	agree	disagree	agree	agree	agree	disagree strongly	agree	disagree	disagree	agree	agree	agree	disagree	disagree	agree	agree	agree strongly	agree	disagree strongly	disagree	disagree	agree	75	79	76	0	10	6	Selected	State	0	1	medium
120	girl	disagree	agree strongly	agree	disagree strongly	agree	agree strongly	agree strongly	disagree	disagree	disagree strongly	9	agree strongly	helemaal niet waar	agree	agree	disagree strongly	agree	agree strongly	agree	disagree strongly	agree	disagree	agree strongly	agree strongly	agree strongly	disagree strongly	agree strongly	agree	disagree strongly	agree	disagree strongly	disagree strongly	disagree strongly	agree strongly	agree	agree	agree	agree	agree	agree	disagree	agree	agree strongly	disagree strongly	disagree strongly	agree	disagree	agree	85.7	79.1	82.1	1	13	7	Selected	State	0	1	medium
120	boy	disagree strongly	disagree strongly	disagree strongly	disagree strongly	agree strongly	agree strongly	agree strongly	disagree strongly	disagree strongly	disagree strongly	8	agree strongly	helemaal niet waar	agree strongly	agree	disagree strongly	agree strongly	agree	disagree	disagree strongly	agree	disagree	agree strongly	disagree	agree	agree	agree strongly	disagree	disagree strongly	agree strongly	disagree	disagree strongly	disagree strongly	agree	agree	agree	agree	agree	agree	agree	disagree strongly	agree	agree strongly	agree	disagree strongly	agree	agree strongly	agree	91.4	79.2	84.2	1	16	10	Not Selected	COE	0	0	medium
122	boy	agree	agree	disagree strongly	disagree strongly	disagree strongly	agree	agree	agree	agree	disagree strongly	10	agree	een beetje waar	disagree	disagree	disagree	agree strongly	disagree strongly	disagree	disagree	disagree	disagree	agree strongly	agree strongly	disagree	agree strongly	agree	disagree strongly	disagree strongly	disagree strongly	disagree	disagree strongly	agree	disagree	agree strongly	disagree	disagree	disagree	agree	disagree strongly	disagree	disagree	agree	disagree	disagree	disagree	agree strongly	disagree strongly	85.69	79.74	83.09	1	13	6	Not Selected	State	0	1	medium
125	boy	disagree strongly	disagree	disagree strongly	disagree strongly	disagree	agree strongly	agree	agree strongly	agree	disagree strongly	7	agree strongly	helemaal niet waar	agree strongly	agree	disagree strongly	agree strongly	agree	agree	disagree strongly	agree strongly	disagree	agree strongly	agree strongly	disagree	disagree strongly	agree strongly	agree	disagree strongly	agree strongly	disagree strongly	disagree strongly	disagree strongly	agree	disagree strongly	agree strongly	agree	disagree	agree	agree	disagree strongly	agree strongly	agree strongly	agree	disagree strongly	disagree	agree	agree strongly	75	80	77	1	10	6	Not Selected	State	0	1	medium
120	girl	agree	agree strongly	agree	disagree strongly	disagree	agree	disagree	agree	agree	disagree strongly	6	agree strongly	helemaal niet waar	disagree	agree	disagree strongly	agree strongly	disagree strongly	disagree	disagree strongly	agree strongly	disagree	disagree	agree strongly	disagree strongly	agree	disagree	disagree strongly	disagree strongly	agree	disagree	disagree strongly	agree strongly	disagree	disagree	agree strongly	agree strongly	agree	disagree strongly	agree	disagree	disagree	agree	disagree	agree	agree	disagree strongly	agree	89	80	87	1	15	8	Selected	State	0	1	medium
120	boy	disagree strongly	agree strongly	disagree	disagree	disagree strongly	agree strongly	agree	disagree	disagree	disagree	9	agree strongly	helemaal niet waar	agree strongly	agree strongly	disagree strongly	agree strongly	agree strongly	agree strongly	disagree strongly	agree strongly	disagree	agree strongly	agree strongly	agree strongly	agree	agree strongly	agree strongly	disagree	agree strongly	disagree	disagree strongly	disagree strongly	agree	disagree	agree strongly	agree strongly	agree strongly	agree strongly	agree strongly	agree strongly	disagree strongly	agree strongly	disagree strongly	disagree strongly	agree strongly	disagree strongly	agree	84.74	80.2	84.8	1	9	4	Not Selected	State	0	1	medium
120	boy	disagree strongly	agree	disagree strongly	disagree strongly	disagree	agree strongly	agree strongly	disagree	disagree strongly	disagree strongly	10	agree strongly	helemaal waar	agree	agree	disagree strongly	agree	agree	disagree strongly	disagree strongly	agree strongly	disagree	agree strongly	agree strongly	agree	disagree strongly	agree strongly	disagree strongly	disagree strongly	agree strongly	disagree strongly	disagree strongly	disagree strongly	agree strongly	disagree strongly	agree	agree	disagree strongly	agree	disagree strongly	disagree strongly	disagree strongly	agree strongly	disagree strongly	disagree strongly	disagree	disagree strongly	agree	83.9	80.4	80.6	1	4	4	Not Selected	State	0	1	medium
137	girl	disagree	agree	agree	agree	agree	agree	agree	disagree	disagree strongly	disagree	8	disagree	een beetje waar	agree strongly	agree	disagree	agree	agree strongly	disagree	agree	agree	disagree	agree strongly	agree	agree		agree	disagree	disagree	agree	disagree	disagree strongly	agree	agree	agree	agree	disagree	disagree	agree	agree	disagree strongly	disagree	agree	disagree strongly	disagree strongly	agree	agree strongly	agree	72	81	74	1	10	6	Selected	State	0	1	medium
120	girl	disagree	agree strongly	disagree strongly	disagree strongly	agree	agree strongly	agree strongly	disagree strongly	disagree	disagree strongly	9	agree strongly	helemaal niet waar	agree	agree	disagree strongly	agree strongly	agree	agree	disagree strongly	agree strongly	disagree	agree strongly	agree strongly	agree	disagree	agree strongly	agree	disagree strongly	agree	disagree strongly	disagree strongly	disagree strongly	agree	disagree strongly	agree	agree	agree	agree	agree	agree	disagree	agree strongly	disagree strongly	disagree	agree	disagree	agree	81	81	81	1	12	7	Selected	State	0	1	medium
124	girl	disagree	agree	disagree strongly	agree strongly	disagree	agree strongly	agree	disagree strongly	disagree	disagree strongly	7	agree	een beetje waar	disagree	disagree	disagree strongly	disagree strongly	disagree strongly	disagree	agree	disagree strongly	disagree	disagree	agree strongly	disagree strongly	agree strongly	agree strongly	disagree	disagree strongly	disagree	disagree	disagree strongly	agree strongly	disagree strongly	agree strongly	agree	disagree strongly	disagree strongly	disagree strongly	disagree	disagree	agree	agree strongly	agree	disagree	disagree	agree strongly	disagree	80	81	80.3	1	14	7	Selected	State	0	1	medium
123	boy	agree	disagree	agree strongly	disagree strongly	disagree strongly	agree strongly	disagree strongly	agree strongly	disagree strongly	disagree strongly	5	agree strongly	helemaal niet waar	agree strongly	agree	disagree strongly	agree strongly	agree	agree	disagree strongly	agree	disagree	agree strongly	agree strongly	agree	agree	agree strongly	agree	disagree strongly	agree strongly	disagree strongly	disagree strongly	disagree strongly	agree strongly	agree	agree strongly	agree	agree strongly	disagree	agree	agree	disagree	agree strongly	disagree	disagree	agree	agree strongly	agree strongly	81.6	81.4	84.8	1	14	7	Not Selected	Catholic	1	0	medium
130	girl	agree	agree	agree strongly	disagree	disagree	agree strongly	agree	agree	agree strongly	disagree strongly	9	agree	helemaal niet waar	disagree	agree	disagree	agree	agree	agree	agree strongly	disagree	disagree	agree	agree	agree	agree	agree	agree	disagree strongly	disagree	disagree	disagree strongly	agree	agree	agree	agree	disagree	agree	agree	agree	agree	agree	agree strongly	disagree	agree	agree	agree strongly	agree	85.6	81.4	83.4	1	10	6	Selected	State	0	1	medium
126	boy	agree strongly	disagree strongly	agree strongly	agree strongly	disagree strongly	agree strongly	disagree strongly	agree strongly	agree strongly	agree strongly	0	agree strongly	helemaal niet waar	agree strongly	agree strongly	disagree	agree strongly	agree strongly	agree strongly	disagree strongly	agree strongly	disagree	agree strongly	agree strongly	agree strongly	disagree strongly	agree strongly	agree strongly	disagree strongly	agree strongly	disagree strongly	disagree strongly	disagree strongly	agree strongly	disagree strongly	agree	agree strongly	agree strongly	agree strongly	agree strongly	disagree strongly	disagree strongly	disagree	disagree strongly	disagree strongly	agree strongly	agree	agree	84.5	81.5	85	1	16	6	Not Selected	State	0	1	medium
129	boy	disagree strongly	agree	agree strongly	agree	agree	agree	agree strongly	agree strongly	agree	disagree	3	agree	helemaal niet waar	agree	disagree	disagree strongly	disagree	agree	disagree	agree	disagree strongly	disagree	disagree strongly	disagree strongly	agree	agree strongly	agree strongly	disagree	disagree	disagree strongly	disagree	disagree strongly	disagree strongly	disagree	agree strongly	agree strongly	disagree strongly	disagree	disagree	disagree	agree	disagree	agree	agree	disagree	disagree	agree strongly	disagree	79.8	81.6	81.3	1	18	4	Not Selected	State	0	1	medium
126	girl	disagree	agree	agree strongly	disagree	disagree strongly	agree strongly	agree	disagree	agree	disagree	7	agree	een beetje waar	agree	agree	disagree	disagree	agree	disagree	agree	agree	disagree	disagree	disagree	agree	agree strongly	agree strongly	agree	disagree	disagree	disagree	agree	disagree	agree	agree strongly	disagree	disagree	disagree	agree	disagree	disagree	agree	agree	disagree	disagree	agree	agree strongly	disagree strongly	89.6	81.6	86	1	14	6	Selected	COE	0	0	medium
130	girl	agree strongly	disagree strongly	disagree	agree	disagree strongly	agree strongly	disagree strongly	agree strongly	disagree	disagree	3	agree strongly	een beetje waar	agree	disagree strongly	disagree strongly	disagree	disagree strongly	disagree strongly	disagree strongly	agree strongly	disagree	disagree	agree strongly	disagree strongly	agree strongly	disagree	disagree strongly	disagree	disagree	disagree	disagree strongly	disagree strongly	disagree strongly	disagree strongly	agree strongly	agree strongly	disagree strongly	disagree strongly	disagree strongly	agree strongly	disagree	disagree strongly	agree strongly	disagree strongly	disagree	disagree strongly	agree strongly	82	81.8	82.8	1	10	6	Selected	State	0	1	medium
125	girl	agree	agree	disagree strongly	agree	disagree strongly	agree strongly	disagree	agree	agree	agree	9	agree	helemaal niet waar	agree	agree	disagree strongly	agree	disagree strongly	agree	disagree	agree	disagree	agree	agree	disagree	disagree	agree strongly	disagree strongly	disagree strongly	disagree strongly	disagree	disagree strongly	disagree strongly	disagree	disagree	agree strongly	disagree	agree	agree	agree	disagree	disagree	agree	agree	disagree	agree	agree	disagree	84.74	81.95	82.92	1	15	8	Selected	State	0	1	medium
122	boy	disagree strongly	agree strongly	disagree strongly	disagree strongly	agree strongly	agree strongly	agree strongly	disagree strongly	disagree strongly	disagree strongly	9	agree strongly	helemaal niet waar	agree	agree	disagree strongly	agree	agree strongly	agree	disagree strongly	agree	disagree	agree strongly	agree strongly	agree	agree	agree strongly	agree	agree	agree strongly	disagree strongly	disagree strongly	disagree	agree	agree	agree	disagree strongly	disagree	agree	agree	agree	disagree	agree strongly	disagree	agree	agree	disagree	disagree	80	82	83	1	14	5	Not Selected	State	0	1	medium
123	girl	disagree strongly	agree strongly	agree	disagree strongly	agree	agree strongly	agree strongly	disagree strongly	disagree strongly	disagree strongly	8	agree strongly	helemaal niet waar	agree strongly	agree strongly	disagree strongly	agree	agree	agree	disagree strongly	disagree	disagree	agree	agree	agree		agree strongly	agree	disagree strongly	disagree	disagree strongly	disagree strongly	disagree strongly	agree	disagree	agree strongly	disagree	disagree	agree	agree	disagree strongly	disagree	agree	disagree	disagree strongly	agree	agree	agree strongly	80	82	79	1	0	6	Selected	Catholic	1	0	medium
125	girl	agree	agree	disagree	disagree strongly	disagree	agree strongly	agree	disagree strongly	disagree strongly	agree	10	agree	helemaal niet waar	disagree strongly	agree strongly	disagree strongly	agree	disagree	agree	disagree strongly	agree	disagree	disagree	agree	disagree	disagree	agree strongly	agree	disagree strongly	disagree	disagree strongly	disagree strongly	agree	disagree strongly	disagree	agree	disagree	agree strongly	agree	agree strongly	agree strongly	agree	agree	agree	agree strongly	agree strongly	agree	disagree	90	82	85.5	0	10	6	Selected	State	0	1	medium
123	girl	agree strongly	agree	disagree	disagree	disagree strongly	agree	agree	disagree	disagree	disagree strongly	7	agree strongly	niet echt waar	agree strongly	agree	disagree strongly	agree	agree	agree	disagree strongly	agree strongly	disagree	agree strongly	agree strongly	agree	disagree strongly	agree strongly	agree	disagree strongly	agree	disagree	disagree strongly	disagree strongly	agree	disagree	agree strongly	agree	agree	agree	disagree	disagree strongly	disagree	agree strongly	disagree	disagree strongly	disagree	disagree	agree	77	82	79	0	10	6	Selected	State	0	1	medium
121	girl	disagree strongly	agree strongly	disagree	disagree strongly	agree	agree strongly	agree strongly	disagree strongly	disagree strongly	disagree strongly	10	agree strongly	niet echt waar	agree	agree	disagree strongly	agree	agree strongly	agree	disagree strongly	agree strongly	disagree	agree strongly	agree strongly	agree	agree	agree strongly	agree	disagree strongly	agree	disagree	disagree strongly	disagree strongly	agree strongly	agree	agree	agree	agree strongly	agree	agree	disagree strongly	disagree	agree strongly	disagree	disagree	agree	disagree	agree	86	82	81	1	14	8	Selected	Catholic	1	0	medium
127	boy	disagree strongly	agree	disagree strongly	agree strongly	disagree	agree strongly	agree	disagree	disagree	disagree strongly	8	agree	niet echt waar	agree strongly	agree	disagree strongly	disagree	agree strongly	agree	disagree	agree	disagree	agree	agree strongly	agree	disagree	agree strongly	agree	disagree	disagree	disagree	disagree strongly	disagree	agree	disagree	agree	agree	agree	agree	agree	disagree strongly	disagree	agree	disagree	disagree strongly	agree	disagree	disagree	89.7	82.4	86.4	1	8	4	Not Selected	State	0	1	medium
131	girl	disagree	agree strongly	disagree	disagree strongly	agree	agree strongly	agree strongly	disagree strongly	disagree strongly	disagree strongly	10	agree strongly	helemaal niet waar	agree strongly	agree	disagree strongly	agree strongly	agree	agree	disagree strongly	agree strongly	disagree	agree strongly	agree strongly	agree	agree	agree strongly	agree	disagree strongly	agree strongly	disagree	disagree strongly	disagree	agree	agree strongly	agree	agree	agree	agree	agree	disagree strongly	agree	agree strongly	disagree	disagree strongly	agree	agree strongly	agree strongly	81.5	82.5	82.1	1	10	6	Selected	State	0	1	medium
126	boy	agree strongly	disagree strongly	agree strongly	disagree	disagree strongly	agree	disagree strongly	agree strongly	agree strongly	agree	8						agree	disagree strongly	disagree	disagree strongly	agree strongly	disagree	agree	agree strongly	disagree	disagree strongly	agree strongly	agree	disagree strongly	agree strongly	disagree	disagree strongly	disagree strongly	disagree	disagree strongly	agree	agree	agree	agree	disagree	disagree strongly	disagree strongly	agree strongly	disagree	disagree strongly	agree	disagree strongly	agree	85	83	83.5	1	11	4	Not Selected	State	0	1	medium
122	boy	agree	agree	agree	agree	disagree	agree	agree	agree	agree	disagree		agree strongly	een beetje waar	agree strongly	agree	agree	agree	agree	agree	agree	agree strongly	disagree	agree	agree strongly	agree	agree	agree strongly	agree	agree	agree	agree	disagree strongly	disagree	agree	agree	agree	agree	agree strongly	agree	agree	agree	agree	agree	disagree	disagree	agree	disagree	agree	80	83	81.8	1	16	8	Not Selected	COE	0	0	medium
125	girl	disagree	disagree	disagree	disagree strongly	disagree	agree strongly	disagree	disagree	disagree	disagree strongly	9	agree strongly	helemaal niet waar	agree	agree	disagree strongly	agree strongly	agree	agree	disagree strongly	agree strongly	disagree	disagree	agree strongly	agree	disagree strongly	agree	agree	disagree strongly	agree strongly	agree strongly	disagree strongly	disagree strongly	agree	disagree strongly	agree	agree strongly	agree	agree	agree	disagree	disagree	agree strongly	disagree strongly	disagree	agree	agree	agree strongly	83.5	83	80	1	14	7	Selected	State	0	1	medium
123	girl	agree	agree strongly	agree	disagree strongly	agree	agree strongly	agree	agree	disagree	disagree strongly	10	agree strongly	niet echt waar	disagree strongly	disagree	disagree strongly	disagree	disagree strongly	disagree	disagree	disagree	disagree	agree strongly	agree strongly	disagree	agree	disagree	disagree	disagree	agree	disagree	disagree strongly	agree	disagree	disagree	agree	disagree	disagree	disagree	agree	disagree	agree	agree strongly	disagree	agree	disagree	agree	agree	85.25	83.12	84.18	0	14	7	Selected	State	0	1	medium
127	boy	disagree	agree	disagree strongly	agree	disagree	agree strongly	agree	disagree strongly	agree	disagree	6	agree strongly	een beetje waar	disagree	agree	disagree strongly	disagree	agree	disagree	agree	agree	disagree	agree strongly	agree	disagree	agree	agree	agree	agree	agree	agree	disagree strongly	agree	disagree	agree	disagree	disagree	agree	disagree	disagree	disagree	agree	agree strongly	agree	agree	agree	agree	disagree	80.7	83.4	82	0	10	6	Not Selected	State	0	1	medium
125	girl	disagree strongly	agree	disagree	disagree	disagree strongly	agree strongly	agree strongly	disagree	disagree	disagree	8	agree strongly	helemaal niet waar	disagree	agree	disagree strongly	agree strongly	disagree	disagree	disagree strongly	agree strongly	disagree	agree strongly	agree strongly	disagree	disagree strongly	agree	agree	disagree strongly	disagree	agree	disagree strongly	disagree strongly	agree	disagree strongly	agree	agree	agree	agree	disagree	disagree	disagree	agree strongly	disagree	disagree	disagree	disagree	disagree	87.1	83.4	85.2	1	0	7	Selected	State	0	1	medium
129	girl	agree	agree	agree	disagree	disagree	agree	agree	agree	disagree	disagree	7	agree strongly	helemaal niet waar	agree strongly	disagree	agree strongly	agree	disagree	disagree strongly	disagree strongly	agree strongly	disagree	agree strongly	agree strongly	disagree	disagree	agree strongly	disagree	disagree strongly	disagree	disagree	disagree strongly	disagree strongly	disagree	disagree strongly	agree	agree	disagree	disagree	disagree	disagree strongly	disagree	agree strongly	disagree	disagree strongly	disagree	disagree strongly	agree	84.19	83.59	84.11	1	16	10	Selected	State	0	1	medium
121	girl	disagree strongly	agree strongly	disagree	agree strongly	agree strongly	agree strongly	agree strongly	disagree strongly	disagree strongly	disagree strongly	10	agree	een beetje waar	disagree	agree	disagree strongly	agree	agree	disagree	agree	agree	disagree	agree	agree	agree	disagree	agree strongly	disagree strongly	disagree strongly	disagree strongly	agree	disagree strongly	agree	disagree	agree	disagree strongly	disagree strongly	disagree	disagree	disagree	disagree	disagree	agree strongly	agree	agree strongly	agree	agree strongly	agree	81	84	79	1	6	6	Selected	Catholic	1	0	medium
125	girl	agree strongly	agree	agree	disagree	agree	agree strongly	agree strongly	disagree strongly	disagree strongly	disagree strongly	8	agree	helemaal niet waar	agree strongly	agree	agree strongly	agree	agree	agree	disagree strongly	agree	disagree	agree strongly	agree strongly	agree	disagree	agree	agree	disagree strongly	agree	disagree	disagree strongly	disagree strongly	agree	disagree	agree	agree	agree	agree	agree	agree	agree	agree	disagree strongly	disagree	agree	disagree	agree	86.7	84.4	86.5	1	4	4	Selected	State	0	1	medium
129	boy	disagree	agree strongly	disagree	disagree strongly	agree strongly	agree strongly	agree strongly	disagree strongly	disagree strongly	disagree strongly	10	agree strongly	helemaal niet waar	agree strongly	agree	disagree strongly	agree	agree	agree	disagree strongly	agree strongly	disagree	agree strongly	agree strongly	agree	disagree strongly	agree strongly	agree	disagree strongly	agree	disagree strongly	disagree strongly	disagree strongly	agree strongly	disagree strongly	disagree	agree	disagree	disagree	agree	disagree strongly	disagree	agree strongly	disagree	disagree strongly	agree	disagree strongly	agree	87.5	84.7	86.3	1	7	5	Not Selected	State	0	1	medium
130	girl	agree strongly	disagree	agree	disagree	disagree strongly	agree strongly	disagree	agree	agree strongly	disagree strongly	7	agree	een beetje waar	agree	agree strongly	disagree	agree strongly	agree	agree strongly	agree	agree	disagree	agree	agree	agree	agree strongly	agree	agree strongly	disagree	agree	disagree strongly	disagree strongly	agree	agree	agree	agree	disagree	agree	agree strongly	agree strongly	agree	disagree strongly	agree	disagree	disagree	agree strongly	agree	agree	93.66	84.87	89.25	1	16	5	Selected	Catholic	1	0	medium
125	girl	agree	agree	disagree	disagree strongly	disagree strongly	agree strongly	disagree	agree	disagree strongly	disagree strongly	7	agree strongly	helemaal niet waar	agree	agree strongly	disagree strongly	agree	agree strongly	agree	disagree strongly	agree strongly	disagree	agree strongly	agree strongly	agree strongly	agree	agree	agree	disagree	agree strongly	disagree strongly	disagree strongly	disagree strongly	agree strongly	agree	agree strongly	agree strongly	agree	agree strongly	agree strongly	agree	disagree	agree	disagree strongly	agree	agree strongly	disagree strongly	agree strongly	85	85	85	1	13	6	Selected	COE	0	0	medium
119	girl	disagree	agree strongly	disagree strongly	disagree strongly	agree	agree strongly	agree	disagree strongly	disagree strongly	disagree strongly	9	agree	niet echt waar	disagree	agree	disagree strongly	agree strongly	agree	agree	disagree	agree	disagree	agree strongly	agree strongly	agree	disagree	agree	agree	disagree strongly	disagree strongly	disagree	disagree strongly	disagree strongly	agree	disagree strongly	agree strongly	agree	agree	agree	agree	agree	disagree	agree strongly	disagree	disagree	agree	agree	agree	88	85	88	1	14	8	Selected	Catholic	1	0	medium
125	boy	agree strongly	agree strongly	agree strongly	disagree strongly	agree strongly	agree strongly	agree strongly	disagree strongly	disagree strongly	disagree strongly	10	agree strongly	helemaal waar	disagree	disagree	disagree strongly	disagree	agree	agree	disagree	agree	disagree	agree strongly	agree strongly	agree	disagree	agree strongly	disagree	disagree strongly	agree strongly	agree	disagree strongly	disagree	agree strongly	disagree	disagree strongly	disagree strongly	agree strongly	disagree	disagree	disagree strongly	disagree	agree strongly	disagree strongly	disagree strongly	agree	agree	agree strongly	68	85.2	80.3	1	0	4	Not Selected	State	0	1	medium
134	girl	agree	disagree	agree	disagree	disagree strongly	agree strongly	disagree	agree	agree	disagree strongly	8	agree strongly	helemaal niet waar	agree	agree strongly	disagree strongly	agree	disagree	agree	disagree strongly	agree strongly	disagree	agree strongly	agree strongly	agree	disagree	agree strongly	agree strongly	disagree strongly	disagree	disagree	disagree strongly	disagree strongly	agree	disagree strongly	agree	agree	agree strongly	agree	agree strongly	disagree strongly	disagree strongly	agree strongly	disagree	disagree strongly	agree	disagree strongly	agree	87.68	85.36	85.2	1	6	4	Selected	State	0	1	medium
126	girl	disagree	agree	disagree	agree	disagree strongly	agree strongly	disagree	agree	agree	disagree strongly	8	disagree strongly	helemaal niet waar	agree	agree	agree	agree	agree	agree	agree	disagree strongly	disagree	disagree	disagree	agree	agree	agree	agree	agree	disagree strongly	disagree	disagree strongly	agree strongly	agree	agree	agree	disagree strongly	agree	agree	agree	disagree	disagree	agree strongly	disagree strongly	disagree	agree	agree strongly	agree	95.5	85.4	91	1	12	6	Selected	State	0	1	medium
124	girl	disagree	disagree	disagree	disagree strongly	disagree strongly	agree strongly	disagree	agree	disagree	disagree	8	agree strongly	helemaal niet waar	agree	disagree	disagree strongly	agree strongly	agree	disagree	disagree strongly	agree strongly	disagree	agree	agree strongly	agree	disagree	agree strongly	disagree	disagree	agree	disagree	disagree strongly	disagree strongly	agree	agree	agree strongly	disagree	agree	agree	disagree	agree	disagree	agree strongly	disagree	disagree strongly	agree	agree	agree	83.2	85.7	88.8	0	16	10	Selected	State	0	1	medium
127	boy	agree	agree strongly	agree	agree	agree	agree strongly	agree strongly	disagree	agree	disagree strongly	10	agree strongly	een beetje waar	agree strongly	agree	disagree strongly	agree strongly	agree strongly	agree	disagree strongly	agree strongly	disagree	agree strongly	agree strongly	agree	agree	agree strongly	agree	disagree strongly	agree	disagree	disagree strongly	agree strongly	agree strongly	disagree	agree	agree strongly	agree strongly	agree	agree	disagree	disagree	agree strongly	disagree	disagree	agree	agree	agree	85.8	85.8	86.5	1	15	8	Not Selected	COE	0	0	medium
129	boy	disagree strongly	disagree	disagree	disagree strongly	disagree strongly	disagree strongly	disagree	disagree	disagree	disagree	5	agree	niet echt waar	agree	agree strongly	disagree strongly	disagree	agree strongly	agree	disagree	agree	disagree	agree	agree	agree	agree	agree	agree	disagree	disagree	disagree strongly	disagree strongly	disagree	agree strongly	agree	disagree	agree	agree	agree	agree strongly	disagree	disagree strongly	agree	disagree strongly	disagree	agree	agree	disagree	88	86	88.5	1	15	10	Not Selected	COE	0	0	medium
125	girl	disagree strongly	agree	disagree	disagree strongly	disagree	agree strongly	agree	disagree	disagree	disagree	7	agree strongly	helemaal niet waar	agree strongly	agree strongly	disagree strongly	agree strongly	disagree	agree	disagree strongly	agree strongly	disagree	agree strongly	agree strongly	agree	disagree strongly	agree strongly	agree	disagree	agree	disagree	disagree strongly	agree strongly	agree	disagree	agree strongly	agree strongly	agree	agree	agree strongly	disagree strongly	disagree strongly	agree strongly	disagree	disagree strongly	agree	disagree strongly	agree strongly	79	86	81	1	10	6	Selected	State	0	1	medium
118	girl	agree	agree	agree	disagree	disagree strongly	agree	disagree	agree	disagree	disagree	2	agree strongly	helemaal niet waar	agree strongly	agree	disagree strongly	agree strongly	disagree	disagree	disagree strongly	agree strongly	disagree	agree strongly	agree strongly	disagree	disagree strongly	agree strongly	disagree	disagree strongly	agree strongly	disagree strongly	disagree strongly	disagree strongly	agree strongly	disagree strongly	agree	disagree	agree	disagree strongly	agree strongly	disagree strongly	disagree strongly	agree strongly	agree	disagree strongly	agree	disagree	agree strongly	81.3	86	85.6	1	2	7	Selected	State	0	1	medium
120	girl	disagree strongly	agree strongly	disagree strongly	disagree strongly	agree	agree strongly	agree strongly	disagree strongly	disagree strongly	disagree strongly	10	agree strongly	helemaal niet waar	agree strongly	agree	disagree strongly	agree strongly	agree	agree	disagree strongly	agree strongly	disagree	agree strongly	agree strongly	agree	disagree	agree strongly	disagree	disagree strongly	agree strongly	agree	disagree strongly	disagree strongly	agree	agree	agree	agree strongly	agree	agree	agree	disagree strongly	disagree	agree strongly	agree	disagree strongly	agree	disagree strongly	agree strongly	82	86.1	85.2	0	10	6	Selected	State	0	1	medium
127	boy	disagree strongly	agree strongly	disagree strongly	disagree	agree strongly	agree strongly	agree strongly	disagree strongly	disagree strongly	agree strongly	10	agree strongly	helemaal niet waar	agree strongly	disagree	agree strongly	agree	agree strongly	agree	disagree strongly	agree strongly	disagree	agree strongly	agree strongly	agree strongly	disagree	agree strongly	agree	disagree strongly	agree strongly	agree	disagree strongly	disagree strongly	agree strongly	agree	agree	agree	agree strongly	agree	agree	agree strongly	disagree strongly	agree strongly	disagree strongly	disagree strongly	agree	disagree strongly	agree strongly	80	86.5	83.5	1	9	4	Not Selected	State	0	1	medium
134	boy	disagree	agree	disagree	disagree strongly	agree	agree strongly	disagree strongly	disagree	disagree strongly	disagree strongly	7	agree strongly	helemaal niet waar	agree strongly	disagree	disagree strongly	disagree	disagree strongly	agree	disagree	agree strongly	disagree	agree	agree	disagree	agree strongly	agree strongly	disagree strongly	disagree strongly	agree	agree strongly	disagree strongly	disagree strongly	agree	agree strongly	agree	disagree	disagree	disagree	disagree strongly	disagree strongly	disagree	agree strongly	disagree	disagree strongly	disagree	agree	disagree strongly	75.75	86.5	82.3	1	9	8	Not Selected	Catholic	1	0	medium
127	boy	disagree	disagree	disagree strongly	disagree strongly	disagree	agree strongly	disagree	disagree	agree	disagree strongly	9	agree strongly	een beetje waar	agree	agree	disagree strongly	agree	agree	agree	disagree	disagree	disagree	disagree	agree strongly	agree	disagree	agree strongly	agree	disagree	agree	disagree	disagree strongly	agree	agree	disagree	disagree	disagree	disagree	agree	agree	disagree strongly	disagree	agree strongly	disagree	disagree strongly	agree	agree	disagree	92.5	86.5	89.5	1	13	8	Not Selected	Catholic	1	0	medium
124	girl	disagree strongly	agree strongly	disagree	disagree	disagree strongly	agree strongly	agree	disagree	disagree strongly	disagree	7	agree strongly	helemaal niet waar	agree	agree	disagree strongly	disagree	agree	agree	disagree strongly	agree	disagree	agree strongly	agree	agree	disagree strongly	agree strongly	agree	disagree strongly	disagree	disagree strongly	disagree strongly	disagree strongly	agree	disagree strongly	agree	agree	agree	agree	agree	disagree	agree	agree strongly	disagree	disagree strongly	agree	disagree	disagree	86	86.5	90	1	10	6	Selected	State	0	1	medium
120	boy	disagree strongly	agree	agree	disagree strongly	agree	agree strongly	agree	disagree strongly	disagree strongly	disagree strongly	10	agree strongly	helemaal niet waar	agree strongly	agree	disagree strongly	agree strongly	agree	disagree	disagree strongly	agree strongly	disagree	agree strongly	agree strongly	agree	disagree strongly	agree strongly	agree	disagree strongly	agree strongly	agree	disagree strongly	disagree strongly	agree	agree	agree	agree strongly	agree	disagree	disagree	disagree strongly	agree	agree strongly	disagree	disagree strongly	disagree	agree strongly	agree strongly	66.3	86.6	81.4	1	10	6	Not Selected	State	0	1	medium
129	girl	disagree	agree	disagree	disagree	disagree	agree	agree	disagree	disagree	disagree strongly	9	agree strongly	een beetje waar	disagree	agree strongly	disagree strongly	disagree	agree	agree	disagree strongly	disagree	disagree	disagree	disagree	disagree	disagree strongly	agree	agree	disagree strongly	agree strongly	disagree	disagree strongly	disagree strongly	disagree	disagree strongly	disagree	disagree	disagree	disagree	agree strongly	disagree	disagree	agree	disagree	disagree	agree	agree	agree	81.78	86.61	81.7	1	18	9	Selected	State	0	1	medium
121	girl	disagree strongly	agree strongly	disagree strongly	disagree strongly	agree strongly	agree strongly	agree strongly	disagree strongly	disagree strongly	disagree strongly	10	agree strongly	helemaal niet waar	agree strongly	agree	disagree strongly	agree	agree strongly	agree	agree	agree	disagree	agree strongly	agree strongly	agree	agree strongly	agree strongly	agree	disagree strongly	agree	disagree	disagree strongly	disagree strongly	agree	disagree strongly	agree	agree	agree	agree	agree	agree	disagree	agree strongly	disagree	disagree	agree	disagree strongly	agree	85.8	86.7	86.9	1	4	6	Selected	Catholic	1	0	medium
134	boy	disagree	disagree	agree	disagree strongly	agree strongly	agree strongly	disagree	disagree	disagree	disagree strongly	9	agree	helemaal niet waar	agree strongly	disagree	agree strongly	agree strongly	disagree	agree	disagree strongly	agree	disagree	agree strongly	agree strongly	disagree	agree	agree strongly	agree	disagree strongly	agree strongly	disagree strongly	disagree strongly	disagree strongly	disagree	disagree strongly	agree	agree	agree	disagree	disagree	disagree strongly	disagree	agree strongly	disagree	disagree strongly	disagree	agree	agree	92	86.8	84.3	0	10	6	Not Selected	State	0	1	medium
127	boy	disagree strongly	agree strongly	disagree	disagree strongly	disagree	agree strongly	agree strongly	disagree strongly	disagree strongly	disagree strongly	9	agree strongly	helemaal niet waar	agree strongly	agree	disagree strongly	agree strongly	agree strongly	disagree	disagree strongly	agree strongly	disagree	agree strongly	agree strongly	agree strongly	disagree strongly	agree strongly	agree	disagree strongly	disagree	disagree	disagree strongly	disagree strongly	agree strongly	disagree strongly	agree strongly	agree strongly	agree strongly	agree strongly	agree strongly	agree strongly	disagree strongly	agree strongly	disagree	disagree strongly	agree strongly	disagree strongly	agree	81.5	87	85	1	13	7	Not Selected	Catholic	1	0	medium
126	girl	agree strongly	disagree strongly	agree strongly	agree	agree strongly	agree strongly	disagree strongly	agree strongly	disagree strongly	disagree strongly	10	agree strongly	helemaal niet waar	agree strongly	agree strongly	disagree strongly	agree	agree	agree	disagree strongly	agree strongly	disagree	agree strongly	agree strongly	agree strongly	disagree strongly	agree strongly	agree	disagree strongly	agree strongly	disagree strongly	disagree strongly	disagree strongly	agree	disagree strongly	agree strongly	agree strongly	agree strongly	agree	agree	disagree strongly	disagree strongly	agree strongly	disagree strongly	disagree strongly	agree	agree	agree strongly	84	87	85.7	0	18	2	Selected	State	0	1	medium
119	girl	disagree strongly	disagree	disagree	disagree strongly	disagree	agree strongly	disagree	disagree strongly	disagree	disagree strongly	8	agree strongly	helemaal niet waar	agree strongly	agree	disagree strongly	agree strongly	disagree	agree	disagree strongly	agree strongly	disagree	agree strongly	agree strongly	disagree	disagree strongly	agree strongly	agree	disagree strongly	agree	disagree	disagree strongly	agree strongly	disagree	agree	agree	agree strongly	agree	agree	agree	disagree strongly	agree	agree strongly	agree	disagree strongly	agree	disagree strongly	agree	85.6	87.1	88.9	1	8	5	Selected	Catholic	1	0	medium
127	girl	disagree strongly	disagree strongly	disagree	disagree strongly	agree	agree strongly	agree strongly	disagree strongly	disagree strongly	disagree strongly	10	agree strongly	helemaal niet waar	agree	agree	disagree strongly	agree	agree	agree	disagree strongly	agree strongly	disagree	agree strongly	agree strongly	disagree	disagree strongly	agree strongly	disagree	disagree strongly	agree strongly	agree	disagree strongly	disagree strongly	agree	disagree	agree strongly	agree strongly	agree	agree	agree	disagree strongly	agree	agree strongly	agree	disagree strongly	disagree	disagree strongly	disagree	83.5	87.4	85.2	1	15	8	Selected	State	0	1	medium
125	girl	disagree	disagree	agree strongly	disagree	disagree strongly	agree	disagree	agree	agree strongly	agree	9	agree	helemaal niet waar	disagree	agree strongly	disagree strongly	disagree strongly	disagree	agree	disagree strongly	agree	disagree	agree	agree strongly	agree	agree	agree	agree strongly	agree strongly	agree strongly	disagree strongly	disagree strongly	agree	agree	agree strongly	disagree strongly	disagree	agree	agree	agree strongly	disagree	disagree	agree	disagree	agree	agree strongly	agree strongly	disagree strongly	87.9	87.5	88.8	1	10	6	Selected	State	0	1	medium
130	boy	agree strongly	disagree strongly	agree strongly	agree strongly	disagree strongly	agree	disagree strongly	agree strongly	agree strongly	disagree	3	agree strongly	helemaal niet waar	agree	disagree	disagree	disagree	agree	disagree	agree	agree	disagree	agree	agree strongly	agree	agree strongly	agree strongly	agree	agree	agree	agree	disagree strongly	disagree strongly	agree strongly	agree	agree	disagree strongly	agree	disagree	disagree	agree	agree	agree	disagree strongly	disagree	disagree	agree strongly	disagree	72.1	87.9	80.5	1	10	6	Not Selected	State	0	1	medium
124	girl	disagree	agree strongly	disagree	disagree	agree	agree strongly	agree strongly	disagree strongly	disagree	disagree strongly	10	agree strongly	helemaal niet waar	agree	disagree	disagree strongly	agree	agree strongly	agree	disagree strongly	agree	disagree	agree strongly	agree strongly	agree	agree	agree strongly	agree strongly	agree	agree strongly	agree	disagree strongly	disagree strongly	agree strongly	agree	agree	agree	agree	agree	disagree	disagree	disagree	agree strongly	disagree	disagree	disagree strongly	disagree	disagree	91.25	88.75	89.6	1	10	6	Selected	State	0	1	medium
119	boy	agree	disagree	agree	agree	disagree strongly	agree	disagree	disagree	disagree	disagree strongly	5	agree strongly	helemaal niet waar	agree	disagree	disagree	disagree	agree	disagree	disagree strongly	agree	disagree	disagree	agree strongly	agree	disagree strongly	agree strongly	disagree	disagree	disagree	disagree	disagree strongly	disagree strongly	agree	disagree	agree	disagree	agree	disagree	disagree	agree	disagree	agree strongly	disagree	disagree strongly	disagree	disagree strongly	disagree	86	89	82	1	6	4	Not Selected	State	0	1	medium
130	boy	agree	disagree strongly	agree	disagree strongly	disagree strongly	agree strongly	disagree strongly	agree	agree	disagree strongly	8	agree	een beetje waar	agree strongly	agree strongly	disagree strongly	disagree	agree strongly	agree	disagree	disagree	disagree	agree strongly	disagree strongly	agree	disagree	agree strongly	agree strongly	disagree	agree	disagree strongly	disagree strongly	agree	agree strongly	disagree	disagree	disagree strongly	agree	agree	agree strongly	disagree	disagree	agree	disagree strongly	disagree	agree	disagree	disagree	92.7	89	95	1	6	6	Not Selected	State	0	1	medium
127	boy	disagree	agree	disagree strongly	disagree strongly	agree	agree strongly	disagree	disagree	disagree strongly	disagree strongly	7	agree strongly	helemaal niet waar	disagree	agree strongly	disagree strongly	disagree	agree	agree	disagree	agree	disagree	agree strongly	agree strongly	agree	disagree	agree	agree strongly	disagree strongly	agree strongly	disagree strongly	disagree strongly	disagree strongly	agree	agree	agree	agree strongly	agree	agree	agree	disagree	disagree	agree strongly	disagree	agree	agree	agree strongly	agree strongly	88	89	91	1	13	8	Not Selected	Catholic	1	0	medium
128	boy	agree	agree strongly	agree	agree	disagree	agree	disagree	agree	disagree strongly	agree	9	agree strongly	helemaal niet waar	agree	agree	disagree strongly	agree	agree	agree	disagree strongly	agree	disagree	agree strongly	agree strongly	agree strongly	agree strongly	agree strongly	disagree	disagree strongly	agree strongly	agree	disagree strongly	disagree strongly	agree strongly	agree strongly	agree	agree	agree	agree	agree	disagree strongly	disagree strongly	agree strongly	disagree	disagree strongly	agree	agree	agree	86.7	89.2	88.5	1	10	6	Not Selected	State	0	1	medium
129	girl	disagree strongly	agree	disagree	disagree strongly	disagree	agree strongly	agree	disagree strongly	disagree strongly	disagree strongly	9	agree strongly	niet echt waar	disagree strongly	disagree strongly	disagree strongly	disagree	agree	disagree	disagree	agree	disagree	agree	agree strongly	agree	agree strongly	disagree	disagree	disagree strongly	agree	agree strongly	disagree strongly	disagree	agree strongly	agree strongly	agree	disagree	agree	agree	disagree	disagree	agree strongly	agree	disagree	agree strongly	disagree strongly	agree strongly	disagree	78.1	89.2	83.6	1	7	4	Selected	State	0	1	medium
119	girl	disagree strongly	agree	agree strongly	disagree strongly	disagree	agree strongly	agree	disagree	disagree	disagree strongly	9	agree strongly	helemaal niet waar	agree strongly	agree strongly	disagree strongly	agree	disagree	agree	disagree strongly	agree strongly	disagree	agree	agree strongly	agree	agree	agree strongly	disagree	disagree strongly	agree	disagree	disagree strongly	disagree strongly	agree	agree	agree strongly	agree	agree	agree	agree	disagree	disagree strongly	agree strongly	agree	disagree strongly	agree	disagree strongly	agree	77.5	89.5	89.5	1	14	7	Selected	State	0	1	medium
128	girl	disagree	agree	disagree	disagree	disagree	agree	agree	disagree	agree	disagree strongly	8	agree strongly	helemaal niet waar	agree	agree	disagree strongly	agree strongly	agree	agree	disagree strongly	agree	disagree	agree strongly	agree strongly	agree	disagree	agree strongly	agree strongly	disagree strongly	agree	disagree	disagree strongly	disagree strongly	agree	agree	disagree	agree	agree	agree	agree	disagree strongly	agree	agree strongly	agree	disagree	agree	disagree strongly	agree	90	90	90	1	10	6	Selected	State	0	1	medium
126	girl	agree	agree	disagree	agree strongly	disagree strongly	agree strongly	agree	agree	agree	disagree strongly	10	agree strongly	niet echt waar	disagree	agree	disagree	agree strongly	agree strongly	agree	disagree strongly	agree	disagree	agree	agree strongly	agree	agree	agree strongly	disagree	disagree strongly	agree	disagree	disagree strongly	disagree	agree	disagree	agree	disagree	agree	disagree	disagree	agree	agree	agree strongly	disagree	disagree	disagree	agree	disagree	90.21	90.25	90.21	0	10	6	Selected	State	0	1	medium
125	girl	disagree strongly	agree strongly	agree	disagree strongly	agree	agree strongly	agree strongly	disagree strongly	disagree strongly	disagree strongly	9	agree strongly	niet echt waar	agree	agree	disagree strongly	agree	agree strongly	agree	disagree strongly	agree	disagree	agree	agree strongly	agree strongly	disagree strongly	agree strongly	agree	disagree	agree	disagree	disagree strongly	disagree strongly	agree	disagree	agree	agree	agree	agree	agree	disagree	disagree	agree strongly	disagree	disagree	agree	disagree	agree	90.1	90.5	88.7	1	6	6	Selected	Catholic	1	0	medium
129	boy	agree strongly	agree strongly	agree strongly	agree strongly	agree	agree strongly	agree strongly	disagree strongly	disagree strongly	disagree strongly	10	agree strongly	helemaal niet waar	agree strongly	agree strongly	disagree strongly	agree strongly	agree	agree	disagree strongly	agree strongly	disagree	agree strongly	agree strongly	agree	disagree strongly	agree strongly	agree	disagree	agree strongly	agree	disagree strongly	disagree strongly	agree	agree strongly	agree strongly	agree strongly	agree	disagree	agree	disagree strongly	disagree	agree strongly	disagree strongly	disagree strongly	agree strongly	disagree strongly	agree strongly	88.25	90.75	88.3	1	10	8	Not Selected	Catholic	1	0	medium
126	boy	disagree strongly	agree strongly	agree	disagree strongly	disagree	agree strongly	agree	disagree	disagree strongly	disagree strongly	8	agree strongly	een beetje waar	agree	agree strongly	disagree strongly	agree	agree strongly	agree strongly	disagree strongly	agree strongly	disagree	agree	agree strongly	agree strongly	disagree strongly	agree strongly	agree strongly	disagree	agree	disagree strongly	disagree strongly	agree	agree strongly	disagree strongly	agree	agree	agree	agree strongly	agree strongly	agree	disagree	agree strongly	disagree strongly	disagree	agree strongly	disagree strongly	disagree	89	90.8	90.4	1	2	6	Not Selected	State	0	1	medium
125	boy	agree	agree	disagree strongly	disagree strongly	agree	agree strongly	agree	agree	disagree strongly	disagree strongly	9	agree strongly	helemaal niet waar	agree strongly	agree	disagree strongly	agree	agree strongly	agree	disagree strongly	agree	disagree	agree strongly	agree	agree strongly	agree	agree strongly	agree	disagree strongly	agree	agree	disagree strongly	disagree strongly	agree strongly	agree	agree	agree	agree	agree	agree	disagree strongly	disagree strongly	agree	disagree strongly	disagree strongly	agree strongly	disagree strongly	agree	86	91	88.5	1	10	7	Not Selected	State	0	1	medium
126	boy	agree	disagree	agree	disagree	disagree strongly	agree strongly	agree	agree	disagree strongly	disagree strongly	9	agree strongly	helemaal niet waar	agree	agree strongly	disagree strongly	agree	agree strongly	agree	disagree strongly	agree	disagree	agree	agree strongly	agree	agree strongly	agree strongly	agree	disagree	disagree	disagree strongly	disagree strongly	disagree	agree	agree	disagree strongly	disagree	agree	agree	agree	agree	disagree	agree strongly	disagree	disagree	agree	agree	disagree	85	91.07	85.6	1	18	5	Not Selected	State	0	1	medium
130	boy	agree strongly	disagree strongly	agree strongly	agree strongly	disagree strongly	disagree	disagree strongly	agree strongly	agree strongly	agree	1	agree strongly	helemaal niet waar	agree strongly	agree	disagree strongly	agree	agree strongly	agree strongly	disagree strongly	agree strongly	disagree	agree	agree strongly	agree strongly	disagree strongly	agree strongly	agree strongly	disagree strongly	agree strongly	disagree	disagree strongly	disagree strongly	agree strongly	disagree strongly	agree	agree strongly	agree strongly	agree strongly	agree	agree	disagree	agree strongly	disagree strongly	disagree strongly	agree	disagree strongly	agree	91	91.5	91.5	1	14	7	Not Selected	Catholic	1	0	medium
121	boy	disagree strongly	agree	disagree strongly	agree	agree	agree	agree strongly	disagree strongly	disagree strongly	disagree strongly	10	agree	niet echt waar	agree	disagree	disagree	agree	agree	disagree	disagree	agree	disagree	agree	agree	agree	agree	agree	disagree	disagree strongly	agree	agree	disagree strongly	disagree strongly	agree	agree	agree	disagree strongly	agree	agree	disagree	disagree	agree	disagree	disagree	agree	disagree	agree	agree	88	92	89.6	1	15	5	Not Selected	State	0	1	medium
123	girl	agree	agree	agree	disagree	disagree	agree strongly	agree	agree	disagree strongly	disagree strongly	7	agree strongly	niet echt waar	agree	agree	disagree strongly	disagree	agree strongly	agree	disagree	disagree	disagree	agree	agree	agree	agree	agree strongly	agree	disagree	disagree	disagree	disagree strongly	agree	agree	disagree	agree	disagree	disagree	agree	disagree	disagree	agree	agree	disagree	disagree	disagree	agree	agree	85	92	88	1	10	6	Selected	State	0	1	medium
129	boy	agree	agree	agree	agree strongly	disagree	disagree	agree	agree	agree	agree	8	agree strongly	niet echt waar	agree strongly	agree strongly	disagree strongly	agree strongly	agree strongly	agree strongly	disagree	agree strongly	disagree	agree	agree strongly	agree strongly	disagree strongly	agree strongly	agree strongly	disagree strongly	agree strongly	disagree strongly	disagree strongly	disagree	agree strongly	disagree strongly	agree strongly	agree strongly	agree strongly	agree strongly	agree strongly	disagree strongly	disagree strongly	agree strongly	disagree strongly	disagree strongly	agree strongly	agree	agree strongly	93.9	92.22	91.8	1	10	6	Not Selected	State	0	1	medium
120	boy	agree strongly	disagree strongly	disagree	agree	disagree strongly	agree	disagree strongly	agree strongly	agree strongly	agree		agree strongly	niet echt waar	agree	disagree strongly	disagree strongly	agree	disagree	agree strongly	disagree strongly	agree	disagree	agree strongly	agree strongly	agree strongly	disagree	agree strongly	agree	disagree strongly	agree strongly	agree	disagree strongly	disagree strongly	agree	disagree strongly	agree strongly	agree	agree	agree strongly	agree	agree	disagree strongly	agree strongly	disagree	disagree strongly	disagree	disagree	agree	94	93.5	93.5	1	15	8	Not Selected	COE	0	0	medium
125	boy	disagree	disagree strongly	agree	disagree strongly	disagree strongly	agree strongly	disagree strongly	agree strongly	agree strongly	disagree strongly	0	agree strongly	helemaal niet waar	agree	disagree	disagree strongly	agree strongly	agree	disagree	disagree strongly	agree	disagree	agree strongly	agree strongly	agree	disagree	agree	disagree	disagree strongly	agree	disagree	disagree strongly	disagree strongly	agree	agree	agree	disagree strongly	agree	disagree	disagree	disagree	agree	agree strongly	disagree	disagree	disagree	disagree	agree strongly			82.6	1	4	4	Not Selected	State	0	1	medium
125	boy	disagree	agree	disagree	agree strongly	disagree strongly	agree strongly	disagree strongly	agree	disagree	disagree strongly	7	agree strongly	een beetje waar	disagree strongly	agree	disagree strongly	disagree	agree	agree strongly	disagree	agree strongly	disagree	agree	agree strongly	agree strongly	agree	disagree	agree	agree	disagree	disagree strongly	disagree strongly	agree	agree strongly	disagree strongly	agree	agree	agree strongly	agree	agree	disagree strongly	agree	agree strongly	disagree	agree strongly	agree	agree strongly	disagree			81	1	6	4	Not Selected	State	0	1	medium
123	boy	disagree	agree strongly	disagree strongly	disagree strongly	disagree	agree strongly	agree strongly	disagree	disagree	disagree strongly	8	agree strongly	niet echt waar	agree strongly	disagree	disagree strongly	agree	disagree	disagree	disagree strongly	agree strongly	disagree	agree strongly	agree strongly	agree	disagree	agree strongly	agree	disagree strongly	agree	disagree	disagree strongly	disagree strongly	agree	disagree	agree	disagree	agree	agree	agree	disagree	disagree	agree strongly	disagree	disagree strongly	agree	disagree	agree			72.5	1	7	4	Not Selected	State	0	1	medium
131	boy	agree	agree	disagree	disagree	disagree	agree strongly	agree	agree strongly	agree	disagree	0	agree strongly	helemaal niet waar	agree strongly	agree strongly	agree	agree	disagree	agree	disagree strongly	agree strongly	disagree	agree strongly	agree strongly	agree	agree	agree strongly	disagree	disagree strongly	agree	disagree	disagree strongly	disagree strongly	agree	disagree	agree	agree strongly	agree	agree	disagree	disagree strongly	disagree	agree	agree	disagree strongly	agree	disagree strongly	agree			71.5	1	10	4	Not Selected	State	0	1	medium
123	boy	disagree	agree strongly	disagree	disagree strongly	disagree	agree strongly	agree	disagree strongly	disagree strongly	disagree strongly	10	agree strongly	helemaal niet waar	agree	agree	disagree strongly	agree	disagree	agree	disagree strongly	agree	disagree	agree	agree strongly	agree	agree	agree strongly	agree	disagree	agree	agree	disagree	disagree strongly	disagree	disagree	agree	disagree	disagree	disagree	disagree	disagree	agree	agree	agree	disagree	disagree	agree	agree			81.9	1	6	5	Not Selected	State	0	1	medium
130	boy	agree strongly	disagree strongly	agree strongly	disagree	agree strongly	disagree	disagree strongly	agree strongly	agree strongly	disagree	0	agree	een beetje waar	agree strongly	disagree	disagree strongly	disagree strongly	agree	disagree	disagree	agree strongly	disagree	disagree	agree	agree	disagree strongly	agree strongly	disagree	disagree	agree	agree	disagree strongly	disagree	agree strongly	agree	agree	disagree	agree strongly	disagree	disagree	disagree strongly	disagree strongly	disagree strongly	disagree strongly	disagree strongly	disagree strongly	agree	agree			88	1	6	5	Not Selected	State	0	1	medium
127	boy	agree strongly	agree	agree	disagree strongly	agree strongly	agree strongly	agree strongly	agree	agree strongly	disagree strongly	1	agree	een beetje waar	agree	disagree	disagree strongly	disagree	disagree strongly	disagree	agree		disagree	agree strongly	agree strongly	disagree	agree	agree strongly	disagree	disagree strongly	disagree	agree		disagree strongly	disagree strongly	disagree	agree	agree	agree	disagree	disagree	agree	disagree	agree strongly	agree strongly	disagree strongly	disagree	agree strongly	disagree			79.9	1	9	5	Not Selected	State	0	1	medium
122	boy	disagree	agree	agree	agree	agree	agree strongly	agree	agree	disagree	disagree strongly	8	agree strongly	een beetje waar	agree strongly	agree	disagree	agree strongly	disagree	agree	disagree strongly	agree strongly	disagree	disagree	agree	disagree	disagree strongly	agree strongly	agree	disagree strongly	agree	agree	disagree strongly	agree	agree	agree	agree	agree	agree	agree	disagree	disagree strongly	disagree strongly	agree	disagree	disagree strongly	disagree	disagree strongly	agree			85.8	1	10	5	Not Selected	State	0	1	medium
125	boy	disagree strongly	agree strongly	disagree strongly	disagree strongly	agree	agree strongly	agree strongly	disagree strongly	disagree strongly	disagree strongly	10	agree strongly	helemaal niet waar	agree	agree	disagree strongly	agree strongly	disagree strongly	disagree	disagree strongly	agree strongly	disagree	agree strongly	agree strongly	agree	disagree strongly	agree strongly	disagree strongly	disagree strongly	agree	disagree strongly	disagree strongly	disagree strongly	disagree	disagree strongly	disagree	agree	agree	agree	disagree	agree	agree	disagree strongly	disagree	disagree strongly	agree	disagree strongly	disagree strongly			68.8	1	14	5	Not Selected	State	0	1	medium
133	boy	disagree	agree	agree	agree	disagree	agree strongly	agree	agree	disagree	disagree strongly	8	agree strongly	een beetje waar	agree strongly	agree	disagree strongly	agree	agree	agree	disagree strongly	agree strongly	disagree	agree strongly	agree	agree	disagree strongly	agree strongly	agree	disagree strongly	agree	disagree	disagree strongly	agree	agree	agree	agree	agree	agree	agree	agree	disagree strongly	disagree strongly	agree strongly	disagree	disagree strongly	agree	disagree strongly	agree			85.8	1	18	5	Not Selected	State	0	1	medium
122	boy	disagree strongly	agree strongly	disagree strongly	disagree strongly	agree	agree strongly	agree strongly	disagree strongly	disagree strongly	disagree strongly	10	agree strongly	helemaal niet waar	agree strongly	agree strongly	disagree strongly	agree strongly	disagree	agree	disagree strongly	agree strongly	disagree	agree strongly	agree strongly	agree	disagree strongly	agree strongly	agree	disagree strongly	agree strongly	disagree strongly	disagree strongly	disagree strongly	agree	disagree strongly	agree strongly	agree strongly	agree strongly	agree	agree strongly	disagree strongly	disagree strongly	agree strongly	agree	disagree strongly	agree strongly	disagree strongly	agree			77	1	2	6	Not Selected	State	0	1	medium
129	boy	disagree	agree	agree	agree	disagree	agree	disagree	disagree	agree	disagree strongly	7	agree	niet echt waar	agree	agree	disagree	agree	disagree	agree	disagree	agree	disagree	disagree	agree	agree	agree	agree strongly	agree	disagree	agree	disagree strongly	disagree	disagree strongly	agree	disagree	agree	disagree	disagree	agree	agree	agree	disagree strongly	agree	disagree strongly	disagree strongly	agree	agree	agree			58.9	1	2	6	Not Selected	State	0	1	medium
125	boy	agree	agree	agree strongly	disagree	disagree strongly	agree strongly	agree	disagree strongly	disagree strongly	disagree strongly	9	agree strongly	helemaal niet waar	agree strongly	agree	disagree strongly	agree strongly	agree	agree	disagree strongly	agree strongly	disagree	agree strongly	agree strongly	agree	disagree strongly	agree strongly	agree	disagree strongly	agree strongly	disagree	disagree strongly	disagree strongly	agree	disagree strongly	agree	agree	agree	agree	agree	disagree strongly	disagree strongly	agree strongly	disagree strongly	disagree strongly	agree	agree strongly	agree			88	1	8	6	Not Selected	State	0	1	medium
122	boy	agree	agree	agree	disagree strongly	agree	agree strongly	agree strongly	disagree strongly	disagree strongly	disagree strongly	8	agree strongly	een beetje waar	agree strongly	agree strongly	disagree strongly	agree strongly	agree strongly	agree	disagree	agree	disagree	agree strongly	agree strongly	agree strongly	agree	agree strongly	agree strongly	disagree	agree strongly	disagree strongly	disagree strongly	disagree	agree strongly	agree	agree	disagree	agree strongly	agree strongly	agree strongly	disagree	disagree strongly	agree strongly	disagree strongly	disagree strongly	agree strongly	agree strongly	agree			90.5	1	9	6	Not Selected	State	0	1	medium
128	boy	agree	agree	agree strongly	disagree	disagree	agree	disagree	disagree	disagree	agree	10	agree	niet echt waar	disagree strongly	agree	disagree strongly	agree	disagree	disagree	disagree	agree	disagree	agree strongly	agree strongly	agree	agree	disagree	disagree	agree	agree strongly	disagree	disagree strongly	disagree	disagree	agree strongly	disagree	disagree	agree	disagree	agree	disagree	agree	agree	agree	agree strongly	agree	agree	disagree			81.2	1	11	6	Not Selected	State	0	1	medium
125	boy	disagree strongly	agree strongly	disagree	disagree	disagree	agree strongly	agree strongly	disagree	disagree strongly	disagree strongly	7	agree strongly	helemaal niet waar	agree	agree strongly	disagree strongly	agree	disagree	disagree	disagree strongly	agree strongly	disagree	agree	agree strongly	disagree	disagree strongly	agree	disagree	disagree strongly	agree	disagree strongly	disagree strongly	disagree strongly	disagree	disagree strongly	agree	agree	agree	disagree	agree strongly	agree	disagree	agree strongly	agree	disagree	agree strongly	disagree strongly	agree			79.3	1	12	6	Not Selected	State	0	1	medium
124	boy	agree strongly	disagree strongly	agree strongly	disagree strongly	disagree strongly	agree	agree	agree	agree	agree	9	agree strongly	niet echt waar	agree	agree strongly	disagree	agree strongly	agree strongly	agree strongly	disagree	agree strongly	disagree	agree	agree strongly	agree strongly	disagree	agree strongly	agree	disagree strongly	agree strongly	disagree	disagree strongly	agree strongly	agree strongly	disagree	agree	disagree	agree strongly	agree strongly	agree strongly	disagree	disagree	agree strongly	disagree	disagree	agree strongly	disagree	agree			81.5	0	10	6	Not Selected	State	0	1	medium
124	boy	disagree strongly	agree strongly	disagree strongly	disagree strongly	agree strongly	agree strongly	agree strongly	disagree strongly	agree	disagree strongly	10	agree strongly	helemaal waar	agree strongly	agree	disagree strongly	agree strongly	agree strongly	agree strongly	disagree strongly	agree strongly	disagree	agree strongly	agree strongly	agree strongly	disagree strongly	agree strongly	agree strongly	disagree strongly	agree strongly	agree	disagree strongly	disagree strongly	agree strongly	disagree strongly	agree strongly	agree	agree	agree strongly	disagree	agree strongly	disagree	agree strongly	agree strongly	disagree strongly	agree	agree	agree strongly			90.1	1	10	6	Not Selected	State	0	1	medium
126	boy	disagree strongly	agree strongly	agree	disagree strongly	agree	disagree strongly	agree	disagree	disagree	disagree strongly	10	agree strongly	helemaal niet waar	agree strongly	disagree	agree strongly	agree	disagree	disagree	disagree	agree	disagree	agree strongly	agree strongly	disagree	disagree strongly	agree strongly	disagree	disagree	disagree	agree	disagree strongly	disagree strongly	disagree	disagree strongly	agree	agree	agree	disagree strongly	disagree	disagree strongly	disagree strongly	agree strongly	disagree strongly	disagree strongly	disagree	disagree strongly	disagree			86	0	10	6	Not Selected	State	0	1	medium
119	boy	disagree	agree strongly	agree	disagree	disagree strongly	agree strongly	agree	disagree strongly	disagree	disagree strongly	8	agree strongly	helemaal waar	agree strongly	agree	disagree strongly	agree	agree strongly	agree strongly	disagree strongly	agree strongly	disagree	disagree	agree strongly	agree strongly	disagree strongly	agree strongly	agree strongly	disagree	agree strongly	disagree	disagree strongly	disagree strongly	agree strongly	agree	agree	disagree	agree strongly	agree strongly	agree strongly	disagree	disagree strongly	agree	disagree strongly	disagree strongly	agree strongly	agree	agree			90	0	10	6	Not Selected	State	0	1	medium
128	boy	agree	agree	disagree	agree	agree	agree strongly	agree	disagree	disagree	disagree strongly	8	agree strongly	helemaal niet waar	agree strongly	agree	agree strongly	agree strongly	agree strongly	disagree	disagree strongly	agree strongly	disagree	agree strongly	agree strongly	agree strongly	disagree strongly	agree strongly	agree	disagree	agree strongly	agree	disagree strongly	disagree strongly	agree strongly	disagree strongly	agree	agree strongly	agree strongly	agree strongly	disagree	disagree strongly	disagree	agree strongly	disagree strongly	disagree strongly	agree	disagree	agree			86.5	1	10	6	Not Selected	State	0	1	medium
128	boy	agree	agree	disagree	disagree strongly	disagree	agree strongly	agree strongly	disagree strongly	disagree strongly	disagree strongly	10	agree strongly	helemaal niet waar	agree strongly	agree strongly	disagree strongly	agree strongly	agree strongly	agree	disagree strongly	agree strongly	disagree	agree strongly	agree strongly	agree strongly	disagree	disagree strongly	agree	agree	agree	disagree	disagree strongly	disagree strongly	agree strongly	disagree strongly	agree	agree	agree strongly	agree	agree	disagree strongly	agree	agree strongly	disagree strongly	disagree strongly	agree	disagree	disagree strongly			82.5	1	10	6	Not Selected	State	0	1	medium
127	boy	agree	agree strongly	agree	agree strongly	agree strongly	agree strongly	disagree strongly	agree strongly	agree	disagree strongly	7	agree strongly	helemaal niet waar	agree strongly	disagree	disagree strongly	disagree	disagree	disagree	disagree strongly	disagree	disagree	agree strongly	agree strongly	agree	disagree	agree strongly	agree	disagree	agree	agree	disagree strongly	disagree strongly	agree	disagree	agree	agree	agree	agree	disagree	disagree	disagree	agree strongly	disagree	disagree strongly	disagree strongly	disagree strongly	agree			85	1	10	6	Not Selected	State	0	1	medium
129	boy	disagree	agree	disagree	disagree	disagree	agree	disagree	agree	disagree	disagree	5	agree strongly	helemaal niet waar	disagree	agree	disagree strongly	agree	agree	disagree	disagree strongly	agree	disagree	agree	agree	agree	disagree strongly	agree	agree	disagree strongly	disagree strongly	disagree	disagree strongly	agree strongly	agree	disagree strongly	agree	agree	disagree	agree	agree	agree	disagree	agree strongly	disagree strongly	agree	agree	disagree	agree strongly			88	1	10	6	Not Selected	State	0	1	medium
122	boy	disagree strongly	agree strongly	disagree	disagree strongly	disagree strongly	agree strongly	agree	disagree strongly	disagree strongly	disagree strongly	9	agree strongly	helemaal niet waar	agree	disagree	disagree strongly	agree strongly	agree	agree strongly	disagree strongly	agree	disagree	agree	agree strongly	agree	disagree strongly	agree strongly	agree	disagree strongly	agree	disagree	disagree strongly	disagree strongly	agree	disagree	agree	disagree	agree	agree	disagree	disagree strongly	disagree strongly	agree strongly	disagree strongly	disagree strongly	agree	disagree	agree			87.3	1	10	6	Not Selected	State	0	1	medium
124	boy	disagree	agree strongly	agree strongly	agree	disagree strongly	agree	agree strongly	disagree	disagree	disagree	7	agree	niet echt waar	disagree strongly	disagree	disagree strongly	agree strongly	agree	disagree	disagree strongly	agree	disagree	agree strongly	agree strongly	disagree strongly	disagree	agree	disagree	disagree strongly	agree	agree	disagree strongly	disagree	agree	agree strongly	agree strongly	agree	agree	disagree strongly	disagree	agree	disagree strongly	agree strongly	disagree strongly	agree strongly	disagree strongly	disagree	agree			89	1	10	6	Not Selected	State	0	1	medium
121	boy	agree strongly	disagree	agree strongly	agree strongly	disagree strongly	agree	disagree strongly	agree strongly	agree strongly	agree strongly	4	agree strongly	een beetje waar	disagree	agree	agree strongly	agree strongly	agree	disagree	disagree strongly	agree	disagree	agree strongly	agree	agree	agree	agree	disagree	disagree strongly	agree strongly	disagree	disagree strongly	disagree	agree	agree	disagree	disagree strongly	agree	disagree	disagree	disagree	disagree	agree strongly	disagree	agree strongly	disagree	agree	agree			73	1	10	6	Not Selected	State	0	1	medium
129	boy	disagree	disagree strongly	disagree	disagree strongly	disagree	agree strongly	agree	disagree	agree	disagree strongly	8	agree strongly	helemaal niet waar	agree strongly	agree	disagree strongly	agree strongly	agree strongly	agree	disagree strongly	agree strongly	disagree	agree strongly	agree strongly	agree strongly	disagree strongly	agree strongly	agree	disagree strongly	agree strongly	disagree	disagree strongly	disagree strongly	agree strongly	disagree strongly	agree	agree	agree strongly	agree strongly	agree	disagree strongly	disagree strongly	agree strongly	disagree strongly	disagree strongly	agree	agree	agree			92.4	1	10	6	Not Selected	State	0	1	medium
134	boy	disagree	agree	agree	disagree strongly	agree	agree strongly	agree strongly	disagree	disagree strongly	disagree strongly	9	agree strongly	helemaal niet waar	agree	agree	disagree strongly	agree	agree	agree	disagree strongly	agree	disagree	agree strongly	agree strongly	agree	disagree strongly	agree strongly	agree	disagree strongly	agree	disagree strongly	disagree strongly	disagree strongly	disagree	disagree strongly	agree	agree	agree	agree	disagree	agree	agree	agree strongly	disagree strongly	disagree strongly	disagree	agree	agree strongly			83.1	1	10	6	Not Selected	State	0	1	medium
129	boy	agree	disagree strongly	agree strongly	disagree strongly	agree strongly	agree strongly	disagree strongly	agree strongly	agree strongly	disagree strongly	7	disagree	helemaal niet waar	agree strongly	agree	disagree	disagree	agree strongly	agree	agree	disagree	disagree	disagree	agree	agree strongly	agree	agree strongly	agree	agree	disagree	disagree strongly	disagree strongly	agree	agree strongly	agree	disagree	disagree	agree	agree	agree	disagree strongly	agree	agree strongly	disagree strongly	disagree strongly	agree strongly	agree strongly	agree			80	1	12	7	Not Selected	State	0	1	medium
128	boy	agree	agree	disagree	disagree strongly	disagree	agree strongly	agree	disagree	disagree strongly	disagree strongly	9	agree strongly	helemaal niet waar	agree strongly	agree	disagree strongly	agree	agree strongly	agree	disagree strongly	agree strongly	disagree	agree	agree strongly	agree	disagree strongly	agree strongly	agree	disagree strongly	agree	disagree	disagree strongly	disagree strongly	agree strongly	disagree strongly	agree strongly	agree	agree strongly	agree	agree	disagree strongly	disagree	agree strongly	disagree strongly	disagree strongly	agree	disagree strongly	agree			88	1	13	7	Not Selected	Catholic	1	0	medium
127	boy	agree	disagree	disagree strongly	disagree strongly	disagree strongly	agree	disagree strongly	agree	agree	agree	8	agree strongly	helemaal niet waar	agree strongly	agree	disagree strongly	agree strongly	agree	agree	disagree strongly	agree	disagree	agree strongly	agree strongly	agree	agree	agree strongly	agree	disagree strongly	agree	disagree	disagree strongly	disagree strongly	agree	disagree	agree strongly	agree	agree	agree	agree	disagree strongly	disagree strongly	agree strongly	disagree	disagree strongly	agree	disagree strongly	agree strongly			86.3	1	13	7	Not Selected	Catholic	1	0	medium
128	boy	disagree	agree	disagree	disagree strongly	disagree strongly	agree strongly	agree strongly	disagree strongly	disagree strongly	disagree strongly	9	agree	niet echt waar	agree	disagree	disagree strongly	agree	agree strongly	disagree	disagree	disagree	disagree	agree	agree	agree	disagree	agree	disagree strongly	agree	disagree strongly	agree	disagree strongly	disagree strongly	agree	disagree strongly	agree	disagree	agree	disagree	disagree	disagree	disagree	agree	disagree strongly	disagree strongly	agree	agree strongly	disagree			87.5	1	14	7	Not Selected	Catholic	1	0	medium
121	boy	disagree strongly	agree strongly	disagree strongly	disagree strongly	agree	agree strongly	agree strongly	disagree strongly	disagree strongly	disagree strongly	10	agree strongly	helemaal niet waar	disagree	agree strongly	disagree strongly	agree	disagree strongly	agree	disagree strongly	agree strongly	disagree	agree strongly	agree strongly	agree	disagree strongly	agree	disagree	disagree strongly	agree strongly	disagree strongly	disagree strongly	disagree strongly	agree	disagree strongly	disagree	agree	agree	agree	agree strongly	disagree	agree	agree strongly	agree	disagree	agree	disagree strongly	disagree			63.5	1	17	7	Not Selected	Catholic	1	0	medium
122	boy	disagree	agree strongly	agree	disagree	agree	disagree	agree strongly	disagree strongly	disagree strongly	disagree	8	agree strongly	helemaal niet waar	agree strongly	disagree	disagree strongly	agree strongly	disagree	agree	disagree strongly	agree strongly	disagree	agree strongly	agree strongly	agree	disagree strongly	agree strongly	disagree strongly	disagree strongly	agree strongly	agree	disagree strongly	disagree strongly	agree	disagree	agree strongly	agree	agree strongly	agree	disagree	disagree strongly	disagree	agree strongly	disagree	disagree strongly	disagree	disagree strongly	agree			77.3	1	18	7	Not Selected	Catholic	1	0	medium
124	boy	disagree	agree	agree	disagree strongly	agree	disagree strongly	agree	disagree	agree	disagree strongly	10	agree strongly	helemaal niet waar	disagree strongly	disagree	disagree strongly	agree strongly	disagree	disagree strongly	disagree strongly	disagree	disagree	agree strongly	agree strongly	disagree	agree	disagree	disagree	disagree strongly	disagree	disagree	disagree strongly	disagree	disagree strongly	disagree	disagree	disagree	disagree strongly	disagree strongly	disagree strongly	agree	agree	agree strongly	agree	agree strongly	disagree	disagree	agree			75.9	0	12	8	Not Selected	Catholic	1	0	medium
130	boy	disagree	agree	disagree	agree	disagree	disagree strongly	disagree	disagree	disagree strongly	disagree strongly	8	agree strongly	helemaal niet waar	disagree	agree	disagree strongly	agree strongly	disagree strongly	agree	disagree strongly	agree	disagree	agree strongly	agree	disagree	disagree strongly	agree strongly	disagree	disagree strongly	agree strongly	disagree	disagree strongly	disagree strongly	disagree	disagree strongly	agree	agree	agree	agree	disagree	disagree strongly	disagree strongly	agree strongly	disagree	disagree strongly	agree	agree	agree			85.7	1	16	8	Not Selected	COE	0	0	medium
124	boy	disagree strongly	disagree	disagree	disagree strongly	disagree	agree strongly	agree	disagree	agree	disagree strongly	8	agree strongly	helemaal niet waar	agree strongly	agree	disagree strongly	agree strongly	agree strongly	agree	agree strongly	agree strongly	disagree	agree strongly	agree strongly	agree strongly	disagree strongly	agree strongly	agree	disagree strongly	agree strongly	disagree	disagree strongly	disagree strongly	agree strongly	disagree strongly	agree	agree	agree strongly	agree strongly	agree	disagree strongly	disagree strongly	agree strongly	disagree strongly	disagree strongly	agree	agree	agree			91.2	0	18	8	Not Selected	COE	0	0	medium
125	boy	agree	agree	agree strongly	disagree	disagree	agree strongly	agree strongly	disagree	disagree strongly	disagree strongly	2	agree strongly	helemaal niet waar	agree	agree	disagree strongly	agree	agree	agree strongly	disagree strongly	agree	disagree	agree	agree	agree	disagree strongly	agree strongly	agree	disagree	disagree	disagree strongly	disagree strongly	disagree strongly	agree	disagree	agree	agree	agree	agree strongly	agree	disagree strongly	disagree strongly	agree strongly	disagree strongly	disagree strongly	agree	agree	agree			90.2	1	18	8	Not Selected	COE	0	0	medium
120	boy	agree	disagree strongly	disagree	agree	disagree strongly	agree strongly	disagree strongly	agree	disagree	disagree	3	agree strongly	helemaal niet waar	agree strongly	agree	disagree strongly	disagree	disagree	disagree	disagree strongly	agree	disagree	agree strongly	agree strongly	disagree	agree	agree	agree	agree	agree	agree	disagree strongly	disagree strongly	disagree	agree	disagree	disagree	disagree	disagree	agree	agree	agree	agree	agree	disagree strongly	disagree	disagree	disagree			86.1	1	15	9	Not Selected	COE	0	0	medium
124	boy	agree	agree	agree strongly	disagree	disagree	agree	disagree	agree	agree	agree	10	agree	een beetje waar	disagree	disagree	disagree	agree	disagree	disagree	disagree	agree	disagree	disagree	agree	disagree	agree	agree	disagree	agree	agree	agree	disagree strongly	agree	disagree	disagree	agree	agree	disagree	disagree	disagree	disagree	disagree	disagree	agree	agree	agree	disagree strongly	disagree			76.3	0	16	9	Not Selected	COE	0	0	medium
130	boy	disagree strongly	agree	disagree	disagree	disagree strongly	agree strongly	agree strongly	disagree strongly	disagree strongly	disagree strongly	9	agree strongly	niet echt waar	disagree strongly	agree	disagree strongly	disagree	agree	agree	disagree strongly	agree	disagree	agree	agree strongly	agree strongly	agree	agree	agree	disagree	agree	agree	disagree strongly	disagree strongly	agree	agree	agree	disagree	agree	agree	disagree	agree strongly	disagree	agree	disagree	agree	disagree	agree	disagree			88.2	1	16	10	Not Selected	COE	0	0	medium
121	boy	disagree strongly	agree strongly	agree	disagree	disagree	agree strongly	agree strongly	disagree	disagree	disagree strongly	8	agree strongly	helemaal niet waar	agree strongly	agree	disagree strongly	agree	disagree	agree	disagree strongly	agree strongly	disagree	agree strongly	agree strongly	agree	disagree strongly	agree strongly	agree	disagree strongly	agree strongly	disagree strongly	disagree strongly	agree strongly	agree	disagree strongly	agree	agree strongly	agree strongly	agree	agree	disagree strongly	disagree strongly	agree strongly	disagree	disagree strongly	agree	agree	agree			87.3	1	17	10	Not Selected	COE	0	0	medium
125	girl	disagree	agree	agree	disagree strongly	disagree	agree strongly	disagree strongly	disagree strongly	disagree	disagree strongly	7	agree strongly	helemaal niet waar	agree strongly	disagree	disagree strongly	agree strongly	disagree strongly	agree	disagree strongly	agree	disagree	agree strongly	agree strongly		disagree strongly	agree strongly	agree	disagree	agree strongly	disagree	disagree strongly	disagree strongly	agree	disagree strongly		disagree	agree		disagree strongly	disagree strongly	agree	agree strongly	disagree	disagree strongly		agree				86.4	1	0	2	Selected	State	0	1	medium
119	girl	agree	agree	agree strongly	disagree strongly	disagree	agree strongly	agree	disagree	disagree	disagree	10	agree	niet echt waar	disagree	agree strongly	agree	agree strongly	disagree	agree	agree	agree	disagree	disagree strongly	agree	disagree	agree	agree strongly	agree	disagree strongly	agree strongly	disagree strongly	agree	disagree	disagree	disagree	agree strongly	agree	agree	agree	agree strongly	disagree strongly	disagree strongly	agree strongly	disagree	agree	agree strongly	agree strongly	agree strongly			79	0	2	2	Selected	State	0	1	medium
121	girl	agree	agree	agree strongly	disagree	disagree	disagree strongly	agree strongly	agree strongly	agree	disagree strongly	1	agree strongly	helemaal niet waar	agree strongly	agree strongly	disagree strongly	agree	disagree	agree	disagree strongly	agree strongly	disagree	agree strongly	agree strongly	agree	disagree strongly	agree strongly	agree	disagree strongly	agree strongly	agree	disagree strongly	disagree strongly	disagree	disagree	agree strongly	agree strongly	agree	agree	agree	agree	disagree strongly	agree strongly	agree	disagree strongly	agree strongly	disagree strongly	agree strongly			81.2	1	6	2	Selected	State	0	1	medium
128	girl	disagree	agree strongly	disagree	disagree strongly	agree strongly	agree strongly	agree strongly	disagree strongly	disagree strongly	disagree strongly	9	agree strongly	helemaal niet waar	agree	agree	disagree strongly	agree strongly	agree	agree	disagree strongly	agree strongly	disagree	agree strongly	agree strongly	agree	disagree	agree	disagree	disagree strongly	agree	disagree	disagree strongly	disagree strongly	agree	disagree strongly	agree	agree strongly	agree	agree	agree	agree	disagree	agree strongly	disagree	disagree	disagree	agree	agree			70.5	1	8	2	Selected	State	0	1	medium
128	girl	disagree strongly	disagree	agree	agree strongly	agree strongly	agree strongly	agree	disagree	disagree	disagree strongly	7	agree	niet echt waar	agree strongly	agree strongly	disagree strongly	agree strongly	agree	agree	disagree	agree	disagree	agree strongly	agree strongly	agree	disagree strongly	agree strongly	agree	disagree strongly	agree	disagree	disagree strongly	disagree	agree	disagree strongly	agree	agree	agree	agree	agree strongly	disagree strongly	disagree	agree strongly	disagree	disagree strongly	agree	disagree	agree			87.5	1	8	3	Selected	State	0	1	medium
129	girl	agree	agree strongly	disagree	disagree strongly	disagree	agree strongly	agree strongly	disagree	disagree strongly	disagree strongly	8	agree strongly	helemaal niet waar	disagree	agree	disagree strongly	agree	agree	agree	disagree strongly	agree strongly	disagree	agree strongly	agree strongly	agree	disagree	agree strongly	disagree	agree	disagree	disagree	disagree strongly	disagree	agree	agree	disagree	agree	disagree	agree	agree	disagree strongly	disagree	agree strongly	disagree	disagree	agree	disagree strongly	disagree			88	0	0	4	Selected	State	0	1	medium
124	girl	disagree	agree	agree	agree	disagree strongly	disagree	disagree strongly	agree	disagree strongly	disagree strongly	6	agree strongly	niet echt waar	disagree	agree strongly	disagree strongly	agree strongly	disagree	disagree	disagree strongly	disagree	disagree	agree	agree strongly	agree	agree	agree strongly	disagree strongly	disagree strongly	agree	disagree	disagree strongly	disagree strongly	disagree	disagree	agree strongly	agree	disagree	disagree	disagree	disagree strongly	disagree	agree strongly	disagree	disagree strongly	disagree	disagree	disagree			89.4	1	4	4	Selected	State	0	1	medium
130	girl	agree	disagree	agree	agree strongly	disagree strongly	agree	disagree	agree	agree strongly	disagree	7	disagree strongly	helemaal niet waar	disagree	disagree	disagree strongly	disagree	disagree	disagree	agree	disagree	disagree	agree strongly	disagree	disagree	agree	disagree	disagree	agree	disagree	agree	disagree strongly	disagree	disagree	agree	disagree	disagree	disagree	disagree	disagree strongly	disagree	agree	agree	disagree	disagree	disagree	agree strongly	disagree			85	1	4	5	Selected	Catholic	1	0	medium
124	girl	disagree strongly	agree strongly	agree	disagree strongly	agree strongly	agree strongly	agree strongly	disagree strongly	disagree strongly	disagree strongly	10	agree strongly	helemaal niet waar	agree	agree	disagree strongly	disagree	disagree strongly	disagree	disagree strongly	agree strongly	disagree	agree	agree strongly	disagree	disagree strongly	agree	disagree	agree	disagree strongly	disagree strongly	disagree strongly	disagree strongly	agree strongly	disagree strongly	agree	disagree	agree strongly	disagree	disagree strongly	disagree	disagree strongly	agree strongly	disagree strongly	disagree strongly	disagree strongly	disagree strongly	disagree			73.5	1	6	5	Selected	Catholic	1	0	medium
128	girl	agree	agree	agree	agree	disagree strongly	disagree	agree	agree	agree strongly	agree	6	disagree	een beetje waar	agree	disagree	agree	disagree	disagree	disagree	disagree	agree	disagree	agree	agree	disagree	agree	agree strongly	disagree	disagree	agree	disagree	disagree strongly	disagree	disagree	agree	agree	agree	disagree	agree	disagree	disagree strongly	agree	agree strongly	agree	disagree	disagree	agree	disagree			71	1	7	5	Selected	Catholic	1	0	medium
128	girl	disagree strongly	agree strongly	disagree	disagree strongly	agree strongly	agree strongly	agree strongly	disagree strongly	disagree strongly	disagree strongly	10	agree	helemaal waar	agree	disagree	agree strongly	disagree	agree	agree	disagree strongly	agree	disagree	agree	agree	agree	disagree	agree	disagree	agree	disagree	agree	disagree strongly	disagree	agree	disagree	agree	disagree	agree	agree	disagree	disagree	agree	agree	disagree	disagree	disagree	agree	disagree			80	1	8	5	Selected	Catholic	1	0	medium
120	girl	agree	disagree	agree	disagree	agree	agree	agree	agree	agree	disagree	4	agree strongly	helemaal niet waar	agree	agree	disagree strongly	agree strongly	disagree	agree	disagree strongly	agree strongly	disagree	agree strongly	agree strongly	disagree	agree	agree strongly	disagree	disagree strongly	agree strongly	disagree strongly	agree strongly	disagree strongly	disagree	disagree	agree	agree strongly	agree	disagree	agree	agree	disagree strongly	agree strongly	agree	agree	disagree	disagree	agree			85	1	8	5	Selected	Catholic	1	0	medium
135	girl	agree	agree strongly	agree	disagree strongly	disagree strongly	agree	agree strongly	disagree	disagree strongly	agree	7	agree	een beetje waar	agree	agree	agree	agree strongly	agree	agree strongly	disagree	agree strongly	disagree	agree	agree strongly	agree strongly	agree	agree strongly	agree strongly	disagree strongly	agree	disagree strongly	disagree strongly	agree	agree strongly	disagree	agree strongly	agree strongly	agree strongly	agree	agree	disagree strongly	disagree strongly	agree strongly	disagree strongly	agree	agree strongly	disagree strongly	agree strongly			66	1	18	5	Selected	Catholic	1	0	medium
128	girl	disagree strongly	agree strongly	agree	disagree strongly	agree		agree strongly	disagree strongly	disagree strongly	disagree strongly	9	agree	niet echt waar	disagree	disagree	disagree strongly	agree strongly	disagree	disagree	disagree strongly	disagree	disagree	disagree	agree strongly	disagree	agree	agree	disagree	agree	disagree	agree	disagree	disagree strongly	disagree	disagree	agree	disagree	agree	disagree	disagree	disagree	agree	agree strongly	disagree	disagree	disagree	disagree	agree strongly			67	1	2	6	Selected	Catholic	1	0	medium
126	girl	agree	disagree	agree strongly	disagree strongly	disagree strongly	agree strongly	agree	disagree	agree	disagree strongly	3	agree strongly	helemaal waar	agree	agree	disagree strongly	agree	agree strongly	agree strongly	disagree strongly	agree	disagree	agree strongly	agree strongly	agree strongly	disagree strongly	agree strongly	agree	disagree strongly	agree strongly	disagree	disagree strongly	agree strongly	agree strongly	disagree strongly	agree	agree	agree strongly	agree strongly	agree	agree	disagree strongly	agree strongly	disagree	disagree	agree	disagree strongly	agree			87.5	1	6	6	Selected	Catholic	1	0	medium
127	girl	agree	agree strongly	disagree strongly	disagree strongly	agree	agree strongly	agree strongly	disagree strongly	disagree strongly	disagree strongly	9	agree strongly	helemaal niet waar	agree	disagree	disagree strongly	agree	agree	disagree	disagree strongly	agree strongly	disagree	agree strongly	agree strongly	agree	disagree strongly	disagree	agree	disagree	agree	disagree	disagree strongly	disagree strongly	agree	disagree strongly	disagree	agree	agree	agree	disagree	disagree	disagree strongly	agree strongly	agree	disagree	agree	disagree	disagree			79	1	8	6	Selected	State	0	1	medium
134	girl	disagree strongly	disagree strongly	agree strongly	disagree strongly	disagree	agree strongly	disagree	agree strongly	agree strongly	disagree	9	agree	een beetje waar	disagree strongly	disagree strongly	disagree strongly	disagree strongly	disagree strongly	disagree strongly	disagree strongly	disagree	disagree	disagree	disagree	disagree strongly	agree strongly	agree strongly	disagree strongly	disagree strongly	disagree	agree	disagree strongly	disagree strongly	disagree strongly	agree strongly	disagree	disagree strongly	disagree strongly	disagree strongly	disagree strongly	agree strongly	agree	agree strongly	agree strongly	agree	disagree strongly	disagree	agree strongly			71	1	9	6	Selected	State	0	1	medium
128	girl	disagree	disagree	disagree strongly	disagree strongly	disagree strongly	agree strongly	disagree	agree	agree	disagree strongly	6	agree strongly	helemaal waar	agree strongly	agree	agree strongly	disagree strongly	agree	agree	disagree strongly	agree	disagree	agree strongly	agree strongly	agree strongly	disagree	agree strongly	agree strongly	agree strongly	agree	disagree	disagree strongly	disagree	agree strongly	disagree	agree strongly	disagree	agree	agree	agree strongly	disagree strongly	disagree	agree strongly	disagree	disagree strongly	agree	disagree	disagree strongly			91	0	12	6	Selected	State	0	1	high
123	girl	disagree	agree strongly	agree	disagree strongly	agree strongly	agree	agree strongly	disagree	disagree strongly	disagree strongly	8	agree strongly	niet echt waar	agree strongly	disagree	disagree strongly	agree	agree	agree strongly	disagree	agree strongly	disagree	agree strongly	agree strongly	agree strongly	disagree	agree strongly	agree	disagree	disagree	agree	disagree	agree	agree strongly	disagree	agree	agree	agree strongly	agree	disagree	agree	disagree	agree strongly	disagree	disagree strongly	agree	agree	agree			82.5	0	16	6	Selected	COE	0	0	high
124	girl	agree	disagree	agree strongly	agree strongly	disagree strongly	disagree	agree	agree strongly	agree strongly	disagree	7	agree strongly	helemaal niet waar	agree strongly	disagree	agree strongly	disagree	agree	agree	disagree	agree	disagree	agree strongly	agree strongly	agree	agree strongly	agree strongly	agree	agree strongly	agree	agree	disagree strongly	disagree	agree	agree	disagree	agree strongly	agree	agree	agree	disagree strongly	disagree	agree strongly	disagree	disagree strongly	disagree	agree	disagree			67.2	1	16	6	Selected	COE	0	0	high
128	girl	disagree strongly	agree strongly	disagree	disagree strongly	agree	agree strongly	agree	disagree strongly	disagree strongly	disagree strongly	10	agree strongly	helemaal niet waar	agree	agree strongly	disagree strongly	agree	agree	agree	disagree	agree strongly	disagree	agree strongly	agree strongly	agree	disagree	agree strongly	agree	disagree strongly	agree	disagree strongly	disagree strongly	disagree strongly	agree	agree	disagree	agree	disagree	agree	agree	disagree strongly	disagree strongly	agree strongly	disagree	disagree	agree	disagree	disagree			89	1	16	6	Selected	COE	0	0	high
125	girl	disagree strongly	disagree strongly	agree strongly	agree strongly	disagree strongly	disagree strongly	disagree strongly	agree strongly	agree strongly	agree strongly	6	agree strongly	helemaal niet waar	agree strongly	agree	disagree strongly	agree	agree	agree	disagree strongly	agree strongly	disagree	agree strongly	agree strongly	disagree	disagree	agree strongly	agree	disagree strongly	agree strongly	disagree	disagree strongly	disagree strongly	agree	disagree strongly	disagree	disagree	agree	agree	agree	disagree	disagree	agree strongly	disagree	disagree strongly	agree	disagree	disagree			86	0	18	6	Selected	COE	0	0	high
126	girl	agree	agree	agree	disagree	disagree	agree strongly	agree	disagree	disagree	disagree strongly	7	agree strongly	helemaal niet waar	agree	agree	disagree strongly	agree	agree	agree	disagree strongly	disagree	disagree	agree strongly	agree strongly	agree	disagree	agree	agree	disagree strongly	agree	disagree	disagree strongly	disagree	agree	disagree	agree strongly	agree	agree	agree	agree	disagree	disagree strongly	agree strongly	disagree	disagree	agree	disagree	agree			88.5	1	10	6	Selected	State	0	1	high
121	girl	disagree strongly	agree strongly	disagree	agree strongly	agree	agree strongly	agree	disagree strongly	disagree	disagree strongly	10	agree strongly	helemaal niet waar	agree	agree	disagree strongly	agree	agree	agree	disagree strongly	agree	disagree	disagree strongly	agree strongly	agree	disagree strongly	agree strongly	agree	disagree strongly	agree	disagree strongly	disagree strongly	agree strongly	agree	disagree strongly	agree	agree	agree	agree	agree	disagree	disagree	agree	disagree strongly	disagree	agree	agree	agree			88	1	10	6	Selected	State	0	1	high
127	girl	agree strongly	disagree	agree strongly	disagree strongly	disagree	disagree	disagree strongly	agree	agree	disagree strongly	7	agree strongly	helemaal niet waar	disagree	agree strongly	disagree strongly	agree	agree	agree	disagree strongly	agree strongly	disagree	agree strongly	agree strongly	agree	disagree	disagree	agree	disagree strongly	agree	disagree strongly	disagree strongly	agree	agree	agree	agree	agree strongly	disagree	agree	agree	disagree	disagree	agree strongly	disagree	disagree	agree	disagree	agree			78.5	1	10	6	Selected	State	0	1	high
121	girl	agree	agree	disagree	disagree strongly	disagree strongly	agree strongly	disagree strongly	disagree	agree	disagree strongly	6	agree strongly	helemaal niet waar	agree strongly	agree	disagree	agree strongly	disagree strongly	disagree	disagree strongly	agree strongly	disagree	agree	disagree	disagree	agree	agree strongly	disagree	agree	agree	disagree strongly	disagree strongly	agree strongly	agree strongly	disagree	disagree	agree	agree	disagree	agree strongly	disagree strongly	disagree strongly	agree	agree strongly	disagree strongly	agree	agree strongly	disagree			79	1	10	6	Selected	State	0	1	high
119	girl	agree	disagree strongly	agree	agree strongly	disagree strongly	agree	disagree strongly	disagree strongly	agree strongly	disagree	0	agree	een beetje waar	disagree	agree	disagree strongly	disagree	disagree	disagree	agree	agree	disagree	agree	agree	disagree	agree strongly	agree	disagree	agree	agree strongly	agree	disagree	disagree	disagree	agree	disagree	disagree	disagree	disagree	disagree	agree	disagree	agree	disagree	disagree	disagree	agree	disagree			90	1	10	6	Selected	State	0	1	high
130	girl	agree strongly	disagree strongly	agree strongly	agree strongly	disagree strongly	agree strongly	disagree strongly	agree strongly	agree strongly	disagree strongly	0	disagree	een beetje waar	agree strongly	disagree	agree strongly	agree strongly	disagree strongly	disagree	agree strongly	agree	disagree	disagree	agree strongly	disagree	agree	agree	disagree	disagree strongly	disagree	agree	disagree strongly	disagree	disagree strongly	agree strongly	agree	disagree	disagree	disagree	disagree	disagree	agree	agree strongly	agree	agree	disagree	agree strongly	agree			80	1	10	6	Selected	State	0	1	high
122	girl	disagree	agree strongly	agree	disagree strongly	disagree	agree	agree	disagree strongly	disagree strongly	disagree strongly	10	agree strongly	helemaal niet waar	agree	agree	disagree strongly	agree strongly	disagree	agree	disagree strongly	agree	disagree	agree	agree strongly	agree	agree	agree	disagree	disagree	agree	disagree strongly	disagree strongly	disagree strongly	disagree	agree	disagree	disagree	agree	disagree	disagree	disagree strongly	disagree	agree strongly	disagree	disagree strongly	agree	disagree strongly	agree			89.5	1	9	7	Selected	State	0	1	high
128	girl	disagree	agree strongly	disagree	disagree strongly	agree	agree strongly	agree strongly	disagree	disagree strongly	disagree	8	disagree	helemaal waar	disagree	disagree	disagree	disagree strongly	disagree	disagree strongly	agree strongly	disagree strongly	disagree	agree	agree	agree	agree	agree strongly	disagree strongly	disagree	disagree	agree	disagree strongly	agree strongly	disagree	agree	disagree	disagree strongly	disagree	disagree strongly	disagree strongly	disagree	agree strongly	agree strongly	agree	agree	disagree strongly	agree strongly	disagree			77	1	14	7	Selected	State	0	1	high
125	girl	agree	agree strongly	agree	agree	agree strongly	agree strongly	agree strongly	disagree	disagree strongly	disagree strongly	10	agree strongly	helemaal niet waar	agree	agree	disagree strongly	agree	agree strongly	agree	disagree strongly	agree strongly	disagree	agree strongly	agree strongly	agree strongly	agree	agree strongly	agree strongly	disagree	agree strongly	disagree	disagree strongly	disagree strongly	agree strongly	agree	agree	agree	agree	agree strongly	agree	disagree strongly	disagree	agree strongly	disagree strongly	disagree strongly	agree	disagree strongly	agree			74	1	15	7	Selected	State	0	1	high
128	girl	disagree strongly	agree strongly	disagree	disagree strongly	agree	agree strongly	agree strongly	disagree strongly	disagree strongly	disagree strongly	8	agree	niet echt waar	disagree strongly	agree strongly	disagree	disagree	agree strongly	agree	agree	disagree	disagree	agree	agree strongly	agree strongly	agree	agree strongly	agree strongly	disagree	disagree	disagree	disagree strongly	agree	agree strongly	disagree	agree	disagree	agree	agree	agree strongly	disagree	disagree	agree strongly	disagree	agree	agree strongly	agree	agree			87	1	8	8	Selected	Catholic	1	0	high
123	girl	agree	agree strongly	disagree	disagree	agree	agree strongly	agree strongly	agree	disagree strongly	disagree	8	agree strongly	helemaal niet waar	agree strongly	agree strongly	disagree strongly	disagree	disagree	agree	disagree strongly	agree strongly	disagree	agree strongly	agree strongly	agree	disagree	agree strongly	disagree	agree	agree	disagree	disagree strongly	disagree strongly	agree	agree strongly	agree strongly	agree	agree	agree	agree	disagree	agree	agree strongly	disagree	disagree strongly	agree	agree	agree			86.6	0	12	8	Selected	Catholic	1	0	high
122	girl	disagree strongly	disagree	agree	agree strongly	disagree	agree strongly	disagree	disagree strongly	disagree strongly	agree	9	agree strongly	een beetje waar	disagree	agree strongly	disagree strongly	agree	disagree strongly	disagree	agree	agree strongly	disagree	agree strongly	agree strongly	disagree strongly	agree	agree strongly	disagree	agree	agree	disagree	disagree strongly	disagree	disagree	agree	disagree	agree	agree	disagree	agree	disagree	disagree	agree strongly	disagree	agree strongly	agree strongly	disagree strongly	disagree			72.4	1	13	8	Selected	Catholic	1	0	high
124	girl	disagree strongly	agree strongly	agree	disagree	disagree strongly	agree strongly	agree	disagree strongly	disagree strongly	disagree strongly	9	agree strongly	helemaal niet waar	agree	agree strongly	disagree strongly	agree	agree	agree	disagree strongly	agree strongly	disagree	agree	agree strongly	agree	disagree strongly	agree strongly	agree	disagree strongly	agree strongly	disagree strongly	disagree strongly	disagree strongly	agree	disagree strongly	agree	agree strongly	agree strongly	agree strongly	agree strongly	disagree strongly	agree strongly	agree strongly	disagree	disagree	agree strongly	agree strongly	agree			86.4	1	14	8	Selected	Catholic	1	0	high
126	girl	agree	disagree	agree	agree	disagree	agree strongly	disagree	agree	disagree	disagree strongly	10	agree strongly	niet echt waar	agree strongly	agree	disagree strongly	disagree	disagree strongly	disagree	disagree strongly	agree	disagree	disagree	agree strongly	disagree	agree strongly	agree strongly	disagree	disagree	disagree	disagree	disagree strongly	disagree	disagree	agree	agree	disagree	disagree	disagree strongly	disagree	disagree	agree	agree	agree	agree	disagree	disagree strongly	disagree			78.2	1	14	8	Selected	Catholic	1	0	high
128	girl	agree	disagree strongly	agree strongly	agree	disagree strongly	agree	disagree strongly	disagree	agree	disagree strongly	7	disagree	niet echt waar	disagree strongly	disagree	disagree strongly	disagree strongly	disagree	agree	agree strongly	disagree	disagree	agree strongly	agree strongly	disagree	agree	agree strongly	disagree	agree	disagree strongly	disagree	disagree strongly	agree	disagree	agree strongly	disagree	disagree	disagree	agree	disagree strongly	disagree	agree	agree strongly	disagree strongly	disagree	disagree	agree strongly	disagree strongly			94.1	1	16	8	Selected	State	0	1	high
122	girl	disagree	agree strongly	agree	disagree	disagree strongly	agree strongly	disagree	disagree strongly	disagree	disagree strongly	8	agree strongly	helemaal niet waar	agree	agree	disagree strongly	agree	disagree	agree	disagree strongly	agree strongly	disagree	agree	agree strongly	disagree	agree	agree strongly	agree	disagree strongly	agree strongly	disagree	disagree strongly	disagree strongly	agree	agree	agree	agree	agree	agree	agree	disagree strongly	disagree	agree strongly	disagree	disagree strongly	agree	disagree	agree			75	1	16	8	Selected	State	0	1	high
131	girl	agree strongly	disagree strongly	agree strongly	agree	disagree strongly	agree strongly	disagree strongly	agree strongly	agree	disagree	3	agree strongly	niet echt waar	agree	agree	disagree	agree	agree	agree	disagree	disagree	disagree	agree strongly	agree	agree	disagree	agree	disagree	disagree strongly	agree	disagree strongly	disagree strongly	disagree	agree	agree	agree	disagree	disagree	agree	agree	disagree strongly	disagree	agree	disagree	disagree strongly	agree	disagree	agree			70.5	0	17	8	Selected	State	0	1	high
128	girl	disagree	agree	disagree	disagree strongly	disagree	agree strongly	agree	disagree	disagree	disagree strongly	8	agree	een beetje waar	agree	disagree	disagree strongly	disagree	disagree strongly	disagree	disagree	disagree	disagree	agree	agree	disagree	disagree	agree	disagree strongly	disagree	agree	disagree	disagree strongly	disagree	agree strongly	disagree	disagree	disagree	disagree	disagree	disagree strongly	disagree	disagree strongly	agree strongly	disagree	disagree	disagree strongly	disagree	disagree			81	1	0	9	Selected	State	0	1	high
131	girl	agree	agree	agree strongly	disagree strongly	disagree strongly	agree strongly	disagree	disagree	disagree	disagree strongly	8	agree strongly	helemaal niet waar	disagree	disagree	disagree strongly	agree strongly	disagree	disagree	disagree strongly	agree strongly	disagree	disagree	agree	disagree	disagree	agree	disagree	disagree strongly	agree	agree strongly	disagree strongly	disagree	disagree	agree	agree	disagree	agree	disagree strongly	disagree	agree	agree	agree	agree	disagree	disagree	agree	disagree			77.5	1	16	9	Selected	State	0	1	high
123	girl	agree	agree	disagree	agree	agree	agree strongly	agree	disagree	agree	disagree strongly	10	agree	een beetje waar	disagree	disagree	disagree strongly	agree	disagree	disagree	agree	agree	disagree	agree strongly	agree	disagree strongly	disagree	agree	disagree strongly	disagree	disagree	disagree	disagree strongly	agree	disagree strongly	agree	disagree strongly	agree	disagree	disagree strongly	disagree strongly	disagree	agree	agree strongly	disagree	agree	disagree strongly	agree	disagree strongly			64.5	1	16	9	Selected	State	0	1	high
126	girl	disagree	agree	agree strongly	disagree	disagree	agree strongly	agree	agree	disagree	disagree strongly	8	agree	een beetje waar	agree	agree		agree	agree strongly	agree	disagree	disagree	disagree	agree	agree strongly	agree strongly	agree strongly	agree	agree	agree	disagree	disagree	disagree strongly	agree	agree strongly	agree strongly	agree strongly	disagree	agree	agree	agree	disagree	agree	agree	disagree strongly	disagree	agree	agree	disagree			88.75	1	16	10	Selected	State	0	1	high
128	girl	agree	agree	agree	disagree	disagree strongly	agree strongly	disagree	agree	disagree	disagree strongly	6	agree strongly	helemaal niet waar	agree	agree	disagree strongly	agree strongly	disagree	disagree	disagree strongly	agree strongly	disagree	agree	agree strongly	agree	agree	agree	disagree	disagree strongly	agree strongly	agree	disagree strongly	disagree strongly	agree	agree	agree strongly	agree strongly	agree	disagree	disagree	disagree	disagree	agree strongly	agree	disagree	disagree	disagree strongly	agree strongly			79	1	16	10	Selected	State	0	1	high
127	girl	agree	disagree	agree strongly	disagree	disagree	agree strongly	disagree	disagree	disagree	disagree strongly	6	agree	helemaal niet waar	agree	agree	disagree strongly	agree	agree	agree	disagree strongly	agree	disagree	agree strongly	agree strongly	agree strongly	disagree	agree	agree	disagree	agree	disagree	disagree strongly	disagree strongly	agree	disagree	agree strongly	agree	agree	agree	agree	disagree strongly	disagree strongly	agree strongly	disagree strongly	disagree strongly	agree	agree	agree strongly			88.5	1	16	10	Selected	State	0	1	high
119	boy	disagree	agree	agree strongly	agree	disagree strongly	agree	disagree	agree	disagree	disagree strongly	5	agree	een beetje waar	disagree strongly	disagree	disagree strongly	disagree strongly	disagree	disagree	disagree	disagree strongly	disagree strongly	agree	disagree	disagree strongly	agree strongly	agree	disagree	disagree	disagree strongly	disagree	agree	agree strongly	disagree	agree	disagree strongly	disagree strongly	disagree strongly	disagree strongly	disagree	disagree strongly	agree	disagree	disagree	disagree	disagree	agree strongly	disagree	63.06	50	60.03	1	6	6	Not Selected	State	0	1	high
142	boy	agree strongly	agree strongly	agree strongly	agree strongly	agree strongly	disagree strongly	agree strongly	agree strongly	agree strongly	agree strongly	10	disagree strongly	helemaal waar	disagree	disagree	agree	agree	disagree	disagree	agree	disagree	disagree strongly	disagree	agree	disagree	agree strongly	agree	disagree	disagree strongly	agree	agree	agree strongly	agree strongly	disagree	agree strongly	agree	agree	disagree	disagree strongly	disagree	agree	agree	agree strongly	agree strongly	agree	disagree	disagree	disagree	71.8	50	65.9	0	9	7	Not Selected	State	0	1	high
125	boy	disagree strongly	agree strongly	disagree	disagree strongly	disagree strongly	agree strongly	agree	disagree strongly	disagree	disagree strongly	9	agree strongly	helemaal niet waar	agree strongly	agree strongly	disagree strongly	agree strongly	agree strongly	agree strongly	disagree strongly	agree strongly	disagree strongly	agree strongly	agree strongly	agree strongly	disagree strongly	agree strongly	agree strongly	disagree strongly	agree strongly	agree	disagree strongly	disagree strongly	agree	disagree strongly	agree	agree strongly	agree strongly	agree strongly	agree	disagree strongly	disagree strongly	agree strongly	disagree strongly	disagree strongly	agree	disagree strongly	agree strongly	67.33	50	62.3	1	9	8	Not Selected	Catholic	1	0	high
122	boy	agree	disagree strongly	agree	agree strongly	disagree strongly	agree	disagree strongly	agree strongly	agree strongly	agree strongly	0	disagree strongly	een beetje waar	agree strongly	agree	disagree strongly	agree strongly	disagree	agree	agree	disagree	disagree strongly	agree strongly	agree strongly	disagree	agree strongly	agree	agree	disagree	disagree	agree	disagree strongly	agree strongly	disagree	agree strongly	disagree strongly	disagree	disagree	agree	agree	disagree strongly	disagree	agree strongly	agree	disagree strongly	agree	agree strongly	disagree strongly	74.8	54	62.8	1	10	5	Not Selected	State	0	1	high
123	boy	disagree strongly	agree strongly	disagree strongly	disagree strongly	agree strongly	disagree strongly	disagree strongly	agree strongly	agree strongly	disagree strongly	8	agree strongly	helemaal niet waar		disagree	agree	agree strongly	agree	agree	disagree strongly	agree strongly	disagree strongly	agree strongly	agree strongly	agree strongly	agree strongly	agree strongly	agree	disagree strongly	agree strongly	agree	disagree strongly	agree strongly	agree strongly	agree strongly	agree strongly	disagree strongly	disagree	agree	disagree	disagree strongly	disagree strongly	agree strongly	agree	disagree strongly	disagree	agree strongly	agree strongly	72.5	59.2	68.5	1	8	7	Not Selected	State	0	1	high
134	boy	disagree strongly	agree strongly	disagree	disagree strongly	agree	disagree strongly	disagree	disagree strongly	disagree strongly	disagree strongly	9	agree strongly	helemaal waar	disagree	agree	disagree strongly	agree	disagree	agree	disagree strongly	agree strongly	disagree strongly	agree strongly	agree strongly	agree	disagree	disagree	disagree	disagree strongly	agree	disagree	disagree strongly	agree strongly	agree	agree	agree	agree	agree	agree	agree	agree	disagree strongly	agree strongly	agree	agree	agree	disagree	agree	77.5	62	76	1	10	6	Not Selected	State	0	1	high
132	boy	disagree	agree strongly	disagree strongly	disagree strongly	disagree strongly	agree strongly	agree strongly	disagree strongly	disagree strongly	disagree strongly	8	agree strongly	helemaal niet waar	agree	disagree strongly	disagree strongly	agree strongly	agree strongly	agree		agree strongly	disagree strongly	agree strongly	agree strongly	agree	agree strongly	agree	disagree strongly	disagree	agree strongly	disagree strongly	disagree strongly	disagree strongly	agree strongly	agree	disagree strongly	agree	agree	agree	disagree strongly	disagree strongly	disagree	agree strongly	disagree strongly	disagree	disagree strongly	disagree strongly	agree	61.3	63.6	63.5	0	8	10	Not Selected	COE	0	0	high
129	girl	disagree strongly	disagree	disagree strongly	agree	disagree strongly	agree strongly	disagree	disagree	disagree strongly	disagree strongly	8	agree	niet echt waar	disagree	agree	disagree strongly	disagree	disagree	disagree	agree	agree	disagree strongly	disagree	agree strongly	agree	agree strongly	agree	disagree	disagree strongly	disagree	disagree	disagree strongly	disagree strongly	agree	agree strongly	agree	disagree	disagree	disagree	disagree	agree	agree	agree strongly	disagree strongly	agree	agree	disagree	disagree	71	64	70	0	5	5	Selected	Catholic	1	0	high
135	girl	disagree	agree strongly	disagree strongly	disagree strongly	agree strongly	agree strongly	agree strongly	disagree strongly	disagree strongly	agree	7	disagree strongly	helemaal niet waar	disagree strongly	agree	disagree strongly	agree strongly	disagree strongly	agree	disagree strongly	disagree strongly	disagree strongly	disagree strongly	agree strongly	disagree strongly	agree strongly	agree strongly	disagree	disagree strongly	disagree strongly	disagree strongly	disagree	disagree strongly	disagree strongly	agree strongly	agree strongly	disagree strongly	disagree strongly	disagree strongly	agree strongly	disagree	agree	disagree	disagree strongly	disagree strongly	agree	disagree strongly	agree strongly	83	65	73	1	16	5	Selected	Catholic	1	0	high
122	boy	disagree	disagree	agree	agree strongly	agree strongly	agree strongly	disagree	agree	disagree	disagree strongly	7	agree strongly	een beetje waar	disagree	disagree	disagree strongly	agree	agree	disagree	disagree strongly	agree strongly	disagree strongly	agree strongly	agree strongly	agree	disagree	agree	disagree	disagree strongly	agree	agree	disagree strongly	disagree strongly	disagree	disagree	agree	agree strongly	disagree	disagree	disagree	disagree	agree	agree strongly	agree	disagree	disagree	disagree strongly	agree strongly	62	66	67	1	18	5	Not Selected	State	0	1	high
124	girl	disagree	agree strongly	disagree	disagree strongly	disagree	agree strongly	agree	disagree strongly	disagree strongly	disagree strongly	9	agree strongly	niet echt waar	agree	agree	disagree strongly	disagree	disagree strongly	disagree	disagree strongly	disagree	disagree strongly	agree strongly	agree strongly	disagree strongly	agree	agree strongly	disagree	disagree	disagree	disagree	disagree strongly	disagree	disagree	agree	disagree	agree	disagree	disagree	disagree	agree	agree	agree strongly	agree	disagree	disagree	agree	disagree	80	66	73.3	1	9	6	Selected	State	0	1	high
125	boy	disagree	agree strongly	agree	disagree	agree	agree strongly	agree	disagree	agree	disagree strongly	4	agree strongly	helemaal waar	agree strongly	disagree	disagree strongly	agree	disagree	agree	disagree strongly	agree strongly	disagree strongly	agree strongly	agree strongly	agree	disagree strongly	agree strongly	disagree	disagree strongly	disagree	agree	disagree strongly	disagree strongly	agree	disagree strongly	agree	agree	agree strongly	disagree	disagree	disagree	agree	agree strongly	disagree	disagree strongly	disagree	agree	disagree	74	66.5	74	0	10	6	Not Selected	State	0	1	high
127	girl	disagree strongly	agree	agree	agree strongly	disagree	agree strongly	agree strongly	agree	disagree strongly	disagree strongly	9	agree	helemaal niet waar	disagree	agree	disagree strongly	agree strongly	agree	agree strongly	disagree strongly	disagree	disagree strongly	agree strongly	agree strongly	agree strongly	agree	agree strongly	agree	disagree	agree	disagree strongly	disagree strongly	disagree strongly	agree strongly	disagree strongly	agree strongly	disagree	agree	agree	agree strongly	disagree strongly	disagree strongly	agree strongly	disagree strongly	disagree strongly	agree strongly	disagree	agree strongly	68.2	66.5	66.5	1	8	4	Selected	State	0	1	high
119	boy	disagree strongly	disagree	agree	disagree strongly	disagree	agree strongly	agree	disagree strongly	disagree strongly	disagree strongly	8	agree strongly	helemaal niet waar	agree	disagree	disagree strongly	disagree	agree	agree	disagree	agree	disagree strongly	agree strongly	agree strongly	agree	disagree strongly	agree strongly	disagree	agree	agree strongly	disagree	disagree strongly	disagree strongly	agree	disagree strongly	agree	agree	agree	agree	disagree	agree	agree	agree strongly	disagree strongly	disagree strongly	agree	disagree	disagree strongly	71	68	74	1	14	4	Not Selected	State	0	1	high
120	boy	agree strongly	agree strongly	agree strongly	disagree strongly	agree strongly	agree strongly	agree	agree	disagree strongly	disagree strongly	5	agree strongly	helemaal niet waar	disagree strongly	agree	disagree strongly	disagree strongly	agree strongly	disagree strongly	disagree strongly	disagree strongly	disagree strongly	agree	agree strongly	agree	agree strongly	disagree strongly	disagree strongly	agree strongly	disagree strongly	agree strongly	disagree strongly	disagree strongly	agree	agree strongly	disagree strongly	disagree strongly	disagree strongly	disagree strongly	disagree	disagree strongly	agree strongly	agree strongly	disagree strongly	agree	agree	agree strongly	disagree strongly	69.4	68.4	72.4	1	10	6	Not Selected	State	0	1	high
123	boy	agree	agree strongly	agree	disagree	agree strongly	disagree	agree strongly	disagree strongly	disagree strongly	disagree strongly	10	agree	helemaal niet waar	agree strongly	agree	disagree strongly	agree	agree	agree	disagree	agree strongly	disagree strongly	agree strongly	agree strongly	agree strongly	disagree	agree strongly	agree	agree strongly	disagree	disagree	disagree strongly	disagree strongly	agree	disagree strongly	disagree	agree strongly	agree	agree	agree	disagree strongly	disagree	agree strongly	disagree	disagree strongly	agree	disagree strongly	disagree strongly	82	68.5	79.5	1	10	6	Not Selected	State	0	1	high
136	girl	disagree strongly	agree strongly	disagree strongly	disagree strongly	agree strongly	agree strongly	agree strongly	disagree	disagree strongly	disagree strongly	10	agree strongly	helemaal waar	agree	agree	disagree strongly	agree	agree	agree	disagree strongly	agree strongly	disagree strongly	agree	agree strongly	agree	agree	agree strongly	agree	disagree	agree strongly	disagree strongly	disagree strongly	disagree	agree	disagree	agree	agree	agree strongly	agree strongly	agree strongly	disagree	disagree	agree strongly	disagree strongly	disagree	agree	disagree	agree	76.2	68.7	71.4	1	10	6	Selected	State	0	1	high
131	girl	disagree strongly	agree strongly	disagree strongly	disagree strongly	agree strongly	agree strongly	agree strongly	disagree strongly	disagree strongly	disagree strongly	10	agree strongly	helemaal niet waar	agree strongly	agree strongly	disagree strongly	agree	disagree	agree	disagree strongly	agree strongly	disagree strongly	agree strongly	agree strongly	disagree	disagree strongly	agree strongly	disagree	disagree strongly	agree	disagree strongly	agree strongly	disagree strongly	disagree	disagree strongly	agree strongly	agree strongly	agree	agree	agree strongly	disagree strongly	agree strongly	agree strongly	agree	disagree strongly	agree strongly	disagree strongly	agree strongly	76.3	69.3	74.4	1	10	6	Selected	State	0	1	high
125	girl	disagree strongly	agree strongly	disagree strongly	disagree strongly	agree	agree strongly	agree strongly	disagree strongly	disagree strongly	disagree strongly	10	agree strongly	helemaal niet waar	agree	agree strongly	agree strongly	agree strongly	disagree	agree	disagree strongly	agree strongly	disagree strongly	agree strongly	agree strongly	disagree	disagree strongly	agree strongly	agree	disagree strongly	agree	disagree strongly	disagree strongly	disagree strongly	disagree	disagree strongly	agree strongly	agree strongly	agree strongly	agree	agree strongly	disagree	disagree strongly	agree strongly	agree	disagree	agree strongly	disagree strongly	agree strongly	89	69.8	80.7	1	14	7	Selected	State	0	1	high
122	girl	agree	disagree strongly	disagree strongly	disagree strongly	disagree	agree strongly	disagree strongly	disagree strongly	agree	disagree strongly	8	agree strongly	helemaal niet waar	agree	disagree	disagree strongly	disagree strongly	disagree	disagree	disagree strongly	agree strongly	disagree strongly	agree strongly	agree strongly	disagree	disagree strongly	agree	disagree strongly	agree	disagree	agree strongly	disagree strongly	disagree strongly	disagree	disagree strongly	disagree	agree	agree	disagree	disagree	disagree strongly	disagree	agree strongly	disagree	disagree strongly	disagree	disagree strongly	disagree	71	70.5	72.6	1	10	6	Selected	State	0	1	high
128	girl	disagree	agree	disagree	agree	disagree	agree	agree	disagree strongly	disagree	disagree strongly	8	agree strongly	helemaal waar	agree	agree	disagree strongly	agree	disagree	agree	disagree strongly	agree	disagree strongly	disagree	agree strongly	agree	disagree strongly	agree strongly	disagree	disagree strongly	agree strongly	disagree strongly	disagree strongly	disagree strongly	disagree	disagree	disagree	agree	agree	disagree	agree	agree	disagree	agree	agree	disagree strongly	agree	agree	disagree	87.14	71.52	79.38	1	16	8	Selected	State	0	1	high
119	girl	disagree strongly	agree strongly	disagree strongly	disagree strongly	disagree strongly	agree strongly	disagree strongly	disagree strongly	disagree strongly	disagree strongly	9	agree strongly	helemaal niet waar	agree strongly	disagree strongly	disagree strongly	disagree strongly	agree	agree	disagree strongly	disagree strongly	disagree strongly	agree strongly	disagree strongly	agree	agree strongly	agree strongly	agree	agree strongly	disagree strongly	disagree strongly	disagree strongly	disagree strongly	agree	agree strongly	disagree strongly	disagree strongly	disagree strongly	agree	agree	agree	agree strongly	agree strongly	agree	disagree strongly	agree	agree strongly	disagree strongly	83.33	71.7	77.7	1	10	6	Selected	State	0	1	high
127	boy	agree strongly	disagree	disagree strongly	agree strongly	disagree strongly	agree	disagree strongly	agree strongly	agree strongly	agree strongly	0	disagree strongly	een beetje waar	agree	disagree	disagree	disagree strongly	agree strongly	agree	agree strongly	agree	disagree strongly	agree	agree	agree strongly	agree strongly	agree strongly	agree	agree strongly	agree	disagree	disagree strongly	agree	agree strongly	agree strongly	agree	agree	agree strongly	agree strongly	agree	disagree strongly	disagree	agree strongly	disagree strongly	disagree	agree	agree strongly	disagree strongly	86.7	72	82.8	1	11	5	Not Selected	State	0	1	high
119	boy	disagree	agree	disagree strongly	agree strongly	disagree strongly	disagree strongly	disagree	disagree	agree	agree strongly	0	agree strongly	helemaal niet waar	agree strongly	agree	agree	agree strongly	agree	disagree	disagree strongly	agree strongly	disagree strongly	agree strongly	agree	agree	disagree strongly	agree strongly	disagree	agree strongly	disagree	disagree strongly	disagree strongly	disagree strongly	agree	disagree strongly	agree strongly	agree	agree	disagree	agree	disagree strongly	disagree strongly	disagree	disagree strongly	disagree strongly	agree	disagree	agree strongly	68	72	72	1	10	7	Not Selected	State	0	1	high
129	girl	disagree strongly	agree strongly	disagree strongly	disagree strongly	agree	agree strongly	agree strongly	disagree strongly	disagree strongly	disagree strongly	9	agree strongly	helemaal niet waar	disagree	agree	disagree strongly	agree strongly	agree	agree	agree	agree strongly	disagree strongly	disagree	agree strongly	agree	agree	agree	agree	disagree strongly	disagree	disagree strongly	disagree strongly	disagree strongly	agree	agree	agree strongly	agree	agree	agree	agree	agree strongly	agree	agree strongly	disagree strongly	disagree strongly	agree	agree strongly	agree	73	72	75.7	1	7	4	Selected	State	0	1	high
123	girl	disagree strongly	agree strongly	disagree strongly	disagree strongly	agree strongly	agree strongly	agree strongly	disagree strongly	disagree strongly	disagree strongly	10	agree strongly	helemaal niet waar	agree	agree strongly	disagree strongly	agree strongly	agree	agree	disagree strongly	agree strongly	disagree strongly	agree strongly	agree strongly	agree strongly	disagree strongly	agree strongly	agree strongly	disagree strongly	agree strongly	disagree	disagree strongly	disagree strongly	agree strongly	disagree	agree strongly	agree strongly	agree strongly	agree	agree strongly	disagree strongly	agree	agree strongly	disagree	disagree strongly	agree strongly	disagree strongly	agree strongly	75.1	72	68.5	1	15	5	Selected	Catholic	1	0	high
130	girl	disagree	disagree	disagree	disagree strongly	disagree strongly	agree strongly	disagree	disagree	agree strongly	disagree strongly	9	agree strongly	niet echt waar	agree	agree	agree strongly	agree	agree	disagree	disagree strongly	agree	disagree strongly	agree strongly	agree strongly	disagree	disagree strongly	agree strongly	disagree	disagree	disagree	agree	disagree strongly	disagree strongly	agree	agree		disagree	agree	agree	disagree	agree	disagree	agree strongly	disagree	agree	disagree	agree strongly	disagree	77.1	72.3	74	1	12	5	Selected	Catholic	1	0	high
129	girl	disagree strongly	agree strongly	disagree strongly	disagree strongly	agree	agree strongly	agree	disagree strongly	disagree strongly	disagree strongly	8	agree strongly	helemaal niet waar	agree strongly	agree	disagree strongly	agree strongly	disagree	disagree	disagree strongly	agree strongly	disagree strongly	agree strongly	agree strongly	agree	disagree strongly	agree strongly	disagree	disagree strongly	agree	disagree strongly	disagree strongly	disagree strongly	agree	disagree strongly	agree strongly	agree strongly	agree	agree	disagree	disagree strongly	agree	agree	disagree	disagree strongly	agree	disagree strongly	agree strongly	76.7	72.3	75.4	1	10	6	Selected	State	0	1	high
128	boy	disagree	agree	disagree	disagree strongly	agree	agree	agree	disagree strongly	disagree strongly	disagree strongly	10	agree strongly	een beetje waar	agree	agree	disagree strongly	agree	agree	agree	disagree strongly	agree strongly	disagree strongly	agree	agree	agree	agree	agree	disagree	agree	agree	disagree	disagree strongly	disagree strongly	agree	agree	agree	agree	agree	agree	agree	disagree strongly	disagree strongly	agree strongly	agree	disagree strongly	agree	disagree strongly	agree	73.5	73.1	76.1	0	10	6	Not Selected	State	0	1	high
126	girl	disagree strongly	agree strongly	disagree strongly	disagree strongly	agree strongly	agree strongly	agree strongly	disagree strongly	disagree strongly	disagree strongly	10	agree strongly	helemaal niet waar	disagree	agree strongly	disagree strongly	agree strongly	disagree	agree	disagree strongly	agree strongly	disagree strongly	agree strongly	agree strongly	disagree	disagree strongly	agree strongly	agree	disagree strongly	agree strongly	disagree strongly	disagree strongly	disagree strongly	disagree	disagree strongly	agree strongly	agree strongly	disagree	agree	agree	agree	agree	agree strongly	agree	agree	agree strongly	agree	agree	83	73.1	81.5	1	14	7	Selected	State	0	1	high
118	girl	agree	agree strongly	agree strongly	agree	disagree	agree strongly	disagree	agree strongly	disagree	disagree strongly	8	agree strongly	helemaal niet waar	agree	agree	disagree strongly	disagree	disagree	disagree	disagree strongly	agree	disagree strongly	agree strongly	agree strongly	agree	agree strongly	agree strongly	disagree	disagree	agree	disagree strongly	disagree strongly	disagree strongly	agree	agree strongly	disagree	disagree	agree	disagree	disagree	disagree strongly	agree	agree	agree	disagree strongly	disagree	agree	disagree	82.4	73.2	78.4	1	13	5	Selected	Catholic	1	0	high
131	girl	agree	disagree	agree strongly	disagree strongly	disagree strongly	agree strongly	disagree strongly	agree strongly	agree strongly	disagree strongly	9	agree strongly	helemaal niet waar	agree strongly	agree	disagree	agree strongly	agree	agree strongly	disagree strongly	agree strongly	disagree strongly	agree strongly	agree strongly	agree	disagree strongly	agree strongly	disagree	disagree strongly	agree strongly	disagree strongly	disagree strongly	disagree strongly	agree strongly	agree strongly	agree strongly	agree strongly	agree strongly	agree	agree	disagree strongly	disagree strongly	agree strongly	disagree strongly	disagree strongly	disagree	disagree	agree strongly	78.25	73.37	75.81	1	14	9	Selected	State	0	1	high
116	boy	disagree	agree strongly	disagree strongly	agree strongly	disagree strongly	agree strongly	agree	disagree strongly	disagree	disagree strongly	6	agree strongly	helemaal niet waar	agree strongly	agree	disagree strongly	agree strongly	disagree strongly	agree	agree	agree strongly	disagree strongly	agree strongly	agree strongly	agree	agree	agree strongly	agree	disagree strongly	agree strongly	disagree	disagree strongly	disagree strongly	disagree	agree strongly	agree strongly	agree strongly	agree strongly	agree	agree	disagree strongly	disagree strongly	agree strongly	agree	disagree strongly	agree	agree strongly	agree strongly	86.3	73.5	80.9	1	10	6	Not Selected	State	0	1	high
121	boy	disagree strongly	agree strongly	disagree strongly	agree strongly	disagree strongly	agree strongly	disagree	disagree strongly	disagree strongly	disagree strongly	10	agree strongly	helemaal niet waar	agree strongly	agree	disagree strongly	agree	agree	agree	agree	agree strongly	disagree strongly	agree	agree strongly	agree	agree	agree strongly	disagree	disagree strongly	agree strongly	agree	disagree strongly	disagree strongly	agree	agree strongly	agree	disagree	agree	agree	agree	agree	agree	agree strongly	agree	disagree strongly	disagree	agree	agree strongly	70	73.62	73.62	1	7	4	Not Selected	State	0	1	high
129	girl	disagree	agree strongly	agree	disagree	disagree strongly	agree strongly	disagree strongly	agree	agree strongly	disagree strongly	8	agree	een beetje waar	agree	agree	disagree strongly	agree	disagree	disagree	disagree	disagree	disagree strongly	agree	agree strongly	disagree strongly	agree	agree	disagree strongly	disagree strongly	disagree strongly	disagree	disagree strongly	agree	disagree strongly	agree	agree	disagree strongly	disagree	disagree strongly	disagree	disagree	disagree	agree strongly	agree	agree	agree	agree	disagree	79.1	73.8	77.3	1	2	4	Selected	State	0	1	high
132	boy	disagree strongly	agree strongly	disagree strongly	disagree strongly	agree strongly	agree strongly	agree strongly	disagree strongly	disagree strongly	disagree strongly	10	agree strongly	helemaal niet waar	agree strongly	agree	disagree strongly	agree strongly	agree	agree	disagree strongly	agree strongly	disagree strongly	agree strongly	agree strongly	agree	agree	agree strongly	disagree	disagree strongly	agree strongly	disagree strongly	disagree strongly	disagree strongly	agree	disagree	agree strongly	agree strongly	agree strongly	agree strongly	disagree	disagree strongly	disagree strongly	agree strongly	disagree strongly	disagree strongly	agree	disagree strongly	disagree strongly	77	74	77.5	1	10	6	Not Selected	State	0	1	high
126	boy	disagree strongly	agree	disagree strongly	agree strongly	agree	agree strongly	agree strongly	disagree	disagree strongly	disagree strongly	8	agree strongly	helemaal niet waar	disagree	agree	disagree strongly	agree strongly	disagree	agree	disagree strongly	agree strongly	disagree strongly	agree strongly	agree strongly	disagree	disagree strongly	agree	agree	disagree strongly	agree strongly	disagree strongly	disagree strongly	disagree strongly	agree	disagree strongly	agree	agree strongly	agree	agree	agree	disagree	disagree strongly	agree strongly	agree	agree	agree	disagree strongly	agree	78	74	81	1	10	6	Not Selected	State	0	1	high
126	girl	disagree strongly	agree	agree	agree	agree strongly	agree	disagree strongly	agree	agree strongly	disagree strongly	4	disagree strongly	een beetje waar	disagree	agree	disagree strongly	disagree	disagree	agree	agree strongly	disagree	disagree strongly	agree	disagree strongly	disagree	agree	agree	disagree strongly	disagree strongly	agree	disagree strongly	agree	disagree	disagree	disagree	agree strongly	disagree strongly	disagree	disagree	disagree	disagree	agree	agree	disagree	agree	agree	agree strongly	disagree	69	74	70	1	10	6	Selected	State	0	1	high
119	boy			disagree	disagree strongly	agree strongly	disagree strongly	agree	agree	agree		8	agree strongly	helemaal niet waar	agree strongly	agree strongly	agree strongly	agree strongly	disagree	agree	disagree strongly	agree strongly	disagree strongly	agree strongly	agree strongly	agree	disagree strongly	agree strongly	agree	disagree strongly	agree strongly	disagree strongly	disagree strongly	agree strongly	agree	agree	agree strongly	agree strongly	agree strongly	agree	agree	disagree strongly	disagree strongly	agree strongly	disagree strongly	disagree strongly	agree strongly	agree	agree strongly	81	74.5	79.7	1	8	7	Not Selected	State	0	1	high
122	boy	disagree strongly	agree	disagree strongly	disagree strongly	disagree strongly	agree strongly	agree	disagree strongly	disagree	disagree strongly	10	agree strongly	helemaal niet waar	disagree	agree strongly	disagree strongly	agree strongly	agree	agree	disagree strongly	agree strongly	disagree strongly	agree strongly	agree strongly	agree	disagree strongly	agree strongly	disagree	disagree strongly	agree strongly	disagree strongly	disagree strongly	disagree strongly	agree	disagree strongly	agree	agree strongly	agree strongly	agree	agree	agree	disagree strongly	agree strongly	agree	agree	agree	disagree strongly	agree	84.13	74.75	80.32	0	16	10	Not Selected	COE	0	0	high
127	girl	agree	agree strongly	disagree	agree strongly	disagree	agree strongly	agree	disagree	disagree strongly	disagree strongly	8	agree	helemaal niet waar	agree strongly	agree	disagree strongly	agree strongly	disagree strongly	agree	disagree strongly	agree	disagree strongly	agree strongly	agree strongly	agree	disagree strongly	agree strongly	disagree	disagree strongly	disagree	disagree strongly	disagree strongly	disagree strongly	disagree	disagree	agree strongly	agree	agree	agree	agree	disagree strongly	agree	agree strongly	agree	disagree strongly	agree	disagree	agree strongly	72	75	77.8	1	15	8	Selected	State	0	1	high
123	boy	agree strongly	disagree	agree	agree strongly	disagree strongly	agree strongly	agree	agree strongly	agree strongly	disagree	3	agree strongly	helemaal niet waar	agree strongly	agree strongly	disagree strongly	agree strongly	agree strongly	agree strongly	disagree strongly	agree strongly	disagree strongly	agree strongly	agree strongly	agree strongly	disagree strongly	agree strongly	disagree	disagree strongly	agree strongly	disagree strongly	disagree strongly	disagree strongly	agree strongly	disagree strongly	agree	agree strongly	agree strongly	agree	disagree	disagree strongly	agree	agree strongly	disagree	disagree strongly	agree	disagree	agree	80.5	75.12	77.81	1	2	4	Not Selected	State	0	1	high
119	boy	disagree strongly	agree strongly	agree	disagree strongly	agree strongly	agree strongly	agree strongly	disagree strongly	agree strongly	disagree strongly	9	agree strongly	niet echt waar	agree strongly	agree	disagree strongly	agree strongly	agree strongly	agree strongly	disagree strongly	agree strongly	disagree strongly	agree	agree strongly	agree strongly	disagree strongly	agree strongly	agree strongly	disagree	agree strongly	agree	disagree strongly	disagree strongly	agree strongly	agree	agree strongly	agree strongly	agree strongly	agree strongly	agree	disagree strongly	disagree strongly	agree strongly	disagree	disagree strongly	agree	disagree	agree strongly	81.7	75.5	80	1	13	6	Not Selected	State	0	1	high
118	boy	agree strongly	agree strongly	agree strongly	disagree strongly	agree	agree strongly	agree strongly	disagree	disagree strongly	disagree strongly	8	agree strongly	helemaal niet waar	agree strongly	agree	disagree strongly	agree	agree strongly	agree	disagree strongly	agree strongly	disagree strongly	agree strongly	agree strongly	agree strongly	disagree strongly	agree strongly	agree	disagree	agree strongly	disagree	disagree strongly	agree strongly	agree strongly	disagree strongly	agree strongly	agree strongly	agree strongly	agree strongly	agree	agree strongly	disagree	agree strongly	agree strongly	disagree strongly	agree	disagree strongly	disagree	67.11	75.88	71.9	1	16	9	Not Selected	COE	0	0	high
120	boy	disagree	disagree	disagree strongly	disagree strongly	disagree	agree strongly	agree	agree strongly	disagree strongly	disagree strongly	8	disagree	helemaal niet waar	agree strongly	agree strongly	disagree strongly	disagree	agree strongly	agree	agree	disagree	disagree strongly	agree strongly	agree strongly	agree	agree	agree strongly	agree strongly	agree strongly	disagree	agree	disagree strongly	disagree	agree strongly	agree	disagree strongly	disagree	agree strongly	agree	agree strongly	disagree strongly	disagree strongly	agree	disagree	disagree strongly	agree	agree	disagree	87	76	81	1	8	6	Not Selected	State	0	1	high
132	boy	agree	disagree	disagree	agree strongly	disagree strongly	agree	disagree	disagree	disagree	agree strongly	10	agree strongly	helemaal niet waar	agree	agree	disagree strongly	agree strongly	agree	disagree	disagree strongly	disagree	disagree strongly	agree	agree strongly	disagree	disagree strongly	agree strongly	disagree	disagree strongly	agree	disagree	disagree strongly	disagree strongly	agree	disagree strongly	agree	agree	agree	disagree	agree	disagree	disagree	agree strongly	disagree	disagree	disagree	agree	agree	80.6	76.25	80	1	10	6	Not Selected	State	0	1	high
128	girl	disagree	disagree	disagree strongly	disagree strongly	disagree strongly	agree strongly	disagree strongly	agree	agree strongly	disagree strongly	9	agree strongly	helemaal niet waar	agree strongly	agree strongly	disagree strongly	agree strongly	agree strongly	agree strongly	agree	agree	disagree strongly	agree strongly	agree strongly	agree strongly	disagree strongly	agree strongly	agree strongly	disagree strongly	agree strongly	disagree strongly	disagree strongly	agree	agree strongly	disagree strongly	agree strongly	agree	agree strongly	agree strongly	agree strongly	agree strongly	disagree strongly	agree strongly	disagree strongly	disagree strongly	agree strongly	disagree	agree strongly	83	77	84.4	1	6	6	Selected	Catholic	1	0	high
130	girl	agree	disagree	agree strongly	agree strongly	disagree strongly	agree	agree	agree strongly	agree strongly	agree	7	agree strongly	helemaal niet waar	agree strongly	agree	disagree strongly	agree strongly	agree strongly	agree strongly	disagree strongly	agree strongly	disagree strongly	agree strongly	agree strongly	agree strongly	agree	agree strongly	agree	disagree strongly	agree	disagree	disagree strongly	disagree strongly	agree strongly	disagree strongly	agree strongly	agree strongly	agree strongly	agree strongly	agree	disagree strongly	disagree strongly	agree strongly	disagree strongly	disagree strongly	agree strongly	disagree strongly	agree	75.3	77	75.5	1	18	6	Selected	State	0	1	high
121	boy	disagree strongly	disagree	disagree strongly	disagree	disagree strongly	agree strongly	disagree strongly	agree strongly	agree strongly	agree strongly	1	agree strongly	helemaal niet waar	disagree strongly	disagree strongly	agree strongly	disagree strongly	disagree strongly	disagree strongly	disagree strongly	agree strongly	disagree strongly	agree strongly	agree strongly	disagree strongly	agree strongly	agree strongly	disagree strongly	disagree strongly	disagree strongly	agree strongly	disagree strongly	disagree strongly	disagree strongly	disagree strongly	disagree strongly	agree strongly	disagree strongly	disagree strongly	disagree strongly	disagree strongly	disagree strongly	agree strongly	agree strongly	disagree strongly	disagree strongly	disagree strongly	disagree strongly	76.7	77.8	78.1	1	4	4	Not Selected	State	0	1	high
119	girl	disagree	agree	agree	disagree	agree	agree strongly	agree	disagree	disagree strongly	disagree strongly	10	agree strongly	niet echt waar	agree	disagree strongly	disagree strongly	disagree	agree	disagree strongly	agree strongly	disagree	disagree strongly	agree	agree strongly	disagree	disagree	agree strongly	agree	disagree strongly	agree	disagree	disagree strongly	disagree strongly	disagree strongly	agree	agree strongly	agree strongly	disagree	disagree	disagree	disagree strongly	agree	agree strongly	disagree	disagree	disagree	agree strongly	agree	78.6	77.8	87.07	0	14	7	Selected	State	0	1	high
128	boy	agree	disagree strongly	agree strongly	disagree strongly	disagree strongly	agree strongly	disagree strongly	agree	agree strongly	disagree	9	agree strongly	helemaal niet waar	agree strongly	agree	disagree strongly	agree	disagree	agree	disagree strongly	agree strongly	disagree strongly	agree strongly	agree strongly	agree	disagree strongly	agree strongly	disagree	disagree strongly	agree	disagree strongly	disagree strongly	disagree strongly	agree	disagree	agree strongly	agree strongly	agree	disagree	disagree	disagree strongly	disagree	agree strongly	agree	disagree strongly	disagree	disagree strongly	disagree strongly	82.5	78	82	1	11	5	Not Selected	State	0	1	high
126	girl	disagree	agree	agree strongly	agree	disagree strongly	disagree	disagree	agree	agree strongly	disagree strongly	5	agree strongly	niet echt waar	agree strongly	agree	disagree	agree strongly	agree	agree	disagree strongly	agree strongly	disagree strongly	agree	agree strongly	agree	disagree strongly	agree strongly	agree	disagree strongly	agree strongly	disagree strongly	disagree strongly	disagree strongly	agree	disagree strongly	agree strongly	agree	agree strongly	agree	agree	disagree strongly	disagree strongly	agree	disagree strongly	disagree strongly	agree	disagree	agree strongly	85.1	78	81.5	1	6	4	Selected	State	0	1	high
126	girl	agree strongly	disagree strongly	disagree strongly	agree strongly	disagree strongly	agree strongly	disagree strongly	agree strongly	agree strongly	disagree strongly	1	agree strongly	helemaal niet waar	agree strongly	disagree	agree strongly	agree strongly	agree strongly	agree	disagree strongly	agree	disagree strongly	agree	agree strongly	agree strongly	agree	agree strongly	agree strongly	disagree strongly	agree strongly	agree	disagree strongly	disagree strongly	agree strongly	agree strongly	agree strongly	disagree strongly	agree	agree strongly	disagree	disagree strongly	disagree strongly	agree strongly	disagree strongly	disagree strongly	disagree	disagree strongly	agree strongly	80.5	78	82	1	10	7	Selected	State	0	1	high
130	boy	disagree	agree	agree	disagree strongly	disagree strongly	agree strongly	agree strongly	agree	disagree strongly	disagree strongly	8	agree strongly	helemaal niet waar	agree strongly	agree	disagree strongly	agree strongly	agree	agree	disagree strongly	agree strongly	disagree strongly	agree strongly	agree strongly	agree	agree	agree strongly	disagree	disagree strongly	agree	disagree strongly	disagree strongly	disagree strongly	agree	disagree strongly	agree strongly	agree	agree	disagree	agree	disagree strongly	disagree strongly	agree strongly	disagree strongly	disagree strongly	agree	disagree strongly	agree	79.56	78.07	80.14	0	0	3	Not Selected	State	0	1	high
121	boy	disagree strongly	agree strongly	disagree strongly	disagree strongly	disagree strongly	agree strongly	agree strongly	disagree strongly	disagree strongly	disagree strongly	9		helemaal waar	agree strongly	disagree	disagree strongly	agree strongly	disagree	agree	disagree strongly	agree strongly	disagree strongly	agree strongly	agree strongly	disagree	agree strongly	agree strongly	disagree	disagree strongly	disagree	disagree strongly	disagree strongly	disagree strongly	disagree	disagree strongly	agree strongly	agree	agree strongly	disagree	disagree	disagree strongly	disagree strongly	agree strongly	disagree strongly	disagree strongly	disagree	disagree	agree strongly	72.7	78.3	75.8	1	15	6	Not Selected	State	0	1	high
133	girl	disagree strongly	agree strongly	disagree strongly	disagree strongly	agree	agree strongly	agree strongly	disagree strongly	disagree strongly	disagree strongly	10	agree	een beetje waar	agree	agree	disagree strongly	agree	agree strongly	agree strongly	disagree strongly	agree	disagree strongly	agree	agree strongly	agree strongly	disagree	agree	agree	disagree strongly	agree strongly	disagree strongly	disagree strongly	agree	agree strongly	disagree strongly	disagree	disagree	agree	agree strongly	agree	agree	disagree	agree strongly	disagree strongly	disagree	agree	disagree strongly	disagree strongly	81.4	78.6	78.9	1	10	5	Selected	Catholic	1	0	high
127	girl	disagree strongly	agree strongly	disagree strongly	disagree strongly	agree strongly	agree strongly	agree strongly	disagree strongly	disagree strongly	disagree strongly	6	agree strongly	helemaal niet waar	agree	agree strongly	disagree strongly	agree strongly	agree	agree strongly	disagree strongly	agree strongly	disagree strongly	agree strongly	agree strongly	agree strongly	disagree strongly	disagree	agree strongly	disagree strongly	agree strongly	disagree strongly	disagree strongly	disagree strongly	agree strongly	disagree strongly	agree strongly	agree strongly	agree strongly	agree strongly	agree strongly	disagree strongly	disagree strongly	agree strongly	disagree strongly	disagree strongly	agree strongly	disagree strongly	agree strongly	88.1	78.6	83.8	1	10	6	Selected	State	0	1	high
127	girl	disagree	agree strongly	agree	agree	disagree	agree strongly	agree strongly	agree	disagree strongly	disagree	9	agree strongly	helemaal niet waar	agree strongly	agree strongly	disagree strongly	agree strongly	agree	agree strongly	disagree strongly	agree strongly	disagree strongly	agree strongly	agree strongly	agree strongly	disagree strongly	agree strongly	disagree	disagree strongly	agree strongly	disagree strongly	disagree strongly	disagree strongly	agree strongly	disagree strongly	agree	agree	agree strongly	agree strongly	agree	disagree strongly	disagree	agree strongly	disagree	disagree strongly	agree strongly	disagree strongly	agree strongly	90.5	78.8	82.6	1	2	5	Selected	Catholic	1	0	high
126	boy	disagree strongly	agree strongly	agree	disagree strongly	agree	agree strongly	agree strongly	disagree strongly	disagree strongly	disagree strongly	10	agree strongly	helemaal niet waar	agree strongly	agree	disagree strongly	agree strongly	agree	agree	disagree strongly	agree	disagree strongly	agree strongly	agree strongly	agree	disagree strongly	agree strongly	agree	disagree strongly	disagree	disagree strongly	disagree strongly	disagree strongly	agree	disagree strongly	agree	agree	agree	agree	agree	disagree strongly	disagree	agree strongly	disagree	agree strongly	agree	disagree strongly	agree strongly	79	79	79	1	10	6	Not Selected	State	0	1	high
129	boy	disagree	agree strongly	disagree	disagree strongly	disagree	agree strongly	agree	disagree strongly	disagree strongly	disagree strongly	9	agree strongly	helemaal niet waar	disagree	disagree	disagree strongly	disagree	agree	disagree	disagree strongly	agree	disagree strongly	agree strongly	agree strongly	agree	agree	disagree	disagree	disagree	agree strongly	agree	disagree strongly	disagree strongly	disagree	disagree	disagree	agree	disagree	disagree	agree	disagree	disagree strongly	agree strongly	disagree strongly	agree	disagree	disagree	disagree	85	79	82.8	0	18	7	Not Selected	Catholic	1	0	high
119	girl	agree	agree	disagree strongly	disagree strongly	disagree	agree strongly	agree	disagree	disagree strongly	disagree strongly	9	agree	niet echt waar	agree	agree	disagree strongly	agree	disagree	agree	agree	agree	disagree strongly	agree	agree strongly	agree	disagree strongly	agree strongly	agree	disagree strongly	agree	disagree strongly	disagree strongly	disagree strongly	agree	disagree strongly	agree	agree	agree	disagree	agree	disagree strongly	agree	agree strongly	agree	disagree	agree	disagree strongly	agree strongly	80	79	78	1	2	2	Selected	State	0	1	high
125	girl	disagree	agree	disagree strongly	agree	disagree	agree strongly	agree	disagree	agree	disagree	9	disagree	een beetje waar	disagree strongly	disagree	disagree strongly	disagree strongly	disagree	disagree	agree strongly	disagree	disagree strongly	disagree	disagree	disagree	agree strongly	agree	disagree	agree strongly	agree	disagree	disagree strongly	agree strongly	disagree	agree	disagree	disagree strongly	agree	agree	disagree	agree	agree	agree strongly	agree	disagree	disagree	agree	disagree strongly	73	79	76	1	10	6	Selected	State	0	1	high
123	girl	disagree strongly	agree strongly	disagree strongly	disagree	agree strongly	agree strongly	agree strongly	disagree strongly	disagree strongly	disagree strongly	8	agree	helemaal niet waar	agree strongly	disagree strongly	disagree strongly	agree strongly	disagree	agree	disagree strongly	agree strongly	disagree strongly	agree	agree strongly	disagree	disagree	agree strongly	disagree	disagree strongly	agree	agree	disagree strongly	disagree strongly	agree	agree	agree strongly	agree strongly	disagree	disagree	disagree	disagree strongly	disagree strongly	agree strongly	disagree	disagree strongly	disagree	disagree strongly	disagree strongly	73.3	79.2	79	1	16	8	Selected	State	0	1	high
131	boy	disagree strongly	agree strongly	disagree	agree strongly	disagree strongly	agree strongly	agree strongly	disagree strongly	disagree	agree strongly	10	disagree	helemaal waar	agree strongly	disagree	disagree strongly	agree strongly	disagree	disagree	disagree strongly	agree strongly	disagree strongly	agree strongly	agree strongly	agree	agree	agree strongly	disagree	disagree strongly	disagree strongly	disagree strongly	disagree strongly	agree strongly	agree	disagree	agree strongly	agree	agree strongly	disagree	disagree	disagree strongly	disagree strongly	agree	disagree strongly	disagree strongly	disagree	agree	disagree	89.2	79.3	83.8	1	15	8	Not Selected	COE	0	0	high
127	girl	agree	agree	agree strongly	disagree	disagree strongly	agree strongly	agree	disagree	disagree strongly	disagree strongly	9	agree	helemaal niet waar	agree strongly	agree	disagree strongly	disagree	agree strongly	agree	disagree	disagree	disagree strongly	agree strongly	agree strongly	agree	agree	agree strongly	disagree	disagree	agree strongly	disagree	disagree strongly	agree	agree	agree	disagree	disagree	agree	agree	agree	disagree	disagree	agree strongly	disagree	disagree strongly	agree	agree	disagree strongly	79	79.5	79.25	1	11	6	Selected	State	0	1	high
123	girl	disagree strongly	agree strongly	disagree	disagree strongly	disagree	agree strongly	disagree	agree	disagree	disagree strongly	9	agree strongly	helemaal niet waar	agree strongly	agree strongly	disagree strongly	agree strongly	agree	agree	disagree strongly	agree strongly	disagree strongly	agree strongly	agree strongly	agree	disagree strongly	agree strongly	agree	disagree strongly	agree	disagree strongly	disagree strongly	disagree strongly	agree	disagree	agree strongly	agree	agree	agree	agree	disagree strongly	disagree strongly	agree strongly	disagree strongly	disagree strongly	agree strongly	disagree	agree	85.62	79.5	82.56	1	12	6	Selected	COE	0	0	high
123	boy	disagree	agree strongly	agree	agree	disagree strongly	agree	agree	agree	agree	disagree strongly	8	agree strongly	helemaal niet waar	agree strongly	agree	disagree strongly	agree	agree	agree	disagree strongly	agree strongly	disagree strongly	agree	agree strongly	agree	disagree	agree strongly	agree	disagree strongly	agree strongly	disagree	disagree strongly	disagree strongly	agree	disagree	agree strongly	agree strongly	agree strongly	agree	agree	agree	disagree	agree strongly	disagree strongly	disagree strongly	agree	disagree	agree strongly	86.63	79.71	84.47	1	8	6	Not Selected	State	0	1	high
128	boy	disagree	agree strongly	disagree	disagree strongly	disagree	agree strongly	agree	disagree strongly	agree	disagree strongly	10	agree strongly	een beetje waar	agree	agree	disagree strongly	disagree	disagree	agree	agree	agree	disagree strongly	agree	agree	disagree	disagree strongly	agree	disagree	agree	agree	agree	disagree strongly	disagree	agree	disagree	disagree	disagree	agree	agree	disagree	agree	agree strongly	agree	agree	disagree	agree	agree	disagree	77.3	80	79.7	1	8	7	Not Selected	State	0	1	high
119	boy	disagree strongly	agree strongly	disagree	disagree strongly	agree strongly	agree strongly	agree strongly	disagree strongly	disagree strongly	disagree strongly	8	agree	helemaal niet waar	agree strongly	disagree	disagree strongly	agree	agree	agree	disagree strongly	agree strongly	disagree strongly	agree strongly	disagree	agree	disagree strongly	agree strongly	disagree	disagree strongly	agree	disagree	disagree strongly	agree strongly	agree	disagree strongly	agree strongly	disagree	agree strongly	agree strongly	disagree	disagree strongly	disagree strongly	agree strongly	disagree strongly	disagree strongly	agree	agree	agree strongly	76.1	80.4	79.1	1	11	5	Not Selected	State	0	1	high
128	girl	agree	disagree	agree	agree	disagree strongly	agree	disagree	agree	agree	disagree	5	disagree	een beetje waar	disagree	agree	disagree	agree	disagree strongly	disagree	disagree	agree	disagree strongly	agree	agree strongly	disagree strongly	agree	agree strongly	disagree strongly	disagree	disagree	disagree strongly	disagree	disagree	disagree	disagree	agree	agree	disagree	disagree strongly	disagree	disagree strongly	agree	agree	disagree strongly	agree	disagree strongly	agree	disagree	82	80.5	90.8	1	13	7	Selected	State	0	1	high
121	boy	disagree strongly	agree strongly	disagree	disagree strongly	disagree strongly	agree strongly	agree strongly	disagree strongly	disagree strongly	disagree strongly	9	agree strongly	helemaal niet waar	agree strongly	agree strongly	disagree strongly	agree strongly	agree strongly	agree strongly	disagree strongly	agree strongly	disagree strongly	agree strongly	agree strongly	agree strongly	disagree strongly	agree strongly	agree strongly	disagree strongly	agree strongly	disagree strongly	disagree strongly	disagree strongly	agree strongly	disagree strongly	agree strongly	agree strongly	agree strongly	agree	agree strongly	disagree strongly	disagree strongly	agree strongly	disagree strongly	disagree strongly	agree strongly	disagree strongly	agree strongly	87.5	80.64	85.19	1	10	6	Not Selected	State	0	1	high
130	girl	disagree strongly	agree	disagree strongly	disagree strongly	agree	agree strongly	agree	disagree strongly	disagree strongly	disagree strongly	10	agree strongly	helemaal niet waar	agree strongly	agree	disagree strongly	agree strongly	agree strongly	agree strongly	disagree strongly	agree strongly	disagree strongly	agree strongly	agree strongly	agree strongly	disagree strongly	agree strongly	agree	disagree strongly	agree strongly	disagree strongly	disagree strongly	disagree strongly	agree strongly	disagree strongly	agree strongly	agree strongly	agree strongly	agree strongly	agree	disagree strongly	disagree strongly	agree strongly	disagree strongly	disagree strongly	disagree	agree strongly	agree strongly	89	80.8	84.3	1	7	3	Selected	State	0	1	high
129	boy	disagree strongly	agree strongly	disagree strongly	disagree strongly	disagree strongly	agree strongly	agree strongly	disagree strongly	disagree strongly	disagree strongly	10	agree strongly	helemaal niet waar	agree strongly	agree strongly	disagree strongly	agree strongly	agree strongly	agree strongly	disagree strongly	agree strongly	disagree strongly	agree strongly	agree strongly	agree strongly	agree	agree strongly	agree strongly	disagree strongly	agree strongly	disagree strongly	disagree strongly	disagree strongly	agree strongly	disagree strongly	agree strongly	agree	agree strongly	agree strongly	agree strongly	disagree strongly	disagree	agree strongly	disagree strongly	disagree strongly	agree strongly	agree	agree strongly	70	81	79	1	2	5	Not Selected	State	0	1	high
128	boy	disagree strongly	agree strongly	disagree	agree strongly	agree	agree strongly	agree strongly	disagree strongly	disagree strongly	disagree strongly	10	agree strongly	helemaal niet waar	disagree	agree strongly	disagree strongly	disagree	agree strongly	agree strongly	disagree strongly	agree strongly	disagree strongly	agree strongly	agree strongly	agree strongly	disagree strongly	agree	agree strongly	disagree strongly	agree strongly	disagree strongly	disagree strongly	disagree strongly	agree strongly	disagree strongly	agree strongly	agree strongly	agree strongly	agree strongly	agree strongly	disagree	disagree strongly	agree strongly	disagree strongly	disagree	agree strongly	disagree strongly	agree strongly	83	81	82	1	10	6	Not Selected	State	0	1	high
127	boy	disagree	agree strongly	agree	agree	agree	agree	agree strongly	disagree strongly	disagree strongly	disagree strongly	9	agree strongly	helemaal niet waar	agree strongly	agree strongly	disagree strongly	agree	agree	agree strongly	disagree strongly	agree	disagree strongly	agree strongly	agree strongly	agree	disagree strongly	agree strongly	agree strongly	agree	agree strongly	disagree strongly	disagree strongly	agree	agree	disagree strongly	agree	agree	agree	agree strongly	agree	agree	disagree strongly	agree strongly	agree	disagree strongly	agree	agree	disagree	88	81	84.5	1	12	7	Not Selected	State	0	1	high
122	girl	agree	agree	agree strongly	agree strongly	agree	agree strongly	agree	agree	disagree strongly	disagree	8	agree strongly	helemaal waar	agree strongly	agree strongly	disagree strongly	agree strongly	disagree	agree strongly	disagree strongly	agree strongly	disagree strongly	agree strongly	agree strongly	disagree	disagree strongly	agree strongly	agree	disagree	disagree	disagree strongly	disagree strongly	disagree strongly	agree strongly	disagree strongly	disagree	agree	agree	disagree	disagree	agree	disagree strongly	agree strongly	disagree strongly	disagree strongly	disagree	disagree strongly	disagree	84	81	81.6	1	11	7	Selected	State	0	1	high
128	boy	disagree	agree strongly	agree	disagree strongly	agree	agree strongly	agree	disagree strongly	disagree strongly	disagree strongly	9	disagree	niet echt waar	agree strongly	agree	disagree	agree strongly	agree	disagree	agree	disagree	disagree strongly	agree strongly	agree	agree	agree	agree strongly	agree	disagree strongly	agree	agree	disagree strongly	disagree	agree	disagree	agree	disagree strongly	agree	disagree	disagree	disagree strongly	agree	agree strongly	agree	disagree strongly	agree	agree strongly	agree strongly	76.75	81.5	79.06	1	10	6	Not Selected	State	0	1	high
129	girl	disagree	agree strongly	agree strongly	disagree	agree	agree strongly	agree strongly	agree	disagree	disagree strongly	9	disagree strongly	helemaal waar	agree strongly	agree strongly	disagree strongly	agree strongly	agree strongly	agree strongly	disagree strongly	agree	disagree strongly	agree strongly	agree strongly	agree strongly	agree strongly	agree strongly	agree strongly	disagree strongly	agree strongly	disagree	disagree strongly	disagree strongly	agree strongly	agree strongly	agree strongly	disagree strongly	agree strongly	agree strongly	agree strongly	disagree strongly	agree strongly	agree strongly	disagree strongly	disagree strongly	agree	agree strongly	agree strongly	77	81.5	83.5	1	18	7	Selected	Catholic	1	0	high
129	boy	agree	disagree	disagree strongly	agree	disagree strongly	agree	agree	agree	disagree strongly	disagree	9	agree strongly	helemaal niet waar	agree strongly	agree strongly	disagree strongly	agree strongly	agree	agree	disagree strongly	agree strongly	disagree strongly	agree strongly	agree strongly	agree	disagree strongly	agree strongly	agree	disagree strongly	agree strongly	disagree strongly	disagree strongly	disagree strongly	agree strongly	disagree strongly	agree	agree	agree	agree	agree	disagree strongly	disagree strongly	agree	agree	disagree strongly	agree	disagree strongly	agree	85.18	81.78	79.4	0	10	6	Not Selected	State	0	1	high
124	boy	disagree strongly	agree strongly	disagree	agree strongly	disagree	agree strongly	agree strongly	disagree strongly	disagree strongly	disagree strongly	9	agree strongly	helemaal waar	agree strongly	agree	disagree strongly	disagree	agree	agree	disagree	disagree	disagree strongly	agree	agree	agree	agree	agree strongly	disagree	disagree	agree	agree	disagree strongly	disagree strongly	agree	disagree	disagree	agree	disagree	disagree	disagree	disagree strongly	disagree	agree	disagree	disagree strongly	disagree	agree	agree	87	82	86	1	4	2	Not Selected	State	0	1	high
124	boy	disagree strongly	agree strongly	disagree strongly	disagree strongly		agree strongly	agree strongly	disagree strongly	disagree strongly	disagree strongly	10	agree strongly	helemaal niet waar	disagree	agree	disagree strongly	agree strongly	agree	agree	disagree strongly	agree strongly	disagree strongly	agree strongly	agree strongly	agree	agree	agree strongly	agree	disagree strongly	disagree	disagree strongly	disagree strongly	disagree strongly	agree	disagree strongly	agree strongly	agree strongly	agree	agree	agree	disagree strongly	disagree strongly	agree strongly	disagree strongly	disagree	agree strongly	disagree strongly	agree strongly	85	82	82	1	6	4	Not Selected	State	0	1	high
122	boy	disagree	agree	disagree strongly	disagree strongly	disagree	agree strongly	disagree strongly	disagree	agree strongly	agree	1	agree strongly	niet echt waar	agree strongly	agree	disagree strongly	agree	agree strongly	agree	disagree	agree	disagree strongly	agree	agree strongly	agree strongly	disagree strongly	agree strongly	agree strongly	disagree strongly	disagree	disagree	disagree strongly	disagree	agree	agree	agree	disagree	agree	agree	agree strongly	disagree	disagree	agree strongly	disagree strongly	disagree strongly	agree	disagree	agree	86.25	82	86.25	1	2	6	Not Selected	State	0	1	high
127	girl	disagree strongly	agree	disagree	disagree strongly	disagree	agree strongly	agree	disagree strongly	disagree strongly	disagree strongly	10	agree strongly	helemaal niet waar	disagree	agree strongly	disagree strongly	agree	disagree strongly	disagree	disagree strongly	agree strongly	disagree strongly	agree strongly	agree strongly	disagree	agree	agree strongly	disagree strongly	disagree strongly	disagree	disagree strongly	disagree strongly	disagree strongly	disagree strongly	disagree	disagree	disagree	disagree	agree	agree	agree	disagree	agree strongly	disagree	disagree strongly	disagree	disagree strongly	agree strongly	90	82	86.5	1	6	5	Selected	Catholic	1	0	high
124	girl	disagree strongly	agree	disagree	agree strongly	disagree	agree strongly	agree	disagree	agree	disagree strongly	10	agree strongly	helemaal niet waar	agree strongly	agree strongly	disagree strongly	agree strongly	agree	agree strongly	disagree strongly	agree strongly	disagree strongly	agree strongly	agree strongly	agree	disagree strongly	agree strongly	agree	disagree strongly	agree strongly	disagree	disagree strongly	disagree strongly	disagree	agree	agree strongly	agree	agree strongly	agree	agree strongly	disagree strongly	agree	agree strongly	agree	disagree strongly	agree	agree	agree strongly	86	82	84	1	4	6	Selected	Catholic	1	0	high
122	boy	agree	disagree	agree	disagree	disagree strongly	agree strongly	disagree	agree	agree	disagree strongly	8	agree strongly	helemaal niet waar	agree	agree	disagree strongly	agree strongly	disagree	agree	disagree strongly	agree strongly	disagree strongly	agree strongly	agree strongly	agree	disagree strongly	agree	disagree	disagree strongly	agree	disagree	disagree strongly	disagree strongly	agree	disagree strongly	agree strongly	agree strongly	agree	agree	disagree	disagree strongly	agree strongly	agree strongly	disagree	disagree strongly	agree	disagree	agree strongly	87.06	82.36	86.58	1	10	6	Not Selected	State	0	1	high
128	girl	agree	agree	agree strongly	disagree	disagree	agree strongly	agree	disagree	disagree	disagree	8		helemaal waar	agree	agree strongly	disagree strongly	agree	agree strongly	agree	disagree strongly	agree	disagree strongly	agree strongly	agree strongly	agree strongly	agree	agree strongly	agree strongly	disagree strongly	agree	disagree strongly	disagree strongly	disagree strongly	agree strongly	disagree strongly	agree	agree	agree	agree strongly	agree strongly	disagree strongly	disagree strongly	agree strongly	disagree strongly	disagree	agree strongly	disagree	agree	85	82.5	83.13	1	10	5	Selected	Catholic	1	0	high
130	girl	agree	agree strongly	disagree strongly	disagree strongly	agree	agree strongly	agree strongly	disagree strongly	disagree strongly	disagree strongly	10	agree strongly	een beetje waar	agree strongly	agree	agree strongly	agree strongly	agree strongly	agree	agree	agree	disagree strongly	disagree	agree strongly	agree strongly	agree	agree strongly	agree	disagree strongly	agree	agree	agree	agree strongly	agree strongly	agree	agree strongly	agree	agree strongly	agree	agree	disagree strongly	agree	agree	disagree strongly	disagree strongly	disagree strongly	agree strongly	agree strongly	85	82.5	85.2	1	2	7	Selected	State	0	1	high
126	boy	disagree strongly	agree strongly	agree	disagree strongly	disagree	agree strongly	agree strongly	disagree strongly	disagree	disagree strongly	9	agree strongly	helemaal niet waar	agree strongly	agree strongly	disagree strongly	agree	agree strongly	agree	disagree strongly	agree strongly	disagree strongly	agree strongly	agree strongly	agree	disagree strongly	agree strongly	agree strongly	disagree strongly	agree strongly	disagree strongly	disagree strongly	disagree strongly	agree strongly	agree	agree strongly		agree	agree strongly	agree strongly	disagree strongly		agree strongly	disagree strongly	disagree strongly	agree strongly	agree strongly	agree	80.5	83	86	1	0	4	Not Selected	State	0	1	high
126	boy	disagree	agree strongly	disagree strongly	disagree strongly	disagree	agree strongly	agree strongly	disagree	agree	disagree	5	agree strongly	helemaal niet waar	agree	agree strongly	disagree strongly	agree	agree strongly	agree	disagree strongly	agree	disagree strongly	agree	agree	agree	agree	agree	agree strongly	disagree	agree	disagree strongly	disagree strongly	disagree	agree strongly	disagree	agree strongly	agree	agree	agree strongly	agree strongly	agree	disagree	agree strongly	disagree strongly	disagree strongly	agree strongly	agree	agree	81	83	82	1	15	5	Not Selected	State	0	1	high
122	boy	agree	disagree	disagree strongly	disagree strongly	disagree strongly	agree	disagree strongly	agree	agree strongly	agree	5	agree	een beetje waar	agree strongly	agree	agree strongly	agree	agree	agree	disagree strongly	agree strongly	disagree strongly	agree strongly	agree strongly	agree strongly	disagree	agree	agree strongly	disagree strongly	agree strongly	disagree	disagree strongly	agree	agree strongly	agree	agree	agree	agree	agree	disagree	disagree strongly	disagree strongly	agree strongly	disagree strongly	disagree strongly	agree	agree	agree	79	83	82	0	10	6	Not Selected	State	0	1	high
128	boy	agree	agree strongly	disagree	agree	disagree	agree	agree	agree	disagree strongly	agree	0	agree	helemaal niet waar	disagree	agree strongly	disagree strongly	disagree strongly	agree	agree strongly	disagree strongly	agree strongly	disagree strongly	agree	agree strongly	agree	disagree strongly	agree strongly	agree	agree strongly	agree	disagree strongly	disagree strongly	disagree strongly	agree	disagree strongly	disagree	disagree	agree	agree	agree	disagree	disagree strongly	agree	disagree strongly	agree	agree	agree	disagree strongly	90	83	87	1	12	7	Not Selected	State	0	1	high
127	boy	disagree strongly	disagree	disagree	agree	disagree strongly	agree strongly	disagree strongly	agree	agree	disagree strongly	7	agree strongly	helemaal niet waar	agree strongly	agree	disagree strongly	disagree	agree	agree	disagree strongly	agree strongly	disagree strongly	agree strongly	agree strongly	agree	disagree strongly	agree strongly	agree	disagree strongly	agree	disagree	disagree strongly	disagree strongly	agree	disagree strongly	agree	agree	agree	agree	agree	disagree strongly	disagree	agree strongly	disagree strongly	disagree strongly	agree	agree	agree	82.6	83	82	1	18	7	Not Selected	Catholic	1	0	high
127	boy	disagree strongly	agree strongly	agree strongly	disagree strongly	disagree strongly	agree strongly	agree	disagree strongly	disagree strongly	disagree strongly	10	agree strongly	helemaal waar	disagree	agree strongly	disagree strongly	agree strongly	disagree	disagree	disagree strongly	agree strongly	disagree strongly	agree strongly		disagree	agree strongly	agree strongly	disagree	disagree strongly	disagree	disagree strongly	disagree strongly	disagree strongly	disagree	disagree	agree strongly	disagree	agree	disagree	agree	agree	disagree	agree strongly	disagree strongly	disagree	disagree	disagree strongly	agree strongly	83	83	81	1	15	9	Not Selected	COE	0	0	high
129	girl	agree	agree	agree strongly	agree strongly	disagree strongly	agree strongly	disagree	agree	disagree	disagree	4	agree strongly	helemaal niet waar	agree strongly	agree	disagree strongly	agree strongly	agree	agree	disagree strongly	agree strongly	disagree strongly	agree strongly	agree strongly	agree strongly	disagree	agree strongly	agree	disagree strongly	agree strongly	disagree	disagree strongly	disagree strongly	agree	disagree	agree strongly	agree strongly	agree	agree	agree	disagree strongly	disagree	agree strongly	disagree strongly	disagree strongly	agree	disagree	agree strongly	80	83.2	81.5	1	13	6	Selected	COE	0	0	high
126	boy	disagree	agree strongly	disagree	disagree strongly	disagree	agree strongly	agree strongly	disagree strongly	disagree strongly	disagree strongly	10	agree strongly	helemaal niet waar	agree strongly	agree	disagree strongly	disagree	agree	disagree	disagree strongly	agree strongly	disagree strongly	agree	agree strongly	agree	disagree	agree strongly	agree	disagree strongly	disagree	disagree	disagree strongly	disagree strongly	agree	disagree	agree	agree	disagree	agree	agree	disagree strongly	disagree strongly	agree	disagree	disagree strongly	agree	disagree strongly	disagree	77.5	83.3	81.2	1	2	4	Not Selected	State	0	1	high
125	boy	agree strongly	agree strongly	agree	disagree strongly	agree strongly	agree strongly	agree strongly	disagree strongly	disagree strongly	disagree strongly	10	agree strongly	helemaal niet waar	agree	agree	disagree strongly	agree strongly	disagree	agree	disagree strongly	disagree	disagree strongly	agree strongly	agree strongly	disagree	agree	agree strongly	disagree	disagree strongly	disagree	agree	disagree strongly	disagree strongly	disagree	disagree	agree	disagree	agree	disagree	disagree	disagree strongly	disagree strongly	agree strongly	disagree	disagree strongly	disagree	disagree	disagree	77	83.3	79.6	1	14	6	Not Selected	State	0	1	high
118	girl	disagree	agree	disagree	disagree	disagree	agree	agree strongly	disagree strongly	disagree strongly	disagree strongly	9	agree strongly	helemaal niet waar	agree	disagree	disagree strongly	agree	agree strongly	agree	disagree strongly	agree	disagree strongly	agree strongly	agree strongly	agree	disagree	agree strongly	agree	disagree strongly	agree	disagree	disagree strongly	disagree	agree	agree	agree strongly	agree	agree	agree	agree	agree	agree	agree strongly	disagree strongly	disagree strongly	agree	agree	agree	90.4	83.3	88.5	1	9	6	Selected	State	0	1	high
129	girl	disagree strongly	agree strongly	agree	agree strongly	agree strongly	agree strongly	agree strongly	disagree strongly	disagree strongly	disagree strongly	10	agree	helemaal niet waar	agree strongly	agree strongly	disagree	agree strongly	agree	agree	agree	agree	disagree strongly	disagree	agree	agree	agree	agree strongly	disagree	disagree strongly	agree	agree	disagree strongly	agree	agree	agree	agree	agree	disagree	agree	disagree strongly	disagree strongly	disagree	agree	disagree strongly	disagree	disagree strongly	agree	agree strongly	80.8	83.3	82.3	1	13	6	Selected	COE	0	0	high
119	girl	disagree	agree strongly	agree	disagree	agree	agree strongly	agree	agree	disagree	disagree strongly	8	agree strongly	helemaal niet waar	agree strongly	agree strongly	disagree strongly	agree strongly	disagree	agree	disagree strongly	agree strongly	disagree strongly	agree strongly	agree strongly	disagree	disagree	agree strongly	agree	disagree strongly	agree	disagree	disagree strongly	disagree strongly	agree	disagree	agree strongly	agree strongly	agree	agree	agree	disagree	disagree	agree strongly	disagree	disagree	agree	disagree	agree strongly	83.3	83.3	84.1	1	18	10	Selected	State	0	1	high
120	boy	disagree	agree	disagree	agree	agree	agree strongly	agree strongly	disagree strongly	disagree	disagree	4	agree strongly	helemaal waar	agree strongly	agree	disagree strongly	agree	disagree	agree	disagree strongly	agree strongly	disagree strongly	agree strongly	agree strongly	disagree	disagree strongly	agree strongly	disagree	disagree strongly	agree strongly	disagree strongly	disagree strongly	disagree strongly	agree	disagree strongly	agree	agree strongly	agree strongly	disagree	disagree	disagree strongly	disagree strongly	agree	agree	disagree strongly	disagree	agree	agree	81	83.5	84	1	8	6	Not Selected	State	0	1	high
129	girl	disagree strongly	agree strongly	agree strongly	disagree strongly	disagree strongly	agree	agree strongly	agree	disagree strongly	disagree strongly	9	agree strongly	helemaal niet waar	agree strongly	agree strongly	disagree strongly	agree strongly	agree strongly	agree	agree	agree strongly	disagree strongly	agree strongly	agree strongly	agree strongly	agree	agree strongly	agree strongly	disagree strongly	agree strongly	disagree strongly	disagree strongly	disagree	agree strongly	agree	agree strongly	agree	agree strongly	agree strongly	agree	agree strongly	disagree strongly	agree strongly	disagree strongly	disagree strongly	agree	agree	agree strongly	82.9	83.6	82.8	1	11	4	Selected	State	0	1	high
128	boy	disagree strongly	agree strongly	disagree strongly	disagree strongly	agree	agree strongly	agree strongly	disagree strongly	disagree strongly	disagree strongly	9	agree strongly	helemaal niet waar	agree strongly	agree	disagree strongly	agree strongly	agree strongly	agree strongly	disagree strongly	agree	disagree strongly	agree strongly	agree strongly	agree strongly	disagree strongly	agree strongly	agree	disagree strongly	agree strongly	disagree strongly	disagree strongly	disagree strongly	agree strongly	disagree strongly	agree	agree	agree	agree	agree	disagree strongly	disagree	agree strongly	disagree strongly	disagree strongly	agree	disagree strongly	agree	85.4	84	82.8	1	16	6	Not Selected	State	0	1	high
129	girl	disagree	agree	agree	agree strongly	disagree	agree strongly	agree	disagree	agree strongly	agree strongly	7	agree	een beetje waar	disagree	agree	disagree strongly	agree	agree	agree	disagree strongly	agree strongly	disagree strongly	agree	agree strongly	agree	disagree	agree strongly	agree	disagree	disagree	disagree strongly	disagree strongly	agree strongly	agree	disagree strongly	agree	disagree	agree	disagree	agree	disagree	disagree	agree	disagree strongly	agree	agree	disagree	disagree	81	84	85	1	15	8	Selected	State	0	1	high
119	boy	agree	disagree strongly	agree strongly	agree strongly	disagree strongly	agree strongly	disagree strongly	agree strongly	disagree strongly	disagree	5	agree strongly	helemaal niet waar	agree strongly	agree	disagree strongly	agree strongly	agree	agree strongly	disagree strongly	agree strongly	disagree strongly	agree strongly	agree strongly	agree	disagree strongly	agree strongly	agree	disagree strongly	agree	disagree strongly	disagree strongly	disagree strongly	agree strongly	disagree strongly	agree strongly	agree strongly	agree	agree	agree	disagree strongly	disagree	agree strongly	disagree strongly	disagree strongly	agree	agree strongly	disagree	84.91	84.12	84.9	1	10	6	Not Selected	State	0	1	high
121	boy	agree strongly	disagree strongly	agree	agree strongly	disagree strongly	agree strongly	disagree strongly	agree strongly	agree strongly	agree strongly	0	agree strongly	helemaal niet waar	agree strongly	agree strongly	agree strongly	agree strongly	agree strongly	agree strongly	disagree strongly	agree strongly	disagree strongly	agree strongly	agree strongly	agree strongly	disagree strongly	agree strongly	agree strongly	disagree strongly	agree strongly	disagree strongly	disagree strongly	disagree strongly	agree strongly	agree strongly	agree strongly	agree strongly	agree strongly	agree strongly	agree strongly	disagree strongly	disagree strongly	agree strongly	disagree	disagree strongly	agree strongly	agree strongly	agree strongly	92	84.2	84.7	1	2	4	Not Selected	State	0	1	high
129	boy	agree strongly	disagree strongly	agree strongly	disagree strongly	disagree strongly	agree strongly	disagree strongly	agree strongly	agree strongly	disagree strongly	0	agree strongly	helemaal niet waar	disagree	disagree	disagree strongly	agree	agree strongly	agree	disagree strongly	agree strongly	disagree strongly	agree strongly	agree strongly	agree	disagree strongly	agree	agree	disagree strongly	agree	disagree	disagree strongly	disagree strongly	agree strongly	agree strongly	disagree	disagree	agree	agree	disagree strongly	agree strongly	agree strongly	agree strongly	disagree strongly	agree	disagree strongly	disagree strongly	agree	82.13	84.25	80.81	1	2	4	Not Selected	State	0	1	high
126	girl	disagree strongly	agree	disagree strongly	disagree strongly	disagree	agree strongly	agree	disagree strongly	agree	disagree strongly	10	agree strongly	helemaal niet waar	disagree	agree	disagree strongly	agree	agree	agree	disagree strongly	agree	disagree strongly	agree strongly	agree strongly	agree strongly	agree	agree	agree	agree	agree	disagree strongly	disagree strongly	disagree strongly	agree	agree	agree	agree	agree	agree	agree	agree	agree	agree strongly	disagree strongly	agree	agree	disagree strongly	disagree strongly	85.5	84.3	84.7	1	10	6	Selected	State	0	1	high
121	boy	disagree strongly	agree strongly	disagree strongly	disagree strongly	agree strongly	agree strongly	agree strongly	disagree strongly	disagree strongly	disagree strongly	9	agree strongly	helemaal niet waar	agree strongly	agree strongly	disagree strongly	agree strongly	agree strongly	agree strongly	disagree strongly	agree strongly	disagree strongly	agree strongly	agree strongly	agree strongly	disagree strongly	agree strongly	agree strongly	disagree strongly	agree strongly	disagree strongly	agree strongly	disagree strongly	agree strongly	disagree strongly	agree strongly	agree strongly	agree strongly	agree strongly	agree strongly	disagree	disagree strongly	agree strongly	disagree strongly	disagree strongly	agree strongly	disagree strongly	agree strongly	86.9	84.4	85.3	1	13	7	Not Selected	Catholic	1	0	high
127	boy	disagree strongly	agree strongly	disagree strongly	disagree strongly	agree strongly	agree strongly	agree strongly	disagree strongly	disagree strongly	disagree strongly	9	agree strongly	helemaal niet waar	agree strongly	agree strongly	disagree strongly	agree strongly	agree	agree	disagree strongly	agree strongly	disagree strongly	agree strongly	agree strongly	agree	disagree	agree strongly	agree	disagree strongly	agree strongly	disagree	disagree strongly	disagree strongly	agree	agree	agree	agree	agree strongly	agree	agree	disagree strongly	agree	agree strongly	disagree	agree strongly	agree	agree	agree	82	85	81.5	1	8	4	Not Selected	State	0	1	high
124	boy	disagree	disagree strongly	disagree	disagree	disagree strongly	agree strongly	disagree strongly	agree	agree	disagree	4	agree strongly	niet echt waar	agree	agree	disagree strongly	disagree	agree	agree	disagree strongly	agree	disagree strongly	agree	agree strongly	agree	disagree strongly	agree strongly	agree	disagree strongly	disagree	disagree	disagree strongly	disagree strongly	agree	disagree strongly	agree	disagree strongly	agree	agree	agree	agree	agree	agree strongly	disagree strongly	disagree strongly	agree	disagree strongly	agree	87.06	85	89.53	1	8	6	Not Selected	State	0	1	high
126	boy	disagree strongly	agree strongly	disagree	disagree strongly	agree	agree strongly	agree strongly	disagree strongly	disagree strongly	disagree strongly	10	agree strongly	helemaal niet waar	agree strongly	agree strongly	disagree strongly	agree strongly	agree strongly	agree strongly	agree	agree strongly	disagree strongly	agree strongly	agree strongly	agree strongly	disagree strongly	agree strongly	agree	disagree strongly	agree strongly	agree	disagree strongly	disagree strongly	agree strongly	agree	agree strongly	agree strongly	agree strongly	agree strongly	agree strongly	disagree strongly	agree	agree strongly	disagree strongly	disagree strongly	agree	disagree	agree	90.6	85	87.7	1	10	6	Not Selected	State	0	1	high
125	boy	disagree	disagree	disagree strongly	disagree strongly	disagree strongly	agree strongly	disagree strongly	disagree strongly	disagree strongly	disagree strongly	9	agree strongly	een beetje waar	agree	agree strongly	disagree strongly	agree strongly	agree	agree strongly	disagree strongly	agree strongly	disagree strongly	disagree strongly	agree strongly	agree	disagree strongly	agree	agree strongly	disagree strongly	agree strongly	disagree strongly	disagree strongly	disagree strongly	agree	disagree strongly	agree	agree	agree	agree strongly	agree strongly	disagree strongly	disagree strongly	agree strongly	disagree	agree	agree strongly	agree	agree strongly	86.7	85	86.5	1	10	6	Not Selected	State	0	1	high
119	girl	disagree strongly	agree	disagree strongly	disagree strongly	agree	agree strongly	agree	disagree strongly	agree	disagree strongly	9	agree strongly	helemaal niet waar	disagree	agree strongly	agree strongly	agree	agree	agree	disagree strongly	agree strongly	disagree strongly	agree strongly	agree	agree strongly	disagree	disagree	agree	disagree strongly	agree strongly	disagree strongly	disagree strongly	disagree strongly	agree strongly	disagree	agree	agree	agree	agree strongly	agree strongly	agree	disagree	agree strongly	disagree strongly	agree	agree strongly	disagree	agree strongly	91	85	88.2	1	4	6	Selected	Catholic	1	0	high
123	girl	agree	agree strongly	disagree strongly	agree strongly	agree	agree strongly	agree strongly	disagree strongly	disagree strongly	disagree strongly	9	agree	niet echt waar	disagree strongly	agree strongly	disagree strongly	agree	agree	agree	disagree	agree	disagree strongly	disagree strongly	agree strongly	agree strongly	disagree	agree	agree strongly	disagree	disagree	disagree strongly	disagree strongly	agree	agree strongly	disagree	disagree	disagree strongly	agree	agree strongly	agree strongly	agree	disagree strongly	agree strongly	disagree strongly	agree strongly	agree	agree	agree	89.5	85	88.5	1	10	6	Selected	State	0	1	high
128	girl	disagree strongly	agree strongly	disagree strongly	agree strongly	agree	agree strongly	agree strongly	disagree strongly	disagree strongly	disagree strongly	10	agree strongly	helemaal niet waar	agree	agree strongly	disagree strongly	agree	disagree	agree	disagree strongly	agree strongly	disagree strongly	agree strongly	agree strongly	agree	disagree strongly	disagree	disagree	disagree strongly	disagree strongly	disagree	disagree strongly	disagree strongly	disagree	disagree strongly	agree	disagree	agree strongly	agree	disagree	disagree	agree	agree strongly	disagree	agree	disagree	disagree	disagree strongly	88.5	85	88.2	1	10	6	Selected	State	0	1	high
119	girl	disagree	agree	disagree	disagree	agree	agree strongly	agree strongly	disagree strongly	disagree strongly	disagree strongly	9	agree strongly	helemaal niet waar	agree	agree strongly	disagree strongly	agree strongly	agree	agree	disagree strongly	agree	disagree strongly	agree	agree strongly	agree	disagree strongly	agree	agree	disagree strongly	agree	disagree strongly	disagree strongly	disagree	agree	disagree strongly	agree	agree	agree	agree	agree	disagree	disagree	agree strongly	disagree strongly	disagree	agree	disagree	agree	93.1	85	87.6	1	14	9	Selected	State	0	1	high
122	girl	disagree strongly	agree	disagree	disagree strongly	disagree	agree strongly	agree	disagree strongly	disagree strongly	disagree strongly	8	agree strongly	helemaal niet waar	agree	agree	disagree strongly	agree	agree	agree	disagree strongly	agree	disagree strongly	disagree	agree	agree	disagree strongly	agree	agree	disagree strongly	agree	disagree strongly	disagree strongly	disagree strongly	agree	disagree strongly	agree	disagree	agree	agree	agree	disagree strongly	disagree	agree	disagree	disagree	agree	disagree	agree	86.5	85.2	85.2	1	13	6	Selected	COE	0	0	high
123	girl	disagree strongly	agree strongly	disagree	disagree strongly	disagree	agree strongly	agree strongly	disagree strongly	disagree strongly	disagree strongly	9	agree	helemaal niet waar	agree strongly	agree strongly	disagree strongly	agree strongly	agree strongly	agree strongly	agree	agree	disagree strongly	agree strongly	agree	agree strongly	disagree strongly	agree strongly	agree	disagree strongly	agree	disagree strongly	disagree strongly	agree	agree strongly	disagree strongly	agree strongly	agree strongly	agree strongly	agree strongly	agree	disagree strongly	disagree strongly	agree	disagree strongly	disagree strongly	agree	agree	agree	83	85.5	83	0	15	8	Selected	Catholic	1	0	high
131	boy	agree strongly	disagree strongly	agree strongly	agree	disagree strongly	agree	disagree strongly	agree strongly	agree strongly	agree	1	agree strongly	een beetje waar	agree	agree	disagree	agree	agree	agree	disagree strongly	agree	disagree strongly	agree	agree strongly	agree	disagree	disagree	agree	disagree	agree	disagree strongly	disagree	disagree strongly	agree strongly	disagree strongly	agree	agree	agree	agree	agree	disagree	disagree	agree	disagree strongly	disagree	agree	disagree	agree	80	86	86	1	4	2	Not Selected	State	0	1	high
129	boy	disagree	agree strongly	agree strongly	agree	disagree strongly	agree strongly	agree	disagree	agree strongly	agree	7	agree	helemaal niet waar	agree	agree strongly	disagree strongly	disagree	agree	agree strongly	agree	disagree strongly	disagree strongly	agree strongly	disagree	agree	disagree	agree strongly	agree strongly	agree	disagree	disagree strongly	disagree strongly	agree strongly	agree	agree strongly	agree	agree strongly	agree	agree	agree strongly	agree	agree	disagree	disagree	disagree	agree strongly	agree strongly	disagree	88	86	88	1	0	6	Not Selected	State	0	1	high
125	boy	disagree strongly	agree strongly	disagree	disagree strongly	agree	agree strongly	agree strongly	disagree	disagree strongly	disagree strongly	8	agree strongly	helemaal niet waar	agree	disagree	disagree strongly	disagree	agree	disagree	disagree strongly	agree strongly	disagree strongly	agree strongly	agree strongly	agree	disagree	agree strongly	disagree	agree	agree	agree strongly	disagree strongly	disagree strongly	agree	disagree	agree strongly	disagree	disagree	disagree strongly	disagree strongly	agree	disagree strongly	agree strongly	disagree strongly	disagree strongly	disagree	disagree	agree	81.4	86	82.1	0	2	6	Not Selected	State	0	1	high
121	boy	disagree strongly	agree strongly	disagree	disagree strongly	agree	agree strongly	agree strongly	disagree strongly	agree strongly	agree strongly	10	agree strongly	helemaal niet waar	agree strongly	agree	disagree strongly	agree	agree strongly	agree	disagree strongly	disagree strongly	disagree strongly	agree	disagree strongly	agree strongly	disagree	agree strongly	agree strongly	disagree strongly	agree strongly	disagree strongly	disagree strongly	disagree strongly	agree strongly	disagree	disagree strongly	agree	agree	agree strongly	agree strongly	disagree	disagree	agree strongly	disagree strongly	disagree strongly	agree strongly	agree	agree	84	86	85.7	1	16	8	Not Selected	COE	0	0	high
127	girl	disagree	agree strongly	disagree	disagree	disagree strongly	agree strongly	agree strongly	disagree	disagree strongly	disagree strongly	8	disagree	niet echt waar	agree	agree strongly	disagree strongly	disagree	agree strongly	disagree strongly	agree	agree	disagree strongly	agree strongly	agree strongly	agree	agree	agree	agree strongly	disagree	disagree	disagree strongly	disagree strongly	agree	agree	disagree	agree strongly	disagree	agree strongly	agree	agree strongly	disagree	disagree		disagree strongly	agree	agree strongly	agree strongly	agree strongly	92.2	86.1	90	1	8	5	Selected	Catholic	1	0	high
128	boy	disagree strongly	agree strongly	disagree strongly	disagree strongly	agree	agree strongly	agree strongly	disagree strongly	agree strongly	disagree strongly	10	agree strongly	helemaal niet waar	agree strongly	agree	disagree strongly	agree strongly	agree	agree	disagree strongly	agree	disagree strongly	agree strongly	agree strongly	agree	disagree strongly	agree strongly	agree	disagree strongly	agree strongly	agree	disagree strongly	disagree	agree	disagree strongly	agree strongly	agree	agree	agree	disagree	disagree strongly	disagree strongly	agree strongly	disagree strongly	disagree strongly	agree	disagree strongly	agree	85.5	86.25	86	1	14	8	Not Selected	Catholic	1	0	high
129	girl	disagree strongly	agree strongly	disagree	agree	agree	agree strongly	agree	disagree strongly	disagree strongly	disagree strongly	9	agree strongly	helemaal niet waar	agree	agree strongly	disagree strongly	agree	disagree	agree	disagree strongly	agree	disagree strongly	agree strongly	agree strongly	agree	disagree	agree strongly	disagree	disagree strongly	disagree	disagree strongly	disagree strongly	disagree	agree	disagree	disagree	disagree	agree	agree	agree	disagree	agree	agree strongly	agree	disagree	agree	disagree	agree	90	86.25	89.13	1	0	2	Selected	COE	0	0	high
124	girl	agree strongly	agree	agree	disagree	agree strongly	agree strongly	agree	disagree	disagree strongly	disagree strongly	9	agree strongly	helemaal niet waar	agree strongly	agree strongly	disagree strongly	agree	agree strongly	agree	disagree strongly	agree	disagree strongly	agree strongly	agree strongly	agree	disagree strongly	agree strongly	agree strongly	disagree strongly	agree	disagree strongly	disagree strongly	disagree strongly	agree strongly	disagree strongly	agree	disagree	agree	agree strongly	agree strongly	disagree strongly	disagree strongly	agree strongly	disagree strongly	disagree strongly	agree	agree	agree	87.3	86.3	87	1	10	6	Selected	State	0	1	high
127	boy	disagree strongly	agree strongly	disagree	disagree strongly	agree	agree strongly	agree strongly	disagree	disagree	disagree strongly	9	agree	niet echt waar	agree strongly	agree	disagree strongly	agree	disagree	agree	agree	agree strongly	disagree strongly	agree strongly	agree strongly	agree	disagree strongly	agree strongly	agree	disagree strongly	agree	disagree strongly	disagree strongly	disagree	agree	disagree	agree strongly	agree strongly	agree	agree	agree	disagree	disagree strongly	agree strongly	disagree strongly	disagree strongly	agree	agree	agree	87.33	86.33	86	1	10	6	Not Selected	State	0	1	high
123	boy	disagree strongly	disagree strongly	agree strongly	disagree	disagree strongly	agree strongly	disagree strongly	agree strongly	disagree	disagree strongly	2	agree strongly	helemaal niet waar	disagree	disagree	disagree	disagree	agree strongly	agree	disagree strongly	agree strongly	disagree strongly	agree	agree strongly	agree strongly	disagree strongly	agree	agree	agree	agree strongly	agree	disagree strongly	disagree strongly	agree strongly	disagree	disagree strongly	agree	agree	agree	disagree	disagree	disagree strongly	agree strongly	disagree strongly	agree	agree	disagree strongly	disagree	83.3	86.5	84.8	1	10	6	Not Selected	State	0	1	high
123	boy	disagree strongly	agree strongly	disagree strongly	agree strongly	agree strongly	agree strongly	agree strongly	disagree strongly	disagree strongly	disagree strongly	10	agree strongly	helemaal niet waar	agree	agree strongly	disagree strongly	disagree strongly	agree strongly	agree strongly	disagree strongly	agree strongly	disagree strongly	disagree	agree strongly	agree strongly	agree strongly	agree strongly	agree	disagree strongly	agree strongly	disagree strongly	disagree strongly	disagree strongly	agree strongly	agree	disagree	agree strongly	agree strongly	agree strongly	agree	disagree strongly	agree strongly	agree strongly	disagree strongly	disagree strongly	agree strongly	disagree strongly	agree strongly	88.3	86.7	88.1	1	10	7	Not Selected	State	0	1	high
123	girl	agree	agree	disagree	agree	agree	agree	disagree	agree	agree	disagree	7	agree	helemaal niet waar	disagree	agree	disagree strongly	agree	agree	disagree	disagree strongly	agree	disagree strongly	agree	agree strongly	disagree	disagree	agree	disagree	disagree	disagree	disagree strongly	disagree strongly	agree strongly	agree	disagree	agree	disagree	agree	disagree	agree	agree	disagree	agree	disagree	disagree	agree	disagree	agree	88.87	86.87	87.87	1	2	4	Selected	State	0	1	high
131	girl	disagree	disagree	agree	disagree	disagree	agree	agree	agree	disagree	disagree	7	agree strongly	helemaal waar	agree strongly	agree	disagree strongly	agree strongly	agree	agree	disagree strongly	agree strongly	disagree strongly	agree strongly	agree strongly	agree	disagree strongly	agree strongly	agree strongly	disagree	agree	disagree	disagree strongly	disagree strongly	agree	disagree	agree	agree	agree	agree	agree	disagree strongly	disagree	agree	disagree strongly	disagree strongly	agree	agree	disagree	87.12	86.88	87	1	10	8	Selected	Catholic	1	0	high
119	boy	agree	disagree strongly	disagree strongly	disagree strongly	disagree strongly	agree strongly	disagree strongly	disagree	agree strongly	disagree strongly	4	agree strongly	helemaal niet waar	agree	disagree strongly	disagree strongly	agree strongly	agree strongly	disagree	disagree	agree strongly	disagree strongly	agree strongly	agree strongly	agree strongly	disagree strongly	agree strongly	disagree strongly	disagree	agree strongly	agree strongly	disagree strongly	disagree strongly	agree strongly	disagree strongly	agree strongly	agree strongly	agree strongly	agree	disagree strongly	disagree strongly	disagree	agree strongly	disagree strongly	disagree strongly	disagree	disagree strongly	disagree	83.25	87	85	1	15	6	Not Selected	State	0	1	high
122	girl	disagree	agree strongly	disagree strongly	disagree strongly	agree strongly	agree strongly	agree strongly	disagree strongly	disagree strongly	disagree strongly	10	disagree	helemaal niet waar	agree	agree strongly	disagree strongly	disagree	agree strongly	agree strongly	disagree	agree strongly	disagree strongly	agree strongly	disagree	agree	agree strongly	agree strongly	agree strongly	agree	agree strongly	disagree strongly	disagree strongly	disagree strongly	agree strongly	disagree strongly	disagree	disagree strongly	agree strongly	agree strongly	agree strongly	disagree strongly	agree	agree strongly	disagree strongly	disagree strongly	agree strongly	disagree strongly	disagree	86	87	87.3	0	2	4	Selected	State	0	1	high
124	boy	disagree	agree	disagree strongly	disagree strongly	agree	agree strongly	disagree	agree	disagree	disagree strongly	8	agree strongly	helemaal waar	agree	agree	disagree strongly	agree strongly	agree strongly	agree	disagree strongly	agree strongly	disagree strongly	agree	agree strongly	agree strongly	disagree	agree strongly	disagree	disagree strongly	agree strongly	agree	disagree strongly	disagree strongly	agree strongly	disagree	agree	agree	agree	agree	disagree	agree	agree	agree strongly	disagree strongly	disagree	agree	disagree strongly	agree	85.93	87.06	87.6	1	14	8	Not Selected	COE	0	0	high
121	girl	disagree	agree strongly	agree	disagree strongly	disagree	agree strongly	agree	disagree strongly	disagree	disagree strongly	8	agree strongly	helemaal niet waar	agree strongly	agree	disagree	agree strongly	agree strongly	agree strongly	agree	agree	disagree strongly	disagree	agree strongly	agree	agree	agree strongly	agree strongly	disagree strongly	agree strongly	disagree strongly	disagree strongly	disagree strongly	agree strongly	agree	agree	agree	agree strongly	agree	agree strongly	disagree	disagree strongly	agree strongly	disagree strongly	disagree strongly	agree	agree strongly	disagree	87.3	87.1	90	1	16	5	Selected	Catholic	1	0	high
120	girl	disagree strongly	agree strongly	disagree strongly	disagree strongly	agree strongly	agree strongly	agree strongly	disagree	disagree strongly	disagree strongly	10	agree strongly	helemaal waar	agree	agree	disagree strongly	agree	disagree	agree	disagree strongly	agree	disagree strongly	agree strongly	agree strongly	agree	agree	agree strongly	agree	disagree strongly	agree	disagree	disagree strongly	disagree strongly	agree	agree	disagree	disagree	agree	agree	agree	disagree	disagree	agree strongly	disagree strongly	disagree	agree	disagree	agree	85.2	87.1	88.1	1	15	8	Selected	State	0	1	high
121	boy	disagree strongly	agree	disagree strongly	disagree strongly	disagree	agree strongly	agree	disagree strongly	disagree strongly	disagree strongly	10	agree strongly	helemaal niet waar	agree strongly	agree strongly	disagree strongly	agree strongly	agree strongly	agree strongly	disagree strongly	agree strongly	disagree strongly	agree strongly	agree strongly	agree	disagree strongly	agree strongly	agree strongly	disagree strongly	agree strongly	disagree strongly	disagree strongly	disagree strongly	agree strongly	disagree strongly	agree strongly	agree strongly	agree strongly	agree	agree	disagree strongly	disagree strongly	agree strongly	disagree strongly	disagree strongly	agree	agree	disagree	86.67	87.14	86.84	1	10	6	Not Selected	State	0	1	high
122	boy	disagree strongly	agree	agree	disagree	disagree	agree strongly	agree	disagree strongly	disagree	disagree strongly	9	agree strongly	helemaal niet waar	agree	agree	disagree strongly	agree strongly	agree	agree	disagree strongly	agree strongly	disagree strongly	agree strongly	agree strongly	agree	disagree strongly	agree strongly	agree	disagree strongly	agree strongly	disagree	disagree strongly	disagree strongly	agree	disagree strongly	agree	agree strongly	agree strongly	agree	agree	disagree strongly	disagree strongly	agree strongly	disagree strongly	disagree strongly	agree	disagree strongly	disagree	89.6	87.4	86.5	1	18	8	Not Selected	COE	0	0	high
124	boy	disagree	agree strongly	disagree	disagree strongly	disagree	agree strongly	agree strongly	disagree strongly	disagree strongly	disagree strongly	9	agree strongly	helemaal niet waar	agree	disagree	agree strongly	agree	agree strongly	disagree	disagree strongly	agree strongly	disagree strongly	agree strongly	agree strongly	agree strongly	agree	agree	disagree	disagree	agree	disagree	disagree strongly	agree strongly	agree strongly	agree	agree	agree	agree	agree	disagree	agree	agree	agree strongly	disagree strongly	disagree	disagree	disagree strongly	disagree	84	87.45	89.6	1	8	5	Not Selected	State	0	1	high
124	girl	disagree strongly	agree strongly	agree strongly	disagree strongly	agree strongly	agree strongly	agree strongly	disagree strongly	disagree strongly	disagree strongly	10	agree strongly	helemaal niet waar	agree	agree strongly	disagree strongly	agree strongly	agree strongly	agree strongly	disagree strongly	disagree	disagree strongly	agree strongly	agree strongly	agree strongly	agree strongly	agree strongly	agree strongly	disagree strongly	agree	disagree	disagree strongly	disagree strongly	agree strongly	disagree	agree strongly	disagree	agree strongly	agree strongly	agree strongly	disagree strongly	disagree strongly	agree strongly	disagree strongly	disagree strongly	agree strongly	agree strongly	agree strongly	81.7	87.5	87.5	1	6	4	Selected	State	0	1	high
129	girl	disagree strongly	agree strongly	disagree	disagree strongly	agree strongly	agree strongly	agree strongly	disagree strongly	disagree strongly	disagree strongly	10	agree strongly	een beetje waar	disagree	agree strongly	disagree strongly	agree strongly	agree strongly	agree strongly	agree	agree	disagree strongly	agree	agree	agree strongly	disagree	disagree	agree	disagree strongly	agree	disagree strongly	disagree strongly	agree	agree strongly	disagree	agree strongly	agree	agree strongly	agree strongly	agree strongly	agree	agree	agree	disagree strongly	disagree	agree	agree	agree strongly	80.5	87.5	85.5	1	10	6	Selected	State	0	1	high
119	girl	disagree strongly	agree strongly	disagree	agree strongly	agree	agree strongly	agree strongly	disagree strongly	disagree strongly	disagree strongly	9	agree strongly	helemaal waar	agree strongly	agree	disagree strongly	agree strongly	agree	agree	disagree strongly	agree strongly	disagree strongly	agree strongly	agree strongly	agree	disagree strongly	agree strongly	agree	disagree strongly	agree strongly	disagree	disagree strongly	disagree strongly	agree strongly	disagree strongly	agree strongly	agree strongly	agree strongly	agree strongly	agree strongly	disagree strongly	agree	agree strongly	disagree	disagree strongly	agree strongly	disagree strongly	agree strongly	81.8	87.6	84.7	1	13	7	Selected	State	0	1	high
120	boy	disagree	agree strongly	agree strongly	disagree strongly	agree strongly	agree strongly	agree strongly	disagree	disagree strongly	disagree strongly	9	agree strongly	niet echt waar	agree strongly	agree strongly	disagree strongly	agree strongly	agree strongly	agree strongly	disagree strongly	disagree	disagree strongly	agree strongly	agree strongly	agree strongly	disagree	agree strongly	agree	disagree strongly	agree strongly	disagree strongly	disagree strongly	disagree	agree strongly	disagree	agree	disagree strongly	disagree	agree	agree	disagree strongly	disagree	agree strongly	disagree strongly	disagree strongly	agree	disagree strongly	agree strongly	93	87.7	91.2	1	10	6	Not Selected	State	0	1	high
124	boy	disagree	disagree	agree	agree	disagree strongly	agree strongly	disagree	disagree	disagree strongly	disagree strongly	4	agree strongly	helemaal niet waar	agree	agree	disagree strongly	agree	agree strongly	agree	disagree strongly	agree strongly	disagree strongly	agree strongly	agree strongly	agree	disagree strongly	agree	agree	agree	agree	agree	disagree strongly	disagree strongly	agree strongly	disagree	agree	agree	agree	agree strongly	disagree	agree	agree	agree	disagree strongly	agree	disagree	disagree	agree	89	88	89	1	11	6	Not Selected	State	0	1	high
123	girl	agree	agree strongly	agree	disagree	agree	agree strongly	agree	agree	disagree	disagree strongly	8	agree	een beetje waar	disagree	agree strongly	disagree strongly	agree strongly	agree	agree strongly	disagree	agree	disagree strongly	agree	agree strongly	disagree	agree	disagree strongly	agree strongly	disagree	disagree	disagree strongly	disagree strongly	agree	agree	agree	agree	agree	agree	agree strongly	agree	agree strongly	disagree strongly	agree strongly	disagree strongly	agree	agree	agree	disagree	91	88	90	1	6	4	Selected	State	0	1	high
125	boy	disagree	disagree	agree	agree strongly	disagree strongly	agree strongly	disagree	disagree	disagree	disagree strongly	9	agree strongly	een beetje waar	agree	disagree	disagree strongly	agree	agree	disagree	disagree strongly	agree strongly	disagree strongly	disagree	agree strongly	disagree	disagree	agree strongly	agree	disagree strongly	agree	disagree	disagree strongly	disagree strongly	disagree	disagree	agree	agree	disagree strongly	disagree strongly	disagree	disagree	disagree strongly	agree strongly	disagree strongly	disagree strongly	disagree strongly	agree	agree	89.38	88.1	88.37	1	12	10	Not Selected	COE	0	0	high
119	girl	disagree strongly	agree	disagree strongly	disagree	disagree strongly	agree strongly	agree	disagree	disagree strongly	disagree strongly	8	disagree	een beetje waar	agree	agree	disagree strongly	agree	agree	agree	disagree	disagree strongly	disagree strongly	agree strongly	agree strongly	agree	agree	agree strongly	agree	disagree strongly	disagree	disagree strongly	disagree strongly	agree	agree	agree	agree		disagree	agree	agree strongly	disagree strongly	agree	agree strongly	disagree strongly	disagree	agree	agree	agree	87.7	88.2	88.1	1	4	6	Selected	Catholic	1	0	high
124	girl	disagree strongly	agree strongly	agree	disagree strongly	agree strongly	disagree strongly	agree strongly	disagree strongly	disagree strongly	disagree strongly	9	agree strongly	helemaal niet waar	agree strongly	agree strongly	disagree strongly	agree strongly	agree strongly	agree strongly	disagree strongly	disagree	disagree strongly	agree	agree strongly	agree	agree	agree strongly	agree	disagree	agree strongly	disagree strongly	disagree strongly	agree	agree strongly	agree	agree strongly	agree	agree strongly	agree	agree	disagree strongly	disagree strongly	agree strongly	disagree strongly	disagree strongly	agree	agree strongly	agree strongly	85	88.3	86.8	1	2	3	Selected	State	0	1	high
124	girl	disagree strongly	agree strongly	disagree strongly	disagree strongly	agree	agree strongly	agree	disagree	disagree strongly	disagree strongly	8	agree strongly	helemaal niet waar	disagree	agree	disagree strongly	agree	agree	agree strongly	disagree strongly	disagree	disagree strongly	agree strongly	agree strongly	agree	disagree strongly	agree strongly	agree	disagree	disagree	disagree strongly	disagree strongly	disagree strongly	agree	disagree strongly	agree	disagree	agree	agree	disagree	disagree strongly	disagree	agree strongly	disagree strongly	agree	agree	disagree	disagree	83.57	88.39	82.45	1	15	7	Selected	State	0	1	high
120	girl	disagree strongly	agree strongly	agree	disagree strongly	agree	agree strongly	agree strongly	disagree strongly	disagree strongly	disagree strongly	10	agree strongly	niet echt waar	agree	agree strongly	disagree strongly	disagree	agree strongly	agree strongly	agree	agree strongly	disagree strongly	agree	agree strongly	agree strongly	agree	agree	agree strongly	agree strongly	agree strongly	disagree strongly	disagree strongly	disagree strongly	disagree strongly	agree	agree	agree strongly	agree strongly	agree strongly	agree strongly	disagree	disagree strongly	agree strongly	disagree strongly	disagree	agree strongly	disagree	agree	83.9	88.4	85.1	1	6	4	Selected	State	0	1	high
127	girl	disagree	agree	agree strongly	agree strongly	disagree	agree strongly	agree	agree	disagree strongly	disagree strongly	9	agree strongly	een beetje waar	disagree	agree	agree strongly	disagree strongly	agree strongly	agree	disagree strongly	agree strongly	disagree strongly	disagree	agree strongly	agree strongly	agree strongly	agree	agree	agree	disagree	agree	disagree strongly	disagree strongly	agree strongly	agree strongly	agree	agree strongly	agree strongly	agree strongly	agree	disagree	agree	agree strongly	disagree strongly	agree	agree	disagree strongly	disagree strongly	83.1	88.4	86.4	1	10	6	Selected	State	0	1	high
126	girl	disagree strongly	agree	agree	agree strongly	agree	agree strongly	agree	disagree	disagree strongly	agree	9	agree strongly	helemaal niet waar	agree strongly	agree strongly	disagree strongly	agree strongly	disagree	agree	disagree strongly	agree	disagree strongly	agree	agree strongly	disagree	disagree	agree strongly	disagree	disagree strongly	agree strongly	disagree strongly	disagree strongly	disagree	disagree	disagree strongly	agree strongly	agree	agree strongly	disagree	agree strongly	disagree strongly	disagree	agree strongly	agree	disagree strongly	agree	agree strongly	agree strongly	90.75	88.5	90	1	10	6	Selected	State	0	1	high
130	girl	disagree strongly	agree strongly	disagree strongly	disagree strongly	agree	agree strongly	agree strongly	disagree strongly	disagree strongly	disagree strongly	10	agree strongly	helemaal niet waar	agree strongly	agree strongly	disagree strongly	agree	agree	agree	disagree strongly	agree strongly	disagree strongly	agree strongly	agree strongly	agree	disagree strongly	agree strongly	agree	disagree strongly	agree	disagree strongly	disagree strongly	disagree strongly	agree	disagree strongly	agree	agree	agree	agree	agree	disagree strongly	disagree	agree strongly	disagree strongly	disagree strongly	agree	disagree strongly	agree	91.2	88.5	89.8	1	16	9	Selected	State	0	1	high
121	boy	agree	disagree strongly	agree strongly	agree strongly	disagree strongly	agree	disagree	agree strongly	agree	agree strongly	3	agree strongly	helemaal niet waar	agree strongly	agree	agree	agree	agree strongly	agree strongly	disagree	agree strongly	disagree strongly	disagree strongly	agree strongly	agree strongly	agree	agree strongly	agree strongly	agree	agree strongly	disagree	agree	disagree strongly	agree strongly	disagree	agree	agree	agree	agree	agree	disagree	disagree	agree	disagree strongly	disagree strongly	agree	agree	disagree	86.25	88.6	87.5	0	16	9	Not Selected	COE	0	0	high
131	boy	disagree strongly	disagree strongly	disagree strongly	agree strongly	disagree	agree strongly	agree strongly	disagree strongly	disagree strongly	disagree strongly	9	agree strongly	helemaal niet waar	agree strongly	agree strongly	disagree strongly	agree	agree strongly	agree strongly	disagree strongly	agree strongly	disagree strongly	agree strongly	agree strongly	agree	disagree strongly	agree strongly	agree strongly	disagree strongly	agree strongly	disagree strongly	disagree strongly	disagree strongly	agree strongly	disagree strongly	agree	agree	agree strongly	agree strongly	agree strongly	disagree strongly	disagree strongly	agree strongly	disagree strongly	disagree strongly	agree	disagree strongly	agree	85.11	88.81	86.39	1	10	6	Not Selected	State	0	1	high
125	boy	agree strongly	disagree strongly	agree strongly	agree strongly	disagree strongly	agree strongly	disagree strongly	agree strongly	disagree	agree strongly	0	agree strongly	helemaal niet waar	agree strongly	agree strongly	disagree strongly	agree strongly	agree strongly	agree strongly	agree	agree strongly	disagree strongly	disagree	agree strongly	agree strongly	agree	agree strongly	agree strongly	disagree strongly	agree strongly	disagree strongly	disagree strongly	disagree	agree strongly	disagree strongly	disagree	agree strongly	agree	agree strongly	agree strongly	agree strongly	agree strongly	agree strongly	disagree strongly	agree strongly	agree strongly	disagree	disagree	91	89	90	0	3	7	Not Selected	State	0	1	high
130	girl	disagree	agree	disagree	disagree	disagree	agree	agree	disagree	disagree strongly	disagree strongly	10	agree	een beetje waar	disagree	agree	disagree	agree strongly	disagree	disagree	disagree strongly	disagree	disagree strongly	agree	agree strongly	agree	disagree	agree strongly	disagree	disagree strongly	disagree	disagree strongly	disagree	disagree	disagree	disagree	disagree	disagree	agree	disagree	agree	disagree	disagree	agree	disagree	disagree	agree	disagree	disagree	94	89	91	1	0	7	Selected	State	0	1	high
122	girl	disagree	agree	agree	agree	disagree strongly	disagree strongly	disagree strongly	disagree	disagree	disagree	5	agree	niet echt waar	agree strongly	agree	disagree strongly	agree	agree	agree strongly	agree	agree	disagree strongly	agree strongly	agree strongly	agree	agree strongly	agree strongly	agree strongly	disagree	agree	disagree strongly	disagree strongly	agree	agree	agree strongly	agree	disagree strongly	agree	agree	agree	disagree strongly	disagree strongly	agree strongly	disagree strongly	disagree strongly	agree	agree	agree	86.7	89.2	86.7	1	8	6	Selected	Catholic	1	0	high
127	boy	disagree strongly	agree strongly	disagree	agree	disagree	agree strongly	agree strongly	disagree strongly	disagree strongly	disagree strongly	8	agree strongly	helemaal niet waar	agree	agree	disagree strongly	agree strongly	agree strongly	agree strongly	disagree strongly	agree strongly	disagree strongly	agree strongly	agree strongly	agree strongly	agree	agree	agree strongly	disagree strongly	agree	agree	disagree strongly	disagree strongly	agree strongly	agree	agree strongly	disagree	agree	agree strongly	agree	disagree strongly	disagree strongly	agree strongly	disagree strongly	disagree strongly	agree	disagree strongly	agree	90	89.21	88.7	1	14	8	Not Selected	Catholic	1	0	high
123	boy	disagree strongly	agree strongly	disagree strongly	disagree strongly	agree	agree strongly	agree strongly	disagree strongly	disagree strongly	disagree strongly	8	agree strongly	niet echt waar	agree strongly	agree strongly	disagree strongly	agree strongly	agree strongly	agree strongly	disagree strongly	agree strongly	disagree strongly	agree strongly	agree strongly	agree strongly	disagree strongly	agree strongly	agree	disagree strongly	agree	disagree strongly	disagree strongly	disagree strongly	agree strongly	agree	agree	agree strongly	agree strongly	agree	agree	disagree	disagree	agree strongly	disagree strongly	disagree strongly	agree	disagree	disagree	86.63	89.5	88.06	1	4	4	Not Selected	State	0	1	high
120	boy	disagree strongly	agree strongly	disagree	disagree strongly	agree strongly	agree strongly	agree strongly	disagree strongly	disagree strongly	disagree strongly	10	agree strongly	helemaal niet waar	agree strongly	agree strongly	disagree strongly	agree strongly	agree strongly	agree strongly	disagree strongly	agree	disagree strongly	agree strongly	agree strongly	agree strongly	disagree strongly	agree strongly	agree strongly	disagree strongly	agree strongly	disagree strongly	disagree strongly	disagree strongly	agree strongly	disagree strongly	agree	agree	agree strongly	agree strongly	agree strongly	disagree strongly	disagree strongly	agree strongly	disagree strongly	disagree strongly	agree strongly	disagree	disagree	90	89.5	90	1	14	8	Not Selected	Catholic	1	0	high
125	boy	agree	disagree	agree strongly	disagree	agree	agree strongly	agree	agree	disagree	disagree strongly	8	agree strongly	helemaal niet waar	agree	agree strongly	disagree strongly	disagree	agree strongly	agree strongly	disagree strongly	agree strongly	disagree strongly	agree strongly	agree strongly	agree strongly	disagree strongly	agree	agree strongly	disagree	agree	disagree strongly	disagree strongly	disagree strongly	agree strongly	disagree	agree	agree strongly	agree strongly	agree	agree strongly	agree	disagree strongly	agree strongly	disagree strongly	disagree	agree strongly	disagree	agree strongly	88.88	89.86	89.31	1	6	4	Not Selected	State	0	1	high
120	boy	agree	disagree strongly	agree strongly	agree strongly	disagree strongly	agree	disagree strongly	agree strongly	agree strongly	agree strongly	0	agree strongly	niet echt waar	agree strongly	agree	disagree strongly	agree	agree strongly	agree	disagree	agree strongly	disagree strongly	agree strongly	agree strongly	agree strongly	disagree strongly	agree strongly	agree strongly	disagree	agree strongly	disagree strongly	disagree strongly	disagree strongly	agree strongly	disagree strongly	agree	agree	agree strongly	agree strongly	agree	disagree strongly	disagree strongly	agree strongly	disagree strongly	disagree strongly	agree	disagree	agree strongly	89	90	90.5	1	12	6	Not Selected	State	0	1	high
118	boy	disagree strongly	agree strongly	disagree	disagree strongly	disagree strongly	agree strongly	agree	disagree strongly	disagree strongly	disagree strongly	10	agree strongly	helemaal waar	agree strongly	agree strongly	disagree strongly	agree	agree strongly	agree	disagree strongly	agree	disagree strongly	agree strongly	agree strongly	agree	disagree	agree strongly	agree strongly	disagree strongly	agree strongly	disagree strongly	disagree strongly	disagree strongly	agree strongly	disagree	agree	agree	agree	agree	agree strongly	disagree	disagree	agree strongly	disagree strongly	disagree strongly	agree	disagree strongly	agree	87	90	86.8	1	10	6	Not Selected	State	0	1	high
128	boy	agree strongly	agree strongly	agree strongly	agree strongly	agree strongly	agree strongly	agree strongly	disagree strongly	disagree strongly	disagree strongly	9	agree strongly	helemaal niet waar	disagree	agree strongly	disagree strongly	agree	agree	agree strongly	disagree strongly	agree	disagree strongly	agree strongly	agree strongly	agree	disagree strongly	agree strongly	agree strongly	disagree strongly	agree strongly	disagree strongly	disagree strongly	disagree strongly	agree strongly	agree	agree	disagree	agree strongly	agree strongly	agree strongly	disagree strongly	disagree strongly	agree	disagree strongly	disagree	agree strongly	disagree	agree	91	90	92	1	0	7	Not Selected	State	0	1	high
129	girl	agree strongly	agree strongly	disagree strongly	disagree strongly	disagree	agree strongly	agree strongly	disagree strongly	disagree strongly	disagree strongly	8	agree strongly	helemaal niet waar	agree	agree strongly	disagree strongly	agree strongly	agree strongly	agree strongly	agree strongly	agree strongly	disagree strongly	agree	agree	agree strongly	disagree strongly	agree	agree strongly	disagree strongly	agree strongly	disagree strongly	disagree strongly	disagree	agree strongly	disagree	agree	agree	agree strongly	agree strongly	agree strongly	disagree strongly	disagree strongly	agree strongly	disagree strongly	disagree strongly	agree	agree strongly	agree	91.5	90	90.7	0	15	6	Selected	COE	0	0	high
127	boy	disagree strongly	agree strongly	disagree	disagree strongly	disagree strongly	agree strongly	agree strongly	disagree	disagree strongly	disagree strongly	8	agree strongly	niet echt waar	agree	agree strongly	disagree strongly	agree strongly	agree strongly	agree	disagree	agree	disagree strongly	agree strongly	agree strongly	agree strongly	disagree	agree strongly	agree strongly	disagree strongly	agree	disagree strongly	disagree strongly	disagree	agree strongly	disagree strongly	agree strongly	agree strongly	agree	agree strongly	agree strongly	disagree strongly	disagree strongly	agree strongly	disagree strongly	disagree strongly	agree	agree	agree strongly	89.1	90.2	88.8	1	12	4	Not Selected	State	0	1	high
123	girl	disagree strongly	agree strongly	disagree strongly	agree strongly	agree strongly	agree	agree strongly	disagree strongly	disagree strongly	disagree strongly	10	agree strongly	een beetje waar	agree	disagree	disagree strongly	agree	agree	disagree	disagree strongly	agree	disagree strongly	agree strongly	agree strongly	agree	agree strongly	agree strongly	agree	disagree strongly	disagree strongly	disagree strongly	disagree strongly	agree	agree	agree strongly	agree strongly	disagree	agree	disagree strongly	disagree	agree strongly	agree strongly	agree strongly	disagree	disagree strongly	disagree	disagree	agree	89.2	90.4	89.8	1	10	6	Selected	State	0	1	high
120	girl	disagree	agree strongly	agree	disagree strongly	agree	agree strongly	disagree	agree strongly	disagree	disagree strongly	0	agree strongly	een beetje waar	agree	agree strongly	disagree strongly	agree	agree strongly	agree strongly	disagree strongly	agree	disagree strongly	agree	agree strongly	agree strongly	disagree strongly	agree strongly	agree strongly	disagree strongly	agree	agree	disagree strongly	disagree strongly	agree strongly	disagree	agree strongly	agree strongly	agree strongly	agree strongly	agree	agree	agree	agree strongly	disagree strongly	agree	agree	agree	agree	85	90.5	90	1	8	6	Selected	State	0	1	high
123	boy	disagree	agree	agree strongly	agree	disagree	agree strongly	disagree	agree	disagree	disagree strongly	5	agree strongly	helemaal niet waar	agree strongly	agree strongly	disagree strongly	agree	agree strongly	agree strongly	disagree strongly	agree strongly	disagree strongly	agree strongly	agree strongly	agree strongly	disagree strongly	agree strongly	agree strongly	disagree strongly	agree	disagree	disagree strongly	agree strongly	agree strongly	disagree strongly	agree strongly	agree strongly	agree strongly	agree strongly	agree strongly	disagree strongly	disagree strongly	agree strongly	disagree strongly	disagree strongly	agree	disagree strongly	agree strongly	91.8	90.6	89.8	1	9	5	Not Selected	State	0	1	high
126	boy	disagree strongly	disagree strongly	disagree strongly	disagree strongly	disagree	disagree strongly	agree	disagree strongly	disagree strongly	disagree strongly	9	agree strongly	helemaal niet waar	agree strongly	agree	disagree strongly	agree strongly	agree strongly	agree strongly	disagree strongly	agree strongly	disagree strongly	agree strongly	agree strongly	agree strongly	disagree strongly	agree strongly	agree strongly	disagree strongly	agree strongly	disagree strongly	disagree strongly	disagree strongly	agree strongly	disagree strongly	agree strongly	agree strongly	agree strongly	agree strongly	agree strongly	disagree strongly	disagree strongly	agree strongly	disagree strongly	disagree strongly	agree strongly	disagree strongly	agree strongly	91.8	90.6	91	0	10	6	Not Selected	State	0	1	high
123	girl	disagree strongly	agree strongly	disagree strongly	disagree strongly	agree	agree strongly	agree strongly	disagree strongly	disagree strongly	disagree strongly	10	agree strongly	helemaal niet waar	disagree	agree strongly	disagree strongly	agree strongly	agree strongly	agree	disagree strongly	agree	disagree strongly	agree strongly	agree strongly	agree strongly	disagree strongly	agree	agree	disagree strongly	agree	disagree strongly	disagree strongly	disagree strongly	agree strongly	disagree	disagree	agree	agree strongly	agree strongly	agree strongly	agree	agree	agree strongly	disagree strongly	agree	agree strongly	agree strongly	agree	89.8	90.7	90.3	1	18	5	Selected	Catholic	1	0	high
127	girl	agree	agree strongly	disagree	disagree strongly	disagree	agree strongly	agree strongly	disagree	disagree strongly	disagree strongly	10	agree strongly	een beetje waar	disagree	agree strongly	disagree strongly	agree	agree strongly	agree strongly	disagree strongly	agree	disagree strongly	agree strongly	agree strongly	agree strongly	agree strongly	agree	agree strongly	disagree	agree strongly	disagree strongly	disagree strongly	agree	agree strongly	agree	agree strongly	disagree	agree	agree strongly	agree strongly	agree	disagree	agree strongly	disagree strongly	agree	agree strongly	disagree	disagree	93.7	91	94.4	0	0	2	Selected	COE	0	0	high
121	girl	disagree strongly	agree strongly	agree	disagree strongly	disagree strongly	agree strongly	agree strongly	disagree strongly	disagree strongly	disagree strongly	9	agree	niet echt waar	disagree	agree	disagree strongly	agree strongly	agree strongly	agree	disagree	agree strongly	disagree strongly	agree strongly	agree strongly	agree	agree	agree	agree	disagree strongly	agree	disagree	disagree strongly	agree	agree	disagree	agree strongly	disagree	agree	agree	agree	disagree	disagree strongly	agree strongly	disagree strongly	disagree	agree	disagree	agree strongly	88.4	91.1	89.5	1	8	5	Selected	Catholic	1	0	high
118	girl	disagree strongly	disagree strongly	disagree strongly	agree	agree strongly	agree strongly	agree strongly	disagree strongly	agree	disagree strongly	10	agree strongly	helemaal niet waar	disagree	agree strongly	disagree strongly	agree strongly	agree strongly	agree strongly	disagree	agree	disagree strongly	agree strongly	agree strongly	agree	disagree strongly	agree strongly	agree strongly	disagree strongly	agree	disagree strongly	disagree strongly	disagree	agree strongly	disagree	agree strongly	agree	agree	agree	agree strongly	agree	disagree strongly	agree strongly	disagree strongly	disagree	agree strongly	disagree	agree strongly	91.6	91.1	90.2	1	10	6	Selected	State	0	1	high
129	boy	disagree strongly	agree strongly	disagree	disagree strongly	agree	agree strongly	agree strongly	disagree strongly	disagree strongly	disagree strongly	10	agree strongly	helemaal niet waar	agree	agree strongly	disagree strongly	agree strongly	agree strongly	agree	disagree strongly	agree strongly	disagree strongly	agree strongly	agree strongly	agree strongly	disagree strongly	agree strongly	agree strongly	disagree strongly	disagree strongly	disagree strongly	disagree strongly	disagree strongly	agree strongly	disagree strongly	agree strongly	agree	agree	agree strongly	agree strongly	agree	disagree strongly	agree strongly	disagree strongly	disagree strongly	agree strongly	disagree strongly	disagree strongly	85	91.25	91.63	1	3	3	Not Selected	State	0	1	high
119	girl	disagree strongly	agree strongly	agree	disagree strongly	agree strongly	agree strongly	agree strongly	disagree strongly	disagree strongly	disagree strongly	10	agree strongly	helemaal niet waar	agree strongly	agree strongly	disagree strongly	agree strongly	agree strongly	agree strongly	disagree strongly	agree strongly	disagree strongly	agree strongly	agree strongly	agree strongly	disagree strongly	agree strongly	agree	disagree strongly	agree	disagree strongly	disagree strongly	disagree strongly	agree strongly	disagree strongly	agree strongly	agree	agree strongly	agree strongly	agree strongly	disagree strongly	disagree strongly	agree strongly	disagree strongly	disagree strongly	agree strongly	disagree strongly	agree	88.1	91.3	87.3	1	10	6	Selected	State	0	1	high
125	boy	disagree strongly	disagree	agree	disagree strongly	disagree	agree strongly	agree	disagree strongly	agree strongly	disagree strongly	9	agree strongly	helemaal niet waar	agree strongly	agree strongly	disagree strongly	agree	agree strongly	agree strongly	disagree strongly	agree strongly	disagree strongly	agree	agree	agree strongly	disagree strongly	agree strongly	agree strongly	disagree strongly	agree strongly	disagree strongly	disagree strongly	disagree strongly	agree strongly	agree	agree	disagree	agree	agree strongly	agree strongly	agree	disagree strongly	agree strongly	disagree strongly	disagree strongly	agree strongly	disagree	agree strongly	90.7	91.5	92	1	6	5	Not Selected	State	0	1	high
128	boy	agree	disagree strongly	disagree	disagree	disagree strongly	agree strongly	disagree strongly	agree	agree	agree	8	agree strongly	helemaal waar	agree strongly	agree	disagree strongly	disagree	agree strongly	agree	disagree strongly	agree strongly	disagree strongly	agree strongly	agree strongly	agree strongly	disagree	agree strongly	agree	agree	agree	disagree strongly	disagree	agree	disagree strongly	disagree strongly	agree	disagree strongly	agree	agree	agree	disagree strongly	disagree strongly	agree strongly	disagree strongly	disagree strongly	agree	agree strongly	agree	88	91.5	89	1	2	7	Not Selected	State	0	1	high
128	girl	agree	agree	disagree	disagree strongly	agree	disagree	disagree	disagree	agree	disagree	7	disagree	een beetje waar	agree	agree strongly	agree	agree strongly	agree strongly	agree strongly	agree	disagree strongly	disagree strongly	disagree strongly	agree	agree	agree strongly	agree strongly	agree strongly	disagree strongly	disagree strongly	disagree strongly	agree strongly	agree strongly	agree strongly	agree strongly	disagree	disagree strongly	disagree strongly	agree	agree strongly	disagree	agree	disagree strongly	disagree strongly	agree	agree	disagree strongly	disagree	92.3	91.5	94.1	1	14	6	Selected	COE	0	0	high
126	girl	disagree strongly	agree strongly	agree	disagree	disagree	disagree	agree strongly	disagree	disagree strongly	disagree strongly	8	agree strongly	een beetje waar	disagree	agree	disagree strongly	agree	agree	agree	disagree strongly	disagree	disagree strongly	disagree	agree strongly	agree	disagree	agree	agree	disagree	disagree	disagree strongly	disagree strongly	agree	agree	agree	disagree	disagree strongly	agree	agree	agree	disagree	disagree	agree strongly	disagree strongly	disagree	agree	disagree	agree	86.43	91.61	85.6	1	2	6	Selected	Catholic	1	0	high
128	boy	agree	agree	agree	disagree	disagree strongly	agree strongly	agree	agree	disagree strongly	agree	6	agree strongly	helemaal niet waar	agree strongly	agree	disagree strongly	agree	agree	agree	disagree	agree strongly	disagree strongly	agree strongly	agree strongly	agree	agree	agree strongly	agree	disagree	agree	disagree strongly	disagree strongly	agree strongly	agree strongly	agree	agree strongly	agree	agree strongly	agree	agree	disagree strongly	disagree strongly	agree strongly	disagree strongly	disagree strongly	agree	disagree	agree	87	92	89	1	0	6	Not Selected	State	0	1	high
127	boy	agree	disagree strongly	disagree	agree strongly	disagree strongly	agree	disagree strongly	agree strongly	agree strongly	agree	0	agree	niet echt waar	agree	agree	disagree strongly	disagree	agree strongly	agree	agree	agree	disagree strongly	agree	agree	agree strongly	disagree strongly	agree strongly	disagree	disagree	agree	disagree	disagree strongly	agree	agree strongly	disagree	agree	agree	agree	agree	disagree	disagree	agree	agree strongly	disagree strongly	disagree	agree	agree strongly	agree	83	92	86	1	10	7	Not Selected	State	0	1	high
128	girl	disagree strongly	agree strongly	disagree strongly	disagree strongly	agree strongly	agree strongly	agree strongly	disagree strongly	disagree strongly	disagree strongly	10	agree strongly	helemaal niet waar	agree	agree strongly	disagree strongly	agree strongly	agree	agree strongly	disagree strongly	agree	disagree strongly	agree strongly	agree strongly	agree strongly	disagree strongly	agree strongly	agree	disagree strongly	agree	disagree strongly	disagree strongly	disagree strongly	agree strongly	disagree strongly	agree strongly	agree	agree strongly	agree strongly	agree	agree	disagree strongly	agree strongly	disagree strongly	disagree strongly	agree	disagree strongly	agree strongly	92	92.5	92.3	1	2	3	Selected	State	0	1	high
128	girl	disagree	agree	disagree strongly	disagree strongly	agree	agree strongly	agree	agree	disagree strongly	disagree strongly	8	disagree	een beetje waar	agree	agree strongly	disagree strongly	agree	agree strongly	agree strongly	disagree	disagree strongly	disagree strongly	agree strongly	agree strongly	agree strongly	agree	agree	agree strongly	disagree strongly	disagree	disagree strongly	disagree strongly	agree	agree strongly	agree	agree	disagree	agree	agree	agree strongly	agree	disagree	agree strongly	disagree strongly	disagree strongly	agree strongly	agree strongly	agree	92.1	92.7	93	1	10	6	Selected	State	0	1	high
122	boy	disagree strongly	disagree strongly	disagree	agree strongly	disagree strongly	agree strongly	disagree strongly	agree strongly	agree strongly	disagree strongly	10	agree strongly	helemaal niet waar	disagree strongly	agree strongly	disagree strongly	agree strongly	agree strongly	agree strongly	disagree strongly	agree strongly	disagree strongly	agree strongly	agree strongly	agree strongly	disagree strongly	agree strongly	agree strongly	disagree	agree strongly	disagree strongly	disagree strongly	disagree strongly	agree strongly	disagree	disagree	agree strongly	agree strongly	agree strongly	agree strongly	disagree	agree	agree strongly	disagree strongly	disagree	agree strongly	disagree strongly	disagree	90.5	92.9	90.6	1	10	6	Not Selected	State	0	1	high
129	boy	disagree strongly	agree strongly	disagree strongly	disagree strongly	agree	agree strongly	agree	disagree strongly	disagree strongly	disagree strongly	10	agree strongly	helemaal niet waar	agree strongly	agree	disagree strongly	agree strongly	agree strongly	agree strongly	disagree strongly	agree strongly	disagree strongly	agree strongly	agree strongly	agree strongly	disagree strongly	agree strongly	agree strongly	disagree strongly	agree strongly	disagree strongly	disagree strongly	disagree strongly	agree strongly	disagree	agree	agree strongly	agree	agree strongly	agree	disagree strongly	disagree strongly	agree strongly	disagree strongly	disagree strongly	agree	disagree strongly	agree	94.5	93	93.7	1	10	6	Not Selected	State	0	1	high
121	girl	disagree strongly	agree strongly	agree	disagree strongly	agree	agree strongly	agree strongly	disagree strongly	disagree strongly	disagree strongly	10	agree strongly	helemaal niet waar	disagree	agree	disagree strongly	agree	agree strongly	agree	disagree	agree strongly	disagree strongly	agree	agree strongly	agree strongly	disagree	agree strongly	agree strongly	disagree strongly	agree	disagree strongly	disagree strongly	agree strongly	agree strongly	disagree	agree strongly	agree	agree	agree	agree	disagree	disagree	agree strongly	disagree strongly	disagree	agree	agree	agree	90	93.2	91.6	1	13	6	Selected	COE	0	0	high
128	girl	disagree	agree	disagree	disagree	agree	agree	agree	disagree	disagree	disagree strongly	9	agree	niet echt waar	disagree	agree	disagree strongly	agree	agree strongly	agree	disagree	agree	disagree strongly	agree strongly	disagree	agree strongly	disagree	agree strongly	agree strongly	disagree	agree	disagree	disagree strongly	disagree	agree strongly	agree strongly	disagree	agree	agree	agree strongly	agree	agree	disagree strongly	agree	disagree strongly	disagree	agree	agree	agree	88.3	93.4	91.2	1	14	9	Selected	State	0	1	high
124	girl	disagree	agree strongly	disagree strongly	disagree strongly	agree	agree strongly	agree strongly	disagree strongly	disagree strongly	disagree strongly	10	agree strongly	helemaal niet waar	agree	agree strongly	disagree strongly	agree	agree strongly	agree strongly	disagree strongly	agree strongly	disagree strongly	agree strongly	agree strongly	agree	disagree	agree	agree strongly	disagree strongly	agree	disagree strongly	disagree strongly	disagree strongly	agree strongly	disagree	agree strongly	agree strongly	agree strongly	agree strongly	agree	agree	disagree	agree strongly	disagree strongly	agree	agree strongly	disagree strongly	agree	94.75	93.5	94.5	1	10	6	Selected	State	0	1	high
130	boy	disagree strongly	agree strongly	disagree strongly	agree strongly	agree	agree strongly	agree strongly	disagree strongly	disagree strongly	disagree strongly	9	agree strongly	helemaal niet waar	agree	agree	disagree strongly	agree	agree strongly	agree strongly	disagree strongly	agree	disagree strongly	disagree strongly	agree strongly	agree	disagree strongly	agree strongly	agree	disagree	agree strongly	agree	disagree strongly	agree strongly	agree strongly	disagree strongly	agree	agree	agree	agree	disagree	agree	disagree strongly	agree strongly	disagree	disagree strongly	disagree	disagree strongly	agree	90.21	93.57	91.86	1	17	9	Not Selected	COE	0	0	high
125	boy	disagree	agree strongly	disagree	disagree strongly	agree	agree strongly	agree strongly	disagree	disagree strongly	disagree strongly	8	agree strongly	helemaal niet waar	disagree strongly	agree	disagree strongly	agree	agree strongly	agree	disagree strongly	agree	disagree strongly	agree	agree strongly	agree strongly	disagree strongly	disagree	agree	disagree	agree	disagree strongly	disagree strongly	agree strongly	agree strongly	disagree strongly	agree	disagree	agree	agree strongly	agree	agree	disagree strongly	agree strongly	disagree strongly	agree strongly	agree	agree	disagree	85.9	93.8	92.5	1	12	8	Not Selected	Catholic	1	0	high
131	boy	agree strongly	disagree strongly	disagree	disagree strongly	disagree strongly	agree strongly	disagree strongly	agree	disagree strongly		0	agree strongly	helemaal niet waar	agree strongly	agree strongly	agree strongly	agree strongly	agree strongly	agree strongly	disagree strongly	agree	disagree strongly	disagree strongly	agree	agree strongly	agree strongly	agree	agree strongly	agree strongly	disagree strongly	disagree strongly	disagree	disagree	agree strongly	agree strongly	agree strongly	agree	disagree strongly	agree strongly	agree strongly	disagree strongly	agree	disagree strongly	disagree strongly	disagree strongly	agree strongly	disagree strongly	agree strongly	93.3	93.9	93.6	1	10	6	Not Selected	State	0	1	high
117	girl	disagree strongly	agree strongly	agree	disagree strongly	agree strongly	agree strongly	agree strongly	disagree strongly	disagree strongly	disagree strongly	10	agree strongly	helemaal niet waar	agree strongly	agree strongly	disagree strongly	agree strongly	agree strongly	agree strongly	disagree strongly	agree strongly	disagree strongly	agree strongly	agree strongly	agree strongly	disagree strongly	agree strongly	agree strongly	disagree strongly	agree strongly	disagree strongly	disagree strongly	disagree strongly	agree strongly	disagree strongly	agree strongly	agree strongly	agree strongly	agree strongly	agree strongly	disagree strongly	disagree strongly	agree strongly	disagree strongly	disagree strongly	agree strongly	disagree strongly	agree strongly	88.01	94.4	94.08	0	12	6	Selected	State	0	1	high
124	girl	agree	agree	agree	disagree	agree	agree strongly	agree	disagree	disagree strongly	disagree strongly	8	agree strongly	helemaal niet waar	agree	agree	disagree strongly	agree	agree strongly	agree	disagree strongly	agree strongly	disagree strongly	agree strongly	agree strongly	agree	disagree strongly	agree strongly	agree	disagree strongly	agree	disagree strongly	disagree strongly	disagree strongly	agree strongly	agree	agree	agree strongly	agree	agree	agree	disagree	disagree strongly	agree strongly	disagree strongly	disagree	agree	agree strongly	agree	93.4	96.4	92.9	1	18	8	Selected	State	0	1	high
128	girl	agree strongly	disagree	agree strongly	agree	agree	agree strongly	agree	agree strongly	disagree strongly	disagree strongly	7	agree strongly	een beetje waar	agree	agree strongly	disagree strongly	disagree strongly	agree strongly	agree strongly	agree	agree	disagree strongly	agree strongly	agree strongly	agree strongly	agree	agree strongly	agree strongly	disagree	disagree	disagree strongly	disagree strongly	disagree	agree strongly	agree strongly	disagree	disagree	agree	agree strongly	agree strongly	agree	agree	agree strongly	disagree strongly	disagree	agree strongly	agree	disagree	95.4	97.5	96.5	1	14	7	Selected	State	0	1	high
129	boy	disagree strongly	agree strongly	disagree	disagree strongly	disagree	agree strongly	agree strongly	disagree strongly	disagree strongly	disagree strongly	10	agree strongly	helemaal niet waar	agree strongly	agree strongly	disagree strongly	agree strongly	agree strongly	agree strongly	disagree strongly	agree strongly	disagree strongly	agree	agree strongly	agree strongly	disagree strongly	agree strongly	agree strongly	disagree strongly	agree strongly	disagree strongly	disagree strongly	disagree strongly	agree strongly	disagree strongly	agree strongly	agree	agree strongly	agree strongly	agree strongly	disagree strongly	disagree strongly	agree strongly	disagree strongly	disagree strongly	agree strongly	disagree strongly	agree strongly	95.2	98.8	95.9	1	4	4	Not Selected	State	0	1	high
133	boy	disagree strongly	agree strongly	disagree strongly	disagree strongly	agree	agree strongly	agree strongly	disagree strongly	disagree strongly	disagree strongly	10	agree strongly	helemaal niet waar	agree	agree strongly	disagree strongly	agree	agree strongly	agree strongly	disagree strongly	agree	disagree strongly	agree strongly	agree strongly	agree strongly	disagree strongly	agree	agree	disagree strongly	agree strongly	disagree strongly	disagree strongly	disagree	agree strongly	disagree strongly	agree	agree	agree strongly	agree strongly	agree strongly	disagree	disagree strongly	agree strongly	disagree strongly	disagree	agree strongly	agree	agree strongly			77.7	1	2	2	Not Selected	State	0	1	high
121	boy	disagree strongly	agree strongly	disagree	agree strongly	disagree	agree strongly	agree strongly	disagree strongly	disagree strongly	disagree strongly	9	agree	helemaal niet waar	agree	agree strongly	disagree strongly	agree	agree strongly	agree	disagree strongly	agree	disagree strongly	agree strongly	agree strongly	agree	agree	agree strongly	agree	disagree	disagree	disagree strongly	disagree strongly	disagree strongly	agree	disagree strongly	agree	agree	agree	agree	agree	disagree	disagree	agree strongly	disagree strongly	disagree strongly	agree	agree	agree			86.2	1	4	2	Not Selected	State	0	1	high
119	boy	disagree strongly	agree	agree	disagree strongly	disagree strongly	agree strongly	disagree	disagree	disagree strongly	disagree strongly	9	agree strongly	helemaal niet waar	agree	agree	disagree strongly	agree	agree	agree	disagree strongly	agree strongly	disagree strongly	agree strongly	agree strongly	agree	disagree strongly	agree strongly	agree	disagree strongly	agree	disagree strongly	disagree strongly	agree strongly	agree	disagree	agree	agree	agree	agree	agree	disagree strongly	disagree	agree strongly	disagree strongly	disagree strongly	agree	disagree strongly	agree			90.1	1	4	4	Not Selected	State	0	1	high
126	boy	disagree	agree strongly	agree	disagree strongly	agree strongly	agree strongly	agree strongly	disagree strongly	disagree strongly	disagree strongly	10	agree	een beetje waar	agree strongly	agree	disagree strongly	agree strongly	agree strongly	agree	agree	agree	disagree strongly	agree	agree strongly	agree strongly	disagree strongly	agree strongly	agree strongly	disagree	agree strongly	disagree strongly	disagree strongly	disagree strongly	agree strongly	disagree	agree	agree	agree	agree	agree	disagree strongly	disagree strongly	agree strongly	disagree strongly	disagree strongly	agree	agree strongly	agree			77.5	0	12	4	Not Selected	State	0	1	high
126	boy	agree strongly	disagree strongly	agree strongly	disagree	disagree strongly	agree strongly	disagree strongly	disagree strongly	disagree strongly	agree strongly	0	agree	een beetje waar	agree strongly	agree strongly	disagree strongly	agree strongly	agree strongly	agree strongly	agree	agree	disagree strongly	agree	agree strongly	agree strongly	disagree	agree strongly	agree strongly	disagree strongly	agree strongly	disagree strongly	disagree strongly	agree	agree strongly	disagree strongly	agree strongly	agree strongly	agree strongly	agree strongly	agree strongly	disagree strongly	disagree strongly	agree strongly	disagree strongly	disagree strongly	agree strongly	agree	agree strongly			86	1	8	5	Not Selected	State	0	1	high
126	boy	disagree	disagree	disagree	disagree strongly	disagree	agree strongly	agree	disagree strongly	disagree	disagree strongly	8	agree strongly	helemaal niet waar	agree	agree strongly	disagree strongly	agree	agree strongly	agree strongly	disagree strongly	agree strongly	disagree strongly	agree	agree strongly	agree strongly	disagree strongly	agree strongly	agree strongly	disagree strongly	agree	disagree strongly	disagree strongly	disagree strongly	agree strongly	agree	agree strongly	agree	agree	agree strongly	agree strongly	disagree strongly	disagree strongly	agree strongly	disagree strongly	disagree strongly	agree strongly	agree	disagree			92.6	1	9	5	Not Selected	State	0	1	high
128	boy	disagree	agree strongly	disagree	disagree strongly	disagree	agree strongly	agree	disagree strongly	disagree	agree strongly	8	agree strongly	helemaal niet waar	agree strongly	agree strongly	disagree strongly	agree strongly	agree strongly	agree strongly	disagree strongly	agree strongly	disagree strongly	agree strongly	agree strongly	agree strongly	disagree strongly	agree strongly	agree strongly	disagree strongly	agree	disagree strongly	disagree strongly	disagree strongly	agree strongly	disagree strongly	agree strongly	agree strongly	agree strongly	agree strongly	agree strongly	disagree strongly	disagree strongly	agree strongly	disagree strongly	disagree strongly	agree strongly	disagree strongly	agree strongly			92.5	0	10	5	Not Selected	State	0	1	high
130	boy	disagree	disagree strongly	agree	disagree strongly	disagree strongly	agree strongly	disagree strongly	disagree	agree	disagree strongly	10	agree strongly	helemaal niet waar	agree strongly	agree strongly	disagree strongly	disagree	agree strongly	agree strongly	disagree strongly	agree strongly	disagree strongly	agree strongly	agree strongly	agree strongly	disagree strongly	agree strongly	agree strongly	disagree strongly	agree strongly	disagree strongly	disagree strongly	disagree strongly	agree strongly	disagree strongly	agree strongly	agree	agree strongly	agree strongly	agree strongly	disagree strongly	disagree strongly	agree strongly	disagree strongly	disagree strongly	agree strongly	disagree strongly	agree			91	0	10	5	Not Selected	State	0	1	high
126	boy	agree	agree strongly	disagree strongly	disagree strongly	disagree	agree strongly	agree	disagree	disagree	disagree strongly	10	agree strongly	niet echt waar	disagree strongly	agree	disagree strongly	agree	agree strongly	agree strongly	disagree strongly	disagree strongly	disagree strongly	agree strongly	agree strongly	agree strongly	disagree	disagree	agree strongly	disagree strongly	disagree	disagree strongly	disagree strongly	agree strongly	agree strongly	agree	disagree	disagree	agree	agree strongly	agree	agree strongly	disagree strongly	agree strongly	disagree strongly	agree strongly	agree	agree strongly	agree			89.5	0	13	5	Not Selected	State	0	1	high
126	boy	disagree	disagree strongly	agree	disagree	disagree strongly	agree strongly	agree	agree	agree strongly	disagree	1	agree	helemaal niet waar	agree	agree	disagree strongly	agree strongly	agree	agree	agree	agree strongly	disagree strongly	agree strongly	agree strongly	agree	disagree strongly	agree	disagree	disagree strongly	agree	disagree	disagree strongly	agree strongly	agree	agree	agree strongly	agree	agree	agree	disagree	disagree	disagree	agree strongly	disagree	disagree	disagree	agree	agree			81.9	1	15	5	Not Selected	State	0	1	high
122	boy	disagree strongly	agree strongly	disagree strongly	disagree strongly	agree	agree strongly	agree strongly	disagree strongly	disagree strongly	disagree strongly	10	agree strongly	helemaal niet waar	disagree strongly	agree strongly	disagree strongly	agree strongly	agree strongly	agree	disagree strongly	agree	disagree strongly	agree strongly	agree strongly	agree strongly	disagree strongly	agree	agree strongly	disagree strongly	agree strongly	disagree strongly	disagree strongly	disagree strongly	agree strongly	disagree strongly	agree strongly	agree	agree strongly	agree strongly	agree strongly	agree	disagree strongly	agree strongly	disagree strongly	agree strongly	agree strongly	disagree strongly	agree strongly			92	1	10	6	Not Selected	State	0	1	high
119	boy	agree strongly	disagree	agree strongly	agree	disagree strongly	agree strongly	disagree strongly	agree	disagree strongly	agree strongly	6	agree strongly	helemaal niet waar	agree strongly	agree strongly	disagree strongly	disagree	agree	agree	disagree strongly	agree strongly	disagree strongly	agree strongly	agree strongly	agree	agree	agree strongly	disagree strongly	agree strongly	agree	disagree strongly	disagree strongly	disagree strongly	agree	disagree strongly	agree	agree strongly	agree	agree	agree strongly	disagree strongly	disagree	agree strongly	disagree	disagree strongly	agree strongly	disagree	disagree			85.5	1	11	6	Not Selected	State	0	1	high
122	boy	disagree	agree strongly	agree	disagree strongly	disagree strongly	agree strongly	agree	disagree	disagree strongly	disagree strongly	10	agree strongly	helemaal niet waar	agree	agree	disagree strongly	agree	agree	agree strongly	disagree strongly	agree strongly	disagree strongly	agree strongly	agree strongly	agree	disagree strongly	agree strongly	agree	disagree strongly	agree	disagree	disagree strongly	disagree strongly	agree	disagree strongly	agree strongly	agree	agree strongly	agree	agree	disagree strongly	disagree strongly	agree strongly	disagree strongly	disagree strongly	agree	disagree strongly	agree			86.2	1	12	6	Not Selected	State	0	1	high
131	boy	agree strongly	disagree strongly	agree strongly	agree strongly	disagree strongly	agree strongly	disagree	agree strongly	agree strongly	disagree strongly	0	agree strongly	helemaal niet waar	agree strongly	agree strongly	disagree strongly	agree	disagree	disagree strongly	disagree strongly	agree strongly	disagree strongly	agree strongly	agree strongly	agree strongly	agree strongly	agree	disagree strongly	agree strongly	disagree strongly	disagree strongly	disagree	agree strongly	disagree	agree strongly	agree strongly	agree strongly	agree strongly	agree strongly	disagree	disagree strongly	disagree strongly	agree strongly	agree	disagree strongly	agree strongly	agree strongly	agree strongly			76.4	1	16	6	Not Selected	State	0	1	high
126	boy	disagree strongly	agree strongly	disagree strongly	agree strongly	agree	agree strongly	agree strongly	disagree strongly	disagree strongly	disagree strongly	10	agree strongly	helemaal niet waar	agree strongly	agree strongly	disagree strongly	agree strongly	agree strongly	agree strongly	disagree strongly	agree strongly	disagree strongly	agree strongly	agree strongly	agree strongly	disagree strongly	agree strongly	agree strongly	disagree strongly	agree strongly	disagree strongly	disagree strongly	disagree strongly	agree strongly	disagree	agree strongly	agree strongly	agree strongly	agree strongly	agree strongly	disagree strongly	disagree strongly	agree strongly	disagree strongly	disagree strongly	agree strongly	disagree strongly	agree strongly			90.1	1	2	6	Not Selected	State	0	1	high
128	boy	agree	agree	agree strongly	disagree strongly	agree	agree strongly	agree	disagree	agree	disagree strongly	9	agree strongly	niet echt waar	agree strongly	agree strongly	disagree strongly	agree	agree strongly	agree strongly	disagree strongly	agree	disagree strongly	agree strongly	agree strongly	agree strongly	disagree strongly	agree strongly	agree strongly	disagree strongly	agree strongly	disagree strongly	disagree strongly	disagree strongly	agree strongly	disagree strongly	agree	disagree	agree strongly	agree strongly	agree strongly	disagree strongly	disagree	agree strongly	disagree strongly	disagree strongly	agree	disagree strongly	disagree			91.1	0	10	6	Not Selected	State	0	1	high
123	boy	agree strongly	agree	disagree	disagree	disagree	agree strongly	agree	disagree	agree	disagree	9	agree strongly	helemaal niet waar	disagree	agree strongly	disagree strongly	agree strongly	agree strongly	agree	disagree strongly	agree strongly	disagree strongly	agree strongly	agree strongly	agree strongly	disagree strongly	disagree strongly	agree	disagree strongly	agree	disagree strongly	disagree strongly	agree strongly	agree strongly	disagree strongly	agree strongly	agree strongly	agree strongly	agree	agree	agree	agree	agree strongly	disagree	agree strongly	agree	agree strongly	agree strongly			73	0	10	6	Not Selected	State	0	1	high
127	boy	disagree	disagree	agree	disagree	disagree strongly	agree strongly	disagree strongly	agree	agree	disagree	7	agree	niet echt waar	agree strongly	agree strongly	disagree strongly	agree	agree strongly	agree strongly	disagree	agree	disagree strongly	agree strongly	agree strongly	agree strongly	disagree	agree strongly	agree	disagree strongly	agree	disagree strongly	disagree strongly	agree	agree strongly	disagree strongly	agree	disagree	agree	agree	agree	disagree strongly	agree	agree strongly	disagree strongly	disagree strongly	agree	disagree	agree			85.8	1	10	6	Not Selected	State	0	1	high
127	boy	disagree strongly	agree strongly	disagree strongly	disagree strongly	agree strongly	agree strongly	agree strongly	disagree strongly	disagree strongly	disagree strongly	10	agree strongly	helemaal niet waar	agree strongly	agree strongly	disagree strongly	agree strongly	agree strongly	agree strongly	disagree strongly	agree strongly	disagree strongly	agree strongly	agree strongly	agree strongly	disagree strongly	agree strongly	agree strongly	disagree strongly	agree	disagree strongly	disagree strongly	disagree strongly	agree strongly	disagree strongly	agree strongly	agree strongly	agree strongly	agree strongly	agree strongly	agree	disagree	agree strongly	disagree strongly	disagree strongly	agree strongly	disagree strongly	agree strongly			92.7	1	10	6	Not Selected	State	0	1	high
130	boy	agree	disagree	agree	agree	disagree strongly	agree strongly	disagree	agree	agree strongly	agree strongly	5	agree strongly	helemaal niet waar	agree	agree strongly	disagree strongly	agree strongly	agree strongly	agree strongly	disagree strongly	agree strongly	disagree strongly	agree strongly	agree strongly	agree	disagree	agree strongly	agree	disagree strongly	agree strongly	disagree strongly	disagree strongly	disagree strongly	agree strongly	disagree strongly	agree strongly	agree strongly	agree strongly	agree strongly	agree strongly	agree strongly	agree strongly	agree strongly	disagree strongly	disagree strongly	agree strongly	disagree	disagree			78	1	10	6	Not Selected	State	0	1	high
121	boy	disagree strongly	agree strongly	agree strongly	disagree strongly	agree strongly	agree strongly	agree strongly	disagree strongly	disagree strongly	disagree strongly	10	agree strongly	helemaal niet waar	agree	agree	disagree strongly	agree strongly	agree strongly	agree	disagree strongly	agree strongly	disagree strongly	disagree	agree strongly	agree strongly	agree strongly	agree	agree	agree	agree strongly	disagree strongly	agree	agree	agree strongly	disagree	agree	disagree strongly	agree strongly	agree strongly	agree	agree	agree	disagree	disagree strongly	agree	agree	agree strongly	disagree			90.1	1	10	6	Not Selected	State	0	1	high
125	boy	disagree strongly	agree strongly	disagree strongly	agree	agree	agree strongly	agree strongly	disagree strongly	disagree strongly	disagree strongly	10	agree	niet echt waar	agree strongly	agree	disagree strongly	agree strongly	agree strongly	agree strongly	disagree strongly	agree strongly	disagree strongly	agree	agree	agree strongly	disagree strongly	agree strongly	agree	disagree strongly	agree	disagree	disagree strongly	disagree	agree strongly	disagree strongly	disagree	agree	agree strongly	agree	agree	disagree strongly	disagree strongly	agree strongly	disagree strongly	disagree strongly	agree	disagree	agree			87	1	8	7	Not Selected	State	0	1	high
122	boy	disagree	agree	disagree	disagree strongly	disagree	agree strongly	agree	disagree	disagree	disagree strongly	9	agree strongly	helemaal niet waar	agree strongly	disagree	disagree strongly	agree	agree	disagree	disagree strongly	agree strongly	disagree strongly	agree strongly	agree strongly	agree strongly	agree	agree strongly	agree	agree strongly	disagree	disagree strongly	disagree strongly	disagree strongly	agree strongly	disagree	disagree strongly	agree strongly	disagree strongly	disagree	disagree	disagree strongly	disagree	agree strongly	disagree	disagree strongly	disagree	disagree	disagree strongly			86	1	14	7	Not Selected	Catholic	1	0	high
132	boy	disagree strongly	agree strongly	disagree strongly	disagree strongly	agree strongly	agree	agree strongly	disagree strongly	disagree strongly	disagree strongly	9	agree strongly	helemaal niet waar	disagree strongly	agree	disagree strongly	agree	agree strongly	disagree	disagree strongly	agree strongly	disagree strongly	agree	agree strongly	agree strongly	disagree strongly	agree	agree strongly	agree	agree strongly	disagree strongly	disagree strongly	disagree strongly	agree strongly	disagree	agree	agree	agree strongly	agree	disagree	agree	disagree	agree strongly	disagree strongly	agree	disagree	disagree	agree			86.5	1	15	7	Not Selected	Catholic	1	0	high
128	boy	agree strongly	disagree	agree strongly	disagree strongly	disagree strongly	agree strongly	disagree	agree strongly	disagree	disagree strongly	7	agree strongly	helemaal niet waar	agree strongly	agree	disagree strongly	agree	agree strongly	agree	disagree	agree	disagree strongly	agree strongly	agree	agree	disagree	agree strongly	agree	disagree	agree strongly	disagree strongly	disagree strongly	agree	agree strongly	disagree	agree strongly	agree	agree	agree	agree strongly	agree	disagree	agree strongly	disagree strongly	disagree strongly	agree strongly	disagree	agree strongly			95.9	1	15	7	Not Selected	Catholic	1	0	high
128	boy	disagree	agree	agree	agree	agree	agree strongly	agree	disagree	disagree	disagree strongly	7	agree strongly	helemaal niet waar	agree strongly	disagree	disagree	agree	agree	agree strongly	disagree strongly	agree strongly	disagree strongly	agree	agree strongly	agree	disagree strongly	agree strongly	agree strongly	disagree strongly	agree	agree	disagree strongly	agree strongly	agree strongly	disagree strongly	agree	agree	agree strongly	agree	disagree	disagree strongly	disagree	agree	disagree strongly	disagree strongly	disagree	disagree	agree strongly			90.3	1	16	7	Not Selected	Catholic	1	0	high
119	boy	disagree strongly	agree strongly	disagree strongly	disagree strongly	agree strongly	agree strongly	agree strongly	disagree strongly	disagree strongly	disagree strongly	9	agree strongly	helemaal niet waar	agree	agree strongly	disagree strongly	agree strongly	agree strongly	agree strongly	disagree strongly	agree strongly	disagree strongly	agree strongly	agree strongly	agree strongly	disagree strongly	agree strongly	agree strongly	disagree strongly	agree strongly	disagree strongly	disagree strongly	disagree strongly	agree strongly	disagree strongly	agree strongly	agree strongly	agree	agree strongly	agree strongly	disagree	disagree strongly	agree strongly	disagree strongly	disagree strongly	agree strongly	disagree strongly	agree strongly			97.8	1	18	7	Not Selected	Catholic	1	0	high
128	boy	disagree	agree strongly	disagree strongly	disagree	agree	agree strongly	agree strongly	disagree strongly	disagree strongly	disagree	9	agree strongly	helemaal niet waar	agree strongly	agree strongly	disagree strongly	agree	agree strongly	agree	disagree strongly	agree strongly	disagree strongly	agree strongly	agree strongly	agree strongly	disagree strongly	agree strongly	agree strongly	disagree	agree strongly	disagree strongly	disagree strongly	disagree strongly	agree strongly	disagree	agree strongly	agree strongly	agree strongly	agree strongly	agree strongly	disagree strongly	disagree strongly	agree strongly	disagree strongly	disagree strongly	agree strongly	agree	disagree			93.8	1	11	8	Not Selected	Catholic	1	0	high
123	boy	disagree strongly	agree strongly	disagree strongly	disagree strongly	agree strongly	agree strongly	agree strongly	disagree strongly	disagree strongly	disagree strongly	10	agree strongly	helemaal niet waar	agree strongly	agree strongly	disagree strongly	agree	agree strongly	agree strongly	disagree strongly	agree strongly	disagree strongly	agree strongly	agree strongly	agree strongly	disagree strongly	agree strongly	agree strongly	agree	agree	disagree strongly	disagree strongly	disagree strongly	agree strongly	disagree strongly	agree strongly	agree strongly	agree strongly	agree strongly	agree strongly	disagree strongly	disagree strongly	agree strongly	disagree strongly	disagree strongly	agree strongly	disagree strongly	agree strongly			91.8	1	13	8	Not Selected	Catholic	1	0	high
121	boy	disagree	agree strongly	disagree strongly	agree strongly	disagree strongly	agree strongly	agree strongly	disagree strongly	agree	disagree		agree strongly	helemaal niet waar	agree strongly	agree strongly	disagree strongly	agree strongly	agree	agree strongly	disagree strongly	agree strongly	disagree strongly	agree strongly	agree strongly	agree	agree strongly	agree strongly	agree	disagree	agree strongly	agree	disagree strongly	disagree strongly	agree	agree strongly	agree strongly	agree	agree strongly	agree	agree	agree	disagree strongly	agree strongly	agree	disagree strongly	agree	agree strongly	agree strongly			75.9	1	15	8	Not Selected	COE	0	0	high
120	boy	disagree strongly	agree strongly	disagree strongly	disagree	disagree strongly	agree strongly	agree strongly	disagree strongly	disagree strongly	disagree strongly	9	agree strongly	niet echt waar	agree strongly	agree strongly	disagree strongly	agree strongly	agree strongly	agree strongly	disagree strongly	agree strongly	disagree strongly	agree strongly	agree strongly	agree strongly	agree	agree strongly	agree strongly	disagree strongly	disagree	disagree strongly	disagree strongly	disagree strongly	agree strongly	disagree	agree	agree strongly	agree strongly	agree strongly	agree strongly	disagree strongly	agree	agree strongly	disagree strongly	disagree strongly	agree strongly	disagree strongly	agree			86	1	15	8	Not Selected	COE	0	0	high
125	boy	disagree strongly	agree	disagree strongly	agree strongly	agree strongly	agree strongly	agree strongly	agree strongly	disagree strongly	disagree strongly	8	agree strongly	helemaal niet waar	agree strongly	agree strongly	disagree strongly	agree	agree	agree	disagree strongly	agree strongly	disagree strongly	agree	agree strongly	agree	disagree strongly	agree strongly	agree	disagree strongly	agree strongly	disagree	disagree strongly	disagree strongly	agree	disagree strongly	agree	agree	agree	agree	agree	agree	agree	agree	disagree	disagree strongly	agree strongly	disagree strongly	agree			87.5	1	16	8	Not Selected	COE	0	0	high
129	boy	disagree strongly	agree strongly	disagree	disagree strongly	disagree	agree strongly	agree strongly	disagree	disagree strongly	disagree strongly	9	agree strongly	helemaal niet waar	agree	agree strongly	disagree strongly	disagree	agree strongly	agree strongly	disagree	agree strongly	disagree strongly	agree strongly	agree strongly	agree strongly	disagree	agree strongly	agree strongly	disagree	agree	disagree strongly	disagree strongly	disagree strongly	agree strongly	disagree	agree	agree strongly	agree strongly	agree strongly	agree strongly	disagree strongly	disagree strongly	agree strongly	disagree strongly	disagree	agree strongly	disagree	agree			90.9	1	16	8	Not Selected	COE	0	0	high
125	boy	disagree strongly	agree strongly	disagree strongly	disagree strongly	agree	agree strongly	agree strongly	disagree strongly	disagree strongly	disagree strongly	10	agree strongly	helemaal niet waar	agree strongly	agree	disagree strongly	agree	agree	agree	disagree strongly	agree strongly	disagree strongly	agree strongly	agree strongly	agree	agree	agree strongly	agree strongly	disagree strongly	agree strongly	agree	disagree strongly	agree strongly	agree	disagree	agree	agree strongly	agree	agree	agree	disagree strongly	disagree strongly	agree strongly	disagree strongly	disagree strongly	agree	disagree strongly	agree strongly			76	1	18	8	Not Selected	COE	0	0	high
130	boy	disagree strongly	agree	agree strongly	agree	disagree strongly	agree	disagree	disagree	disagree strongly	disagree strongly	8	agree strongly	helemaal niet waar	agree strongly	agree strongly	disagree strongly	agree strongly	agree	agree strongly	disagree strongly	agree	disagree strongly	agree strongly	agree strongly	agree	disagree strongly	agree strongly	agree	agree	agree strongly	disagree strongly	disagree strongly	disagree strongly	agree strongly	disagree strongly	agree	agree	agree strongly	agree	agree strongly	disagree strongly	disagree strongly	agree strongly	disagree strongly	disagree strongly	agree strongly	agree	agree			90.8	1	13	9	Not Selected	COE	0	0	high
129	boy	agree strongly	disagree strongly	agree strongly	agree strongly	disagree strongly	agree	disagree strongly	agree strongly	agree strongly	disagree strongly	9	agree	niet echt waar	disagree	disagree	disagree strongly	agree	agree	disagree	disagree strongly	disagree	disagree strongly	disagree strongly	agree	agree	disagree strongly	agree strongly	disagree	agree strongly	disagree	agree	disagree strongly	disagree	agree	disagree strongly	disagree	disagree	agree	disagree	disagree	agree	disagree strongly	agree strongly	disagree strongly	disagree strongly	disagree	agree	agree			81.9	1	14	9	Not Selected	COE	0	0	high
121	boy	agree strongly	disagree strongly	agree	disagree	disagree strongly	disagree	disagree strongly	agree strongly	disagree strongly	disagree	2	agree strongly	helemaal niet waar	agree	agree strongly	disagree strongly	agree	agree strongly	agree	disagree strongly	agree strongly	disagree strongly	disagree	agree strongly	agree strongly	disagree strongly	agree strongly	agree strongly	disagree strongly	agree strongly	disagree strongly	disagree strongly	disagree strongly	agree strongly	disagree strongly	agree	agree	disagree	agree	agree strongly	disagree strongly	disagree strongly	agree strongly	disagree strongly	disagree	agree strongly	disagree	disagree			88.2	1	16	9	Not Selected	COE	0	0	high
131	boy	disagree strongly	agree strongly	disagree strongly	disagree strongly	agree	agree	agree strongly	disagree strongly	disagree strongly	disagree strongly	10	agree strongly	helemaal niet waar	agree strongly	agree strongly	disagree strongly	agree strongly	agree strongly	agree strongly	disagree strongly	agree strongly	disagree strongly	agree strongly	agree strongly	agree strongly	disagree strongly	agree strongly	agree strongly	disagree strongly	agree	disagree strongly	disagree strongly	disagree strongly	agree strongly	disagree strongly	agree strongly	agree	agree	agree strongly	agree strongly	disagree strongly	disagree strongly	agree strongly	disagree strongly	disagree strongly	agree strongly	disagree strongly	agree strongly			90	1	17	9	Not Selected	COE	0	0	high
119	girl	disagree strongly	agree strongly	agree	disagree strongly	agree strongly	agree strongly	agree strongly	agree	disagree strongly	disagree strongly	10	agree strongly	helemaal niet waar	agree strongly	agree	disagree strongly	agree	agree	agree strongly	disagree strongly	agree strongly	disagree strongly	agree strongly	agree strongly	agree	disagree strongly	agree strongly	agree	disagree strongly	agree strongly	disagree strongly	disagree strongly	disagree strongly	agree strongly	disagree strongly	agree strongly	agree strongly	agree strongly	agree	agree	disagree	disagree strongly	agree strongly	disagree strongly	disagree strongly	agree	agree strongly	agree strongly			85	1	4	3	Selected	State	0	1	high
119	girl	disagree	agree strongly	disagree	disagree strongly	agree strongly	agree strongly	agree strongly	disagree strongly	disagree strongly	disagree strongly	9	disagree strongly	helemaal niet waar	disagree strongly	agree	disagree strongly	agree	disagree	disagree	disagree	disagree strongly	disagree strongly	agree	agree	disagree strongly	disagree	agree	disagree strongly	disagree	disagree strongly	disagree	disagree strongly	disagree	disagree strongly	agree strongly	disagree	disagree strongly	disagree strongly	disagree strongly	disagree	agree	agree	agree strongly	disagree	disagree	disagree	disagree	disagree			90	1	0	4	Selected	State	0	1	high
126	girl	disagree	agree strongly	agree strongly	disagree strongly	disagree strongly	agree strongly	agree	agree	disagree strongly	disagree strongly	6	agree strongly	helemaal niet waar	agree strongly	agree strongly	disagree strongly	agree strongly	disagree	agree strongly	disagree	agree strongly	disagree strongly	agree strongly	agree strongly	disagree	disagree strongly	agree strongly	agree strongly	disagree strongly	agree strongly	disagree strongly	disagree strongly	disagree strongly	agree	disagree strongly	agree strongly	agree strongly	agree strongly	agree strongly	agree	disagree strongly	disagree strongly	agree strongly	agree	disagree strongly	agree	agree	agree strongly			93.1	1	2	4	Selected	State	0	1	high
125	girl	disagree strongly	agree strongly	agree	disagree	agree strongly	agree strongly	agree strongly	disagree strongly	disagree strongly	disagree	8	disagree	een beetje waar	disagree	agree	disagree strongly	agree	agree	agree	agree	disagree	disagree strongly	agree	agree strongly	agree	disagree	agree strongly	agree	disagree strongly	agree	disagree strongly	disagree strongly	disagree strongly	agree	disagree strongly	agree	agree	disagree strongly	agree	agree	disagree	agree	agree	disagree	disagree strongly	agree	agree	agree			85.5	1	4	4	Selected	State	0	1	high
125	girl	agree	disagree	agree strongly	agree strongly	disagree strongly	disagree	disagree	agree	agree strongly	agree strongly	5	disagree	helemaal niet waar	disagree	agree strongly	disagree strongly	disagree	agree strongly	agree strongly	agree	agree	disagree strongly	disagree	agree	agree	agree	agree	agree strongly	disagree	agree	disagree strongly	disagree strongly	agree	agree strongly	disagree strongly	disagree	disagree	agree	agree	agree strongly	agree	agree	agree	disagree strongly	agree strongly	agree	agree strongly	disagree			91.7	1	4	4	Selected	State	0	1	high
124	girl	disagree strongly	agree strongly	disagree strongly	disagree strongly	agree	agree strongly	agree strongly	disagree strongly	disagree strongly	disagree strongly	10	agree strongly	helemaal niet waar	disagree	agree strongly	disagree strongly	disagree	agree strongly	agree strongly	disagree strongly	agree strongly	disagree strongly	agree strongly	agree strongly	agree	disagree strongly	agree	agree strongly	agree strongly	agree strongly	disagree strongly	disagree strongly	disagree strongly	disagree strongly	disagree	disagree	agree	agree strongly	agree strongly	agree strongly	agree	disagree strongly	agree strongly	disagree strongly	disagree	agree strongly	disagree	disagree strongly			95	1	14	4	Selected	Catholic	1	0	high
123	girl	disagree strongly	agree strongly	disagree	disagree strongly	agree	agree strongly	agree strongly	disagree	disagree	disagree strongly	9	agree strongly	helemaal niet waar	disagree	agree strongly	disagree strongly	agree strongly	agree strongly	agree strongly	disagree strongly	agree strongly	disagree strongly	agree	agree strongly	agree strongly	disagree strongly	agree	agree	disagree strongly	agree strongly	disagree strongly	disagree strongly	disagree strongly	agree strongly	disagree strongly	agree strongly	agree strongly	agree strongly	agree strongly	agree	agree	disagree strongly	agree strongly	disagree strongly	agree	agree	disagree strongly	agree strongly			87	0	2	5	Selected	Catholic	1	0	high
123	girl	agree	agree strongly	disagree	disagree strongly	agree	disagree strongly	agree	disagree	disagree strongly	disagree strongly	9	agree	een beetje waar	agree strongly	agree strongly	disagree strongly	agree strongly	agree strongly	agree strongly	agree	disagree	disagree strongly	agree	agree strongly	agree strongly	agree	agree strongly	agree strongly	disagree strongly	disagree strongly	disagree strongly	agree	agree	agree strongly	disagree strongly	agree strongly	disagree	agree strongly	agree	agree strongly	disagree strongly	disagree strongly	disagree	disagree strongly	disagree strongly	agree strongly	agree strongly	agree strongly			90	1	6	5	Selected	Catholic	1	0	high
128	girl	agree	agree	agree strongly	disagree strongly	agree	agree	agree	disagree	disagree strongly	disagree strongly	0	agree strongly	helemaal niet waar	agree	disagree	disagree strongly	agree strongly	disagree	agree	disagree strongly	agree strongly	disagree strongly	agree strongly	agree strongly	agree	agree	agree strongly	disagree strongly	disagree strongly	disagree	agree	disagree strongly	disagree strongly	agree	agree	agree	agree	agree	agree	disagree strongly	agree	disagree strongly	agree strongly	agree	disagree	disagree	disagree	agree strongly			78	1	6	5	Selected	Catholic	1	0	high
128	girl	disagree strongly	agree strongly	disagree strongly	disagree strongly	agree	agree strongly	agree	disagree strongly	disagree strongly	disagree strongly	9	agree strongly	helemaal niet waar	agree strongly	agree	disagree strongly	agree strongly	agree	agree strongly	disagree strongly	agree strongly	disagree strongly	agree strongly	agree strongly	agree	disagree strongly	agree strongly	agree strongly	disagree strongly	agree strongly	disagree strongly	disagree strongly	disagree strongly	agree strongly	disagree	agree strongly	agree strongly	agree strongly	agree strongly	agree	disagree strongly	disagree strongly	agree strongly	disagree strongly	disagree strongly	agree	disagree strongly	agree strongly			89	1	6	5	Selected	Catholic	1	0	high
118	girl	disagree strongly	agree strongly	disagree strongly	disagree	agree strongly	agree strongly	agree strongly	disagree strongly	disagree strongly	agree strongly	9	agree	helemaal niet waar	agree	agree strongly	disagree strongly	agree	disagree	agree	disagree strongly	agree strongly	disagree strongly	agree strongly	agree strongly	disagree	agree	agree strongly	agree	disagree strongly	agree	disagree strongly	disagree strongly	disagree strongly	disagree	agree	agree strongly	agree strongly	agree strongly	agree	agree strongly	disagree strongly	disagree	agree strongly	agree	disagree strongly	agree strongly	agree	agree strongly			65	1	7	5	Selected	Catholic	1	0	high
120	girl	disagree	agree	disagree	disagree strongly	disagree	agree strongly	agree	disagree	disagree	agree strongly	8	agree	niet echt waar	agree	disagree	disagree strongly	disagree strongly	agree	agree	disagree strongly	disagree	disagree strongly	disagree	agree strongly	agree strongly	agree	agree strongly	disagree	disagree strongly	disagree	disagree	agree strongly	disagree	agree strongly	agree strongly	agree strongly	disagree	agree	disagree	agree	agree	disagree	agree strongly	disagree strongly	disagree	disagree	agree strongly	agree strongly			85	1	7	5	Selected	Catholic	1	0	high
128	girl	disagree strongly	agree strongly	agree	disagree strongly	agree	agree strongly	agree strongly	disagree strongly	disagree strongly	disagree strongly	9	agree strongly	helemaal niet waar	agree strongly	agree strongly	disagree strongly	agree strongly	agree strongly	agree strongly	disagree strongly	agree strongly	disagree strongly	agree strongly	agree strongly	agree strongly	disagree strongly	agree strongly	agree strongly	disagree strongly	agree strongly	disagree strongly	disagree strongly	disagree strongly	agree strongly	disagree strongly	agree strongly	agree strongly	agree strongly	agree strongly	agree strongly	disagree strongly	disagree strongly	agree strongly	disagree strongly	disagree strongly	agree strongly	disagree strongly	agree strongly			90.5	1	8	5	Selected	Catholic	1	0	high
128	girl	agree strongly	disagree strongly	agree strongly	disagree strongly	agree strongly	agree strongly	disagree strongly	agree strongly	disagree strongly	disagree strongly	10	agree strongly	helemaal niet waar	agree strongly	agree	disagree strongly	agree	disagree	agree	disagree strongly	agree strongly	disagree strongly	agree strongly	agree strongly	agree	agree strongly	agree strongly	disagree	agree	disagree	disagree	disagree strongly	agree strongly	disagree	agree	agree	agree strongly	agree strongly	agree	disagree	agree	agree	agree strongly	disagree	disagree strongly	agree	agree	agree strongly			88	1	12	5	Selected	Catholic	1	0	high
131	girl	agree	agree strongly	agree	disagree strongly	disagree	agree strongly	agree	agree	agree	disagree strongly	8	agree strongly	helemaal niet waar	agree strongly	agree strongly	disagree strongly	agree strongly	agree	agree strongly	disagree strongly	agree strongly	disagree strongly	agree	agree strongly	agree	disagree strongly	agree strongly	agree	disagree strongly	agree strongly	disagree strongly	disagree strongly	disagree strongly	agree	agree	agree strongly	agree strongly	agree strongly	agree	agree	disagree strongly	disagree strongly	agree strongly	disagree	disagree strongly	agree	disagree strongly	agree strongly			91.5	1	16	5	Selected	Catholic	1	0	high
124	girl	agree	disagree	disagree strongly	disagree strongly	disagree	agree	disagree	disagree	disagree	disagree	7	agree strongly	helemaal niet waar	disagree	agree	disagree strongly	agree strongly	agree strongly	agree strongly	disagree	agree strongly	disagree strongly	agree	agree strongly	agree	disagree	agree strongly	agree strongly	disagree strongly	agree strongly	disagree	disagree strongly	disagree	agree strongly	disagree strongly	agree strongly	disagree strongly	agree strongly	agree	agree strongly	agree strongly	disagree strongly	agree strongly	disagree	disagree strongly	agree strongly	disagree	agree strongly			84	1	18	5	Selected	Catholic	1	0	high
126	girl	agree	disagree	agree	disagree	disagree strongly	agree strongly	disagree	agree	agree	disagree strongly	7	agree strongly	helemaal niet waar	disagree strongly	agree	disagree strongly	agree	disagree	disagree	disagree strongly	agree strongly	disagree strongly	agree	agree strongly	agree	disagree	disagree	disagree strongly	disagree strongly	disagree	disagree strongly	disagree strongly	disagree strongly	disagree	disagree	disagree	agree strongly	agree	disagree	agree	disagree	disagree	agree strongly	disagree	disagree	disagree	disagree strongly	agree			89	1	0	6	Selected	Catholic	1	0	high
119	girl	disagree strongly	agree	disagree strongly	disagree strongly	disagree strongly	agree strongly	agree	disagree	disagree strongly	disagree strongly		agree strongly	helemaal niet waar	disagree strongly	disagree	disagree strongly	agree strongly	agree	disagree	disagree strongly	agree strongly	disagree strongly	agree strongly	agree strongly	agree	disagree strongly	disagree	disagree strongly	disagree strongly	agree	disagree strongly	disagree strongly	disagree strongly	agree	disagree	agree strongly	disagree	disagree	disagree	disagree strongly	disagree	disagree	agree strongly	disagree strongly	disagree	disagree	disagree	disagree			84.8	1	7	6	Selected	Catholic	1	0	high
124	girl	disagree strongly	agree strongly	disagree strongly	disagree strongly	agree	agree strongly	agree	disagree strongly	disagree strongly	disagree strongly	9	agree strongly	niet echt waar	agree	agree strongly	disagree strongly	agree strongly	disagree	agree	disagree strongly	agree strongly	disagree strongly	agree strongly	agree strongly	disagree	agree	agree strongly	agree	disagree strongly	agree strongly	disagree strongly	disagree strongly	disagree strongly	disagree	disagree	agree strongly	agree	agree strongly	agree	agree strongly	agree	disagree strongly	agree strongly	agree	disagree	agree strongly	disagree	agree strongly			72.5	1	8	6	Selected	State	0	1	high
127	girl	disagree strongly	agree	disagree strongly	disagree strongly	disagree	disagree strongly	disagree	disagree	disagree	disagree strongly	7	agree strongly	helemaal niet waar	agree	agree	disagree strongly	agree	disagree	disagree	disagree strongly	agree	disagree strongly	agree strongly	agree strongly	agree	agree	agree strongly	disagree	disagree strongly	disagree	disagree strongly	disagree strongly	disagree strongly	agree	disagree strongly	disagree	disagree	agree	disagree	agree	disagree strongly	disagree strongly	agree strongly	disagree strongly	disagree strongly	disagree	agree	agree			83	1	12	6	Selected	COE	0	0	high
125	girl	disagree	agree	disagree	agree strongly	agree	agree strongly	agree	disagree	disagree	disagree	9	agree strongly	niet echt waar	agree	agree	disagree strongly	agree	agree strongly	agree strongly	disagree strongly	agree strongly	disagree strongly	agree strongly	agree strongly	agree	agree	agree strongly	agree strongly	disagree strongly	agree	disagree strongly	disagree strongly	disagree	agree strongly	disagree	agree	agree	agree	agree	agree	disagree	disagree	agree strongly	disagree strongly	disagree	agree	agree strongly	agree			92.4	1	14	6	Selected	COE	0	0	high
126	girl	agree	disagree	agree strongly	disagree strongly	disagree strongly	agree strongly	disagree	agree	agree	disagree strongly	10	agree strongly	helemaal niet waar	agree	agree strongly	disagree strongly	agree strongly	agree strongly	agree strongly	disagree strongly	agree strongly	disagree strongly	agree strongly	agree strongly	agree strongly	disagree	agree strongly	agree strongly	disagree strongly	agree strongly	disagree strongly	disagree strongly	disagree strongly	agree strongly	disagree strongly	agree strongly	agree strongly	agree strongly	agree strongly	agree strongly	agree	disagree	agree strongly	disagree strongly	disagree	agree strongly	disagree strongly	agree			89	1	14	6	Selected	COE	0	0	high
133	girl	disagree	disagree strongly	disagree strongly	disagree strongly	agree	agree strongly	agree strongly	disagree strongly	disagree strongly	disagree strongly	10	agree strongly	helemaal niet waar	agree strongly	agree	disagree strongly	agree strongly	agree strongly	agree	disagree strongly	agree strongly	disagree strongly	agree strongly	agree strongly	agree strongly	agree	agree strongly	agree	disagree strongly	agree	disagree	disagree strongly	agree	agree strongly	agree	agree strongly	agree	agree strongly	agree	agree	agree	agree	agree strongly	disagree strongly	agree	agree	agree	agree			63.5	1	15	6	Selected	COE	0	0	high
120	girl	disagree strongly	agree strongly	disagree strongly	disagree strongly	agree	disagree strongly	agree strongly	disagree strongly	disagree strongly	disagree strongly	9	agree strongly	helemaal niet waar	agree strongly	agree	disagree strongly	agree	agree strongly	agree	disagree strongly	agree strongly	disagree strongly	agree strongly	agree strongly	agree	agree	agree strongly	agree	disagree	agree strongly	agree	disagree strongly	disagree strongly	agree strongly	agree	agree	agree	agree strongly	agree	agree	disagree strongly	disagree strongly	agree strongly	disagree strongly	disagree strongly	agree	agree	agree			75	1	16	6	Selected	COE	0	0	high
129	girl	disagree strongly	agree strongly	disagree	disagree strongly	agree	agree strongly	agree strongly	disagree strongly	disagree strongly	disagree strongly	9	agree strongly	een beetje waar	agree strongly	agree	disagree strongly	agree strongly	agree	agree	disagree strongly	agree strongly	disagree strongly	agree strongly	agree strongly	agree	agree strongly	agree strongly	disagree	disagree strongly	disagree	disagree strongly	disagree strongly	disagree strongly	agree strongly	agree	agree	disagree	agree	agree	agree	disagree strongly	agree strongly	agree strongly	disagree strongly	disagree strongly	agree	agree	agree			80	1	4	6	Selected	State	0	1	high
122	girl	disagree strongly	agree	agree	disagree strongly	agree	agree strongly	agree strongly	disagree strongly	agree	disagree strongly	9	agree	niet echt waar	agree strongly	agree	disagree strongly	disagree	agree	agree	agree	agree	disagree strongly	disagree	agree strongly	agree	disagree	agree strongly	agree	disagree strongly	disagree strongly	disagree	disagree strongly	disagree strongly	agree strongly	agree	agree	agree	agree	agree	agree	disagree	disagree	agree strongly	disagree	agree	agree	agree strongly	agree			78.5	0	10	6	Selected	State	0	1	high
127	girl	agree	agree	agree strongly	disagree strongly	disagree	agree strongly	disagree	agree	agree	disagree	8	agree strongly	helemaal niet waar	agree	agree	disagree strongly	agree	agree	agree strongly	disagree strongly	agree strongly	disagree strongly	disagree	agree strongly	agree strongly	agree	agree strongly	agree strongly	disagree strongly	agree	agree	disagree strongly	disagree strongly	agree strongly	agree	agree strongly	agree strongly	agree	agree	agree	disagree	disagree strongly	agree strongly	disagree strongly	disagree strongly	agree	disagree	agree			89	1	10	6	Selected	State	0	1	high
122	girl	disagree strongly	agree strongly	disagree	disagree strongly	agree strongly	agree strongly	agree strongly	disagree strongly	disagree strongly	disagree strongly	10	agree strongly	niet echt waar	agree	agree	disagree strongly	agree	agree strongly	agree strongly	disagree strongly	agree	disagree strongly	disagree	agree strongly	agree	disagree strongly	agree strongly	agree strongly	disagree strongly	agree	disagree	disagree strongly		agree	disagree	agree	agree	agree	agree	agree	agree	disagree	agree strongly	disagree	disagree strongly	agree	disagree strongly	disagree			93	1	10	6	Selected	State	0	1	high
129	girl	disagree strongly	agree strongly	agree	agree	disagree strongly	agree strongly	agree	disagree strongly	agree	disagree strongly	10	agree	helemaal niet waar	agree strongly	agree	disagree strongly	agree strongly	disagree	agree	disagree strongly	agree	disagree strongly	agree strongly	agree strongly	agree	agree	agree strongly	agree	disagree strongly	disagree	disagree	disagree strongly	disagree	agree	agree	agree	agree	agree	agree	disagree	disagree strongly	disagree	agree strongly	disagree	disagree strongly	disagree	disagree	agree			82	1	10	6	Selected	State	0	1	high
126	girl	agree	agree	agree strongly	disagree strongly	agree	agree strongly	agree	agree	disagree strongly	disagree strongly	10	agree strongly	helemaal niet waar	agree strongly	agree strongly	disagree strongly	agree strongly	agree	agree	agree	agree strongly	disagree strongly	agree strongly	agree strongly	agree	disagree strongly	agree strongly	agree	disagree strongly	agree strongly	disagree strongly	disagree strongly	disagree strongly	agree	disagree strongly	agree strongly	agree	agree	agree strongly	agree strongly	agree	disagree	agree strongly	disagree	disagree strongly	agree strongly	disagree	agree strongly			83.9	1	10	6	Selected	State	0	1	high
122	girl	disagree strongly	agree	disagree	disagree	agree	agree	agree strongly	disagree strongly	disagree strongly	disagree strongly	9	agree	niet echt waar	agree strongly	agree strongly	disagree strongly	agree	agree strongly	agree strongly	agree	disagree	disagree strongly	disagree	agree	agree	disagree	agree strongly	agree strongly	disagree strongly	agree	disagree strongly	disagree	agree	agree strongly	disagree	disagree	disagree strongly	agree	agree	agree strongly	disagree strongly	disagree strongly	agree	disagree strongly	disagree strongly	agree	agree	disagree			90	1	10	6	Selected	State	0	1	high
125	girl	disagree strongly	agree	disagree	agree	disagree strongly	agree strongly	agree	agree	disagree strongly	agree	7	agree strongly	een beetje waar	agree strongly	agree	disagree strongly	agree strongly	agree	agree	disagree strongly	agree strongly	disagree strongly	agree strongly	agree strongly	agree	agree	agree strongly	agree	disagree strongly	agree	disagree	disagree strongly	disagree strongly	agree	agree	agree strongly	agree	agree	agree	agree	disagree	disagree	agree strongly	disagree	disagree strongly	agree	disagree	agree			81.5	1	10	6	Selected	State	0	1	high
137	girl	disagree strongly	agree strongly	disagree strongly	disagree strongly	disagree	agree strongly	agree strongly	disagree strongly	disagree strongly	disagree strongly	8	agree strongly	helemaal niet waar	disagree	agree	disagree strongly	agree	disagree	disagree	disagree strongly	agree strongly	disagree strongly	agree strongly	agree strongly	agree	disagree strongly	agree strongly	disagree	disagree	agree	disagree strongly	disagree strongly	disagree strongly	agree	disagree	agree	agree	agree	agree	disagree	disagree	disagree	agree strongly	disagree strongly	disagree strongly	agree	disagree strongly	agree			76	1	10	6	Selected	State	0	1	high
132	girl	disagree strongly	agree strongly	disagree strongly	disagree strongly	agree strongly	agree strongly	agree strongly	disagree strongly	disagree strongly	disagree strongly	9	agree	een beetje waar	agree	disagree strongly	disagree strongly	disagree	agree	agree	disagree	agree	disagree strongly	agree strongly	agree	agree strongly	agree strongly	agree	disagree	agree	agree	disagree	disagree strongly	disagree	agree	agree	disagree	agree	agree strongly	agree	agree	disagree	agree	agree strongly	disagree		agree	agree	disagree			75	1	10	6	Selected	State	0	1	high
125	girl	disagree strongly	agree strongly	disagree strongly	disagree	agree	agree strongly	agree strongly	disagree strongly	disagree strongly	disagree strongly	9	agree strongly	helemaal niet waar	disagree	agree strongly	disagree strongly	agree strongly	agree	agree	disagree strongly	agree strongly	disagree strongly	agree strongly	disagree strongly	agree	disagree	disagree	agree strongly	disagree strongly	agree	disagree strongly	disagree strongly	agree strongly	agree	disagree strongly	agree	agree	agree	agree strongly	agree strongly	disagree	disagree strongly	agree strongly	disagree	disagree	agree strongly	disagree strongly	agree strongly			90	1	10	6	Selected	State	0	1	high
122	girl	agree	agree	disagree	disagree strongly	disagree	agree strongly	agree	disagree	disagree strongly	disagree strongly	7	agree strongly	niet echt waar	agree	agree strongly	disagree strongly	agree	agree strongly	agree strongly	disagree strongly	agree strongly	disagree strongly	agree strongly	agree strongly	agree	disagree strongly	agree	agree strongly	disagree strongly	agree strongly	disagree strongly	disagree strongly	disagree strongly	agree strongly	agree	agree	agree	agree	agree strongly	agree strongly	disagree strongly	disagree strongly	agree strongly	disagree strongly	disagree strongly	agree strongly	disagree	agree			83.5	1	10	6	Selected	State	0	1	high
127	girl	agree strongly	disagree strongly	agree strongly	agree strongly	disagree strongly	disagree	agree	agree strongly	agree	agree strongly	2	agree strongly	niet echt waar	agree strongly	agree	disagree strongly	agree	agree	agree	disagree strongly	agree	disagree strongly	agree	agree	agree strongly	agree	agree strongly	agree	disagree strongly	agree	disagree strongly	agree	disagree strongly	agree strongly	agree	agree	disagree	agree	agree	agree	disagree strongly	agree	agree	disagree strongly	disagree strongly	agree	agree strongly	agree strongly			87.1	1	6	7	Selected	State	0	1	high
128	girl	agree	disagree strongly	agree strongly	agree strongly	disagree strongly	disagree strongly	disagree strongly	disagree strongly	agree strongly	agree strongly	0	agree strongly	niet echt waar	agree strongly	agree	disagree strongly	agree	disagree strongly	agree	disagree	agree	disagree strongly	disagree	agree	disagree	disagree strongly	agree strongly	disagree	disagree strongly	agree	agree	disagree strongly	disagree strongly	agree	agree strongly	agree	disagree	agree	disagree strongly	disagree	disagree strongly	agree strongly	agree strongly	agree	disagree strongly	disagree strongly	agree strongly	agree strongly			75.7	1	10	7	Selected	State	0	1	high
126	girl	disagree	agree	disagree	disagree	disagree strongly	agree	agree	disagree	agree	disagree strongly	8	agree strongly	niet echt waar	disagree strongly	agree	disagree strongly	agree	agree strongly	agree strongly	disagree strongly	agree	disagree strongly	agree	agree strongly	agree strongly	disagree strongly	agree	agree strongly	disagree strongly	agree	disagree strongly	disagree strongly	disagree strongly	agree strongly	disagree strongly	agree	disagree	agree	agree	agree strongly	agree	disagree strongly	agree strongly	disagree strongly	disagree	agree	disagree	disagree			94.1	1	12	7	Selected	State	0	1	high
118	girl	disagree	disagree	agree strongly	agree strongly	disagree strongly	agree	disagree strongly	agree	agree strongly	agree	7	agree	helemaal niet waar	agree strongly	agree strongly	disagree strongly	agree strongly	disagree strongly	agree	disagree strongly	agree	disagree strongly	agree strongly	agree strongly	disagree	disagree strongly	agree strongly	agree	disagree strongly	agree strongly	disagree strongly	disagree strongly	agree strongly	disagree	agree strongly	agree strongly	disagree	agree strongly	agree	agree	disagree strongly	disagree strongly	agree strongly	agree	disagree strongly	agree	agree	agree strongly			85.6	1	13	7	Selected	State	0	1	high
129	girl	agree	agree strongly	disagree	agree strongly	agree	agree strongly	agree strongly	disagree strongly	disagree strongly	disagree strongly	9	disagree	helemaal niet waar	agree strongly	agree	disagree strongly	agree strongly	agree strongly	agree strongly	agree	disagree strongly	disagree strongly	agree	agree strongly	agree	agree strongly	agree strongly	agree strongly	disagree	disagree strongly	disagree strongly	disagree strongly	agree strongly	agree strongly	agree strongly	agree	disagree strongly	agree	agree strongly	agree	agree strongly	disagree strongly	agree	disagree strongly	disagree strongly	agree	agree strongly	disagree			90	1	14	7	Selected	State	0	1	high
118	girl	disagree	agree	disagree	disagree strongly	agree	agree strongly	agree	disagree strongly	disagree strongly	disagree strongly	8	agree strongly	helemaal niet waar	agree strongly	agree	disagree strongly	agree strongly	agree	agree	disagree strongly	agree strongly	disagree strongly	agree strongly	agree strongly	agree	disagree strongly	agree strongly	agree	disagree strongly	agree strongly	disagree strongly	disagree strongly	disagree strongly	agree	disagree strongly	agree strongly	agree strongly	agree strongly	agree	agree	agree	disagree strongly	agree strongly	disagree strongly	disagree strongly	agree	disagree strongly	agree strongly			78	1	15	7	Selected	State	0	1	high
133	girl	disagree strongly	agree	disagree	disagree	disagree strongly	agree strongly	agree	disagree	disagree strongly	disagree	8	agree	helemaal niet waar	disagree	agree strongly	disagree strongly	agree	agree strongly	agree	disagree strongly	agree strongly	disagree strongly	agree strongly	agree strongly	agree strongly	disagree strongly	agree	agree	disagree strongly	agree	disagree	disagree strongly	disagree strongly	agree strongly	disagree strongly	agree strongly	agree	agree	agree strongly	agree	disagree	disagree strongly	agree strongly	disagree strongly	disagree	agree	disagree	agree			84	1	18	7	Selected	Catholic	1	0	high
122	girl	disagree	agree	agree	agree	disagree strongly	agree	disagree	agree	agree	disagree strongly	7	agree	helemaal niet waar	agree strongly	agree	disagree strongly	agree strongly	agree	agree	disagree	agree strongly	disagree strongly	agree	agree strongly	agree	disagree	agree	agree	disagree strongly	disagree	disagree strongly	disagree strongly	agree strongly	agree	disagree	agree	agree	agree strongly	agree	agree	disagree strongly	disagree	agree strongly	disagree	disagree strongly	agree	disagree	agree			86.6	1	10	8	Selected	Catholic	1	0	high
131	girl	disagree	disagree strongly	agree	disagree	agree	agree strongly	agree strongly	disagree strongly	disagree strongly	agree	10	agree strongly	helemaal niet waar	agree strongly	agree strongly	disagree strongly	agree strongly	agree	agree	disagree strongly	agree	disagree strongly	agree strongly	agree strongly	agree	disagree strongly	agree strongly	agree	disagree strongly	agree strongly	disagree	disagree strongly	disagree strongly	agree	agree	agree strongly	agree strongly	agree strongly	agree	agree	disagree strongly	disagree strongly	agree strongly	disagree strongly	disagree strongly	agree	disagree strongly	agree strongly			89.4	1	12	8	Selected	Catholic	1	0	high
128	girl	agree	agree strongly	agree strongly	disagree strongly	disagree	agree strongly	agree	disagree	disagree strongly	disagree strongly	8	agree strongly	niet echt waar	agree strongly	agree	disagree strongly	agree	disagree	agree	disagree strongly	agree	disagree strongly	agree strongly	agree strongly	disagree	agree	agree strongly	agree	disagree strongly	agree strongly	disagree	disagree strongly	agree	disagree	disagree	agree	agree	agree strongly	agree	agree	disagree strongly	disagree	agree strongly	agree	disagree strongly	agree	agree	agree			78	1	12	8	Selected	Catholic	1	0	high
128	girl	agree strongly	agree	disagree	disagree strongly	disagree strongly	agree strongly	agree strongly	disagree strongly	disagree strongly	disagree strongly	9	agree strongly	helemaal niet waar	agree	agree strongly	disagree strongly	agree strongly	agree	agree	disagree strongly	agree strongly	disagree strongly	agree strongly	agree strongly	agree	disagree strongly	agree strongly	agree	disagree strongly	agree strongly	disagree strongly	disagree strongly	disagree strongly	agree	disagree strongly	agree strongly	agree strongly	agree strongly	agree	agree	disagree strongly	disagree strongly	agree strongly	disagree strongly	disagree strongly	agree	disagree strongly	agree strongly			93	1	13	8	Selected	Catholic	1	0	high
124	girl	disagree	agree strongly	agree	agree	disagree	agree strongly	agree	agree	agree	agree strongly	5	agree strongly	een beetje waar	disagree	disagree	disagree strongly	disagree	agree strongly	agree strongly	disagree	disagree	disagree strongly	disagree	agree	agree	agree	agree strongly	agree	disagree	disagree	agree	disagree strongly	agree	agree	agree	agree strongly	disagree strongly	disagree	agree	agree	disagree	disagree strongly	agree	disagree strongly	agree	agree	agree strongly	agree strongly			72.9	1	14	8	Selected	Catholic	1	0	high
122	girl	agree strongly	disagree strongly	agree strongly	agree strongly	disagree strongly	agree strongly	disagree strongly	agree strongly	agree strongly	disagree strongly	6	agree strongly	een beetje waar	disagree strongly	agree strongly	disagree strongly	agree strongly	agree	agree	disagree strongly	agree	disagree strongly	agree strongly	agree strongly	agree	agree	disagree	agree	disagree strongly	agree strongly	disagree strongly	disagree strongly	disagree	agree strongly	agree strongly	agree	agree	agree strongly	agree strongly	agree strongly	disagree strongly	disagree strongly	agree strongly	disagree strongly	agree strongly	agree strongly	disagree	disagree			92	1	14	8	Selected	Catholic	1	0	high
129	girl	agree	agree strongly	disagree	disagree strongly	disagree strongly	agree strongly	disagree	agree	agree	disagree	9	agree strongly	een beetje waar	agree	agree	disagree strongly	agree	agree	agree	disagree strongly	agree strongly	disagree strongly	disagree	agree strongly	agree	agree	agree strongly	agree	agree	agree	disagree	disagree strongly	agree	agree	disagree strongly	disagree	disagree	agree	agree	agree	disagree strongly	disagree	agree strongly	disagree	disagree strongly	agree	disagree	agree			79.5	1	15	8	Selected	State	0	1	high
124	girl	disagree strongly	agree strongly	disagree strongly	disagree strongly	agree	agree strongly	agree strongly	disagree strongly	disagree strongly	disagree strongly	10	agree strongly	helemaal niet waar	agree strongly	agree	disagree strongly	agree	agree	agree	disagree strongly	agree strongly	disagree strongly	agree strongly	agree strongly	agree	disagree strongly	agree strongly	disagree	disagree strongly	agree strongly	disagree strongly	disagree strongly	disagree strongly	agree	disagree strongly	agree strongly	agree strongly	agree strongly	agree strongly	agree	disagree strongly	disagree strongly	agree strongly	disagree	disagree strongly	agree	disagree strongly	agree			82.5	1	15	8	Selected	State	0	1	high
129	girl	disagree strongly	agree strongly	agree	disagree strongly	agree	agree strongly	agree strongly	disagree strongly	disagree strongly	disagree strongly	9	agree strongly	helemaal niet waar	agree	disagree	disagree strongly	agree	disagree	agree	disagree strongly	agree strongly	disagree strongly	agree	agree strongly	agree	disagree strongly	agree strongly	disagree	agree	agree	agree	disagree strongly	disagree strongly	agree	disagree strongly	agree strongly	agree strongly	agree	agree	disagree strongly	agree	disagree strongly	agree strongly	disagree strongly	disagree strongly	disagree	disagree	agree			85	1	15	8	Selected	State	0	1	high
130	girl	disagree strongly	agree strongly	agree	disagree strongly	agree	agree strongly	agree strongly	disagree strongly	disagree strongly	disagree strongly	10	agree strongly	helemaal niet waar	agree	agree	disagree strongly	agree	agree strongly	agree strongly	disagree strongly	agree	disagree strongly	agree strongly	agree strongly	agree strongly	disagree strongly	agree strongly	agree strongly	disagree strongly	agree	disagree strongly	disagree strongly	agree strongly	agree strongly	disagree strongly	agree	agree	agree strongly	agree strongly	agree strongly	disagree strongly	disagree	agree strongly	disagree strongly	disagree strongly	agree strongly	disagree	disagree			86	0	16	8	Selected	State	0	1	high
125	girl	disagree	agree	disagree	agree	disagree	agree strongly	agree strongly	agree	disagree strongly	disagree strongly	9	agree strongly	helemaal niet waar	agree	agree strongly	disagree strongly	agree	agree	agree strongly	disagree strongly	agree strongly	disagree strongly	disagree	agree strongly	agree	disagree	agree	agree strongly	disagree strongly	agree	disagree strongly	disagree strongly	disagree strongly	agree strongly	disagree	agree	agree strongly	agree	agree strongly	agree strongly	agree	disagree	agree	disagree	agree	agree strongly	agree strongly	agree			90	1	16	8	Selected	State	0	1	high
128	girl	agree strongly	disagree strongly	agree strongly	agree strongly	disagree strongly	disagree	disagree strongly	agree strongly	agree strongly	agree strongly	1	agree strongly	helemaal niet waar	agree strongly	agree	disagree	agree strongly	agree strongly	agree	disagree strongly	agree strongly	disagree strongly	agree	agree strongly	agree strongly	disagree strongly	agree strongly	agree strongly	disagree strongly	agree	disagree strongly	disagree strongly	disagree strongly	agree strongly	disagree strongly	agree strongly	agree	agree strongly	agree strongly	agree	disagree strongly	disagree strongly	agree	disagree strongly	disagree strongly	agree	disagree	agree			92.1	1	16	8	Selected	State	0	1	high
126	girl	disagree strongly	agree	disagree strongly	agree strongly	agree	agree strongly	agree strongly	disagree strongly	disagree strongly	disagree strongly	9	agree strongly	een beetje waar	agree strongly	agree strongly	disagree strongly	agree strongly	agree strongly	agree strongly	disagree strongly	agree strongly	disagree strongly	agree strongly	agree strongly	agree strongly	disagree strongly	agree strongly	agree strongly	disagree strongly	agree strongly	disagree strongly	disagree strongly	disagree strongly	agree strongly	disagree strongly	agree strongly	agree strongly	agree strongly	agree strongly	agree	disagree strongly	disagree strongly	agree strongly	disagree strongly	disagree strongly	agree	disagree strongly	agree strongly			89	1	16	8	Selected	State	0	1	high
126	girl	agree	disagree	agree	agree strongly	disagree	agree	disagree	agree	agree	disagree	9	agree strongly	niet echt waar	agree strongly	agree strongly	disagree	agree strongly	agree	agree	disagree	agree strongly	disagree strongly	agree	agree strongly	agree strongly	disagree strongly	agree strongly	agree	disagree strongly	agree	disagree strongly	disagree strongly	disagree strongly	agree strongly	disagree strongly	agree	agree strongly	agree	agree	agree	agree	disagree strongly	agree	disagree strongly	disagree strongly	agree	disagree strongly	agree			85.5	1	18	8	Selected	State	0	1	high
123	girl	disagree strongly	agree strongly	disagree strongly	disagree strongly	agree	agree strongly	agree strongly	disagree strongly	disagree strongly	disagree strongly	10	agree strongly	helemaal niet waar	agree strongly	agree strongly	disagree strongly	agree	agree	agree strongly	disagree strongly	agree strongly	disagree strongly	agree strongly	agree strongly	agree strongly	disagree strongly	agree strongly	agree	disagree strongly	agree	disagree strongly	disagree strongly	disagree strongly	agree strongly	disagree strongly	agree	agree strongly	agree strongly	agree strongly	agree strongly	disagree strongly	disagree strongly	agree strongly	disagree strongly	disagree strongly	agree strongly	agree strongly	agree			86.5	1	14	9	Selected	State	0	1	high
126	girl	agree	agree	disagree	disagree	disagree strongly	agree strongly	agree	agree	disagree	disagree	7	agree	een beetje waar	agree	agree	disagree strongly	agree	agree	agree	agree	disagree	disagree strongly	agree strongly	agree	agree	disagree	agree strongly	agree	disagree strongly	agree	disagree	disagree strongly	agree	agree	agree	agree	disagree	agree	agree	disagree	disagree	disagree	agree strongly	disagree strongly	disagree	disagree	agree	agree			85	1	16	9	Selected	State	0	1	high
122	girl	disagree	agree strongly	disagree	agree strongly	disagree	agree strongly	agree	disagree	disagree strongly	agree	10	agree strongly	helemaal niet waar	agree	agree	disagree strongly	agree strongly	agree strongly	agree	disagree strongly	agree strongly	disagree strongly	agree	agree strongly	agree	disagree strongly	agree	agree	disagree strongly	agree strongly	disagree strongly	disagree strongly	disagree strongly	agree	disagree strongly	agree strongly	agree strongly	agree strongly	agree	agree	disagree strongly	disagree strongly	agree strongly	disagree strongly	disagree	agree	disagree strongly	agree			89	1	16	9	Selected	State	0	1	high
124	girl	disagree	agree strongly	disagree strongly	disagree strongly	agree	agree strongly	agree strongly	disagree strongly	disagree strongly	disagree strongly	9	agree strongly	een beetje waar	agree strongly	agree strongly	disagree strongly	agree strongly	agree	agree strongly	disagree strongly	agree strongly	disagree strongly	agree strongly	agree strongly	agree strongly	agree	agree strongly	agree	disagree strongly	agree strongly	disagree strongly	disagree strongly	agree strongly	agree strongly	agree	agree	agree strongly	agree strongly	agree	agree	disagree strongly	disagree strongly	agree strongly	disagree strongly	disagree strongly	agree	disagree strongly	agree strongly			80.5	1	16	9	Selected	State	0	1	high
120	girl	disagree	agree strongly	disagree strongly	disagree strongly	disagree	agree strongly	agree	disagree strongly	disagree strongly	disagree strongly	10	agree strongly	helemaal niet waar	agree	agree	disagree strongly	agree	agree	agree	disagree strongly	agree strongly	disagree strongly	agree strongly	agree strongly	agree strongly	disagree strongly	agree	agree	disagree strongly	agree	disagree strongly	disagree strongly	agree strongly	agree	disagree strongly	agree	agree strongly	agree	agree	agree	disagree	disagree strongly	agree strongly	disagree strongly	disagree	agree	disagree strongly	agree strongly			85	0	15	10	Selected	State	0	1	high
124	girl	disagree strongly	agree strongly	disagree	disagree strongly	agree strongly	agree strongly	agree strongly	disagree strongly	disagree strongly	disagree strongly	9	agree strongly	helemaal niet waar	disagree	agree strongly	disagree strongly	agree	agree strongly	agree strongly	disagree strongly	agree	disagree strongly	agree strongly	agree strongly	agree strongly	disagree strongly	agree	agree strongly	disagree strongly	agree strongly	disagree strongly	disagree strongly	disagree strongly	agree strongly	disagree strongly	agree strongly	agree	agree strongly	agree strongly	agree strongly	agree	disagree strongly	agree strongly	disagree strongly	disagree	agree strongly	disagree	agree			93	1	16	10	Selected	State	0	1	high
130	girl	agree	disagree	agree	agree	disagree strongly	agree	disagree	agree	agree strongly	disagree strongly	4	agree strongly	helemaal waar	disagree	agree strongly	disagree strongly	agree strongly	agree strongly	agree strongly	disagree strongly	disagree	disagree strongly	agree strongly	agree	agree	disagree	agree strongly	agree strongly	disagree strongly	disagree	disagree strongly	disagree strongly	disagree	agree strongly	disagree	agree	disagree	disagree	agree	agree strongly	agree	agree	agree strongly	disagree strongly	agree	agree	agree strongly	agree			94	1	16	10	Selected	State	0	1	high
126	girl	disagree strongly	agree	disagree	disagree strongly	agree	agree strongly	agree	disagree	disagree strongly	disagree strongly	8	agree strongly	helemaal niet waar	agree strongly	agree strongly	disagree strongly	agree strongly	agree strongly	agree strongly	disagree strongly	agree	disagree strongly	agree	agree strongly	agree strongly	agree	agree strongly	agree strongly	disagree strongly	agree strongly	disagree	disagree strongly	agree strongly	agree strongly	disagree strongly	agree	agree	agree strongly	agree strongly	agree strongly	disagree strongly	disagree strongly	agree	disagree strongly	disagree strongly	agree strongly	disagree strongly	agree			91.1	1	16	10	Selected	State	0	1	high
125	girl	disagree strongly	agree strongly	disagree strongly	disagree strongly	agree	agree strongly	agree strongly	disagree strongly	disagree strongly	disagree strongly	10	agree strongly	een beetje waar	disagree	agree	disagree strongly	agree	agree	agree	disagree	agree	disagree strongly	agree strongly	agree strongly	agree	disagree strongly	agree strongly	agree	disagree strongly	agree	disagree	disagree strongly	agree	agree strongly	disagree strongly	agree	agree	agree	agree	agree	disagree	disagree	agree strongly	disagree strongly	disagree strongly	disagree	agree	agree			82	1	16	10	Selected	State	0	1	high
120	girl	agree strongly	disagree strongly	agree strongly	agree strongly	disagree strongly	disagree	disagree strongly	agree strongly	agree strongly	agree strongly	1	agree strongly	helemaal niet waar	agree strongly	agree strongly	disagree	agree strongly	agree	agree	disagree strongly	agree strongly	disagree strongly	disagree	agree strongly	agree	agree	agree strongly	agree	disagree strongly	agree	disagree	disagree strongly	disagree strongly	agree	disagree	agree strongly	agree	agree	agree	agree	disagree strongly		agree	disagree	disagree strongly	agree strongly	disagree	disagree			87.4	1	17	10	Selected	State	0	1	high
125	girl	agree strongly	disagree strongly	disagree strongly	agree strongly	disagree strongly	agree strongly	disagree strongly	agree strongly	agree strongly	disagree strongly	0	disagree	een beetje waar	agree strongly	agree	disagree strongly	agree	agree	agree	agree strongly	agree	disagree strongly	agree strongly	agree strongly	agree	disagree strongly	agree strongly	agree	disagree strongly	agree strongly	disagree	disagree strongly	agree	agree	agree	agree	agree	agree	agree	agree	agree strongly	agree	agree strongly	disagree	disagree strongly	agree	agree strongly	agree			85.9	1	17	10	Selected	State	0	1	high
137	boy	agree strongly	disagree	disagree	agree strongly	disagree strongly	agree strongly	disagree					agree strongly	helemaal niet waar	agree strongly	agree	disagree														agree strongly	agree	disagree strongly	disagree	disagree	agree	agree strongly							agree strongly	agree	disagree strongly	disagree strongly	agree strongly	agree strongly	56.77	54.7	62.7	1	18	5	Not Selected	State	0	1	high
121	boy	agree strongly	disagree strongly	disagree strongly	agree strongly	agree strongly	disagree strongly	agree strongly	agree strongly	disagree strongly	agree strongly																																							60	63	62.5	1	2	3	Not Selected	State	0	1	high
	boy	disagree strongly	disagree strongly	agree strongly	agree strongly	agree strongly	agree strongly	agree strongly	agree	disagree	agree	10																																								73	0	0	2	Not Selected	State	0	1	high
