imdbId,total_viewership,total_cost
tt0109830,34734598,190432453
tt0169547,50470477,177855951
tt0033467,88192264,201615303
tt0017136,31139963,298735921
tt0266697,72642325,195496574
tt0105695,74755785,219264759
tt0338013,55245801,273241940
tt0245712,2221945,224497779
tt0114746,84622861,258238360
tt0287467,71922560,280829056
tt0249462,26728288,131740041
tt0407304,2965548,288271541
tt0430357,66258654,168004571
tt0082971,37019945,290491026
tt0087469,52791638,182036130
tt0097576,46094702,209858891
tt0086960,33461124,185938903
tt0120591,83809698,199741253
tt0092644,77076946,155770467
tt0172495,66771319,281485527
tt0185125,60038570,232805865
tt0110413,86908207,221978506
tt0075314,120338,244504704
tt0130827,6593998,191681075
tt0088763,82745443,256075095
tt0208092,1598195,148256352
tt0108394,89294212,294633170
tt0111507,32657347,276112384
tt0111495,35093138,269348435
tt0086250,15547339,153806956
tt0243862,19185054,163416900
tt0100405,56942655,299381617
tt0118715,72427832,245161175
tt0094226,40119165,292359909
tt0190590,69030238,189782063
tt0107048,42357916,208115855
tt0275491,86373893,218379523
tt0246578,71708067,219815242
tt0388795,81378091,211873804
tt0093191,71452058,261856237
tt0190332,65690569,239788032
tt0053198,14887219,233088582
tt0083511,21203852,297482605
tt0079945,99000764,150682849
tt0335266,39064686,186770260
tt0084726,63064761,263079425
tt0088170,86707126,226259721
tt0054698,6535470,273617843
tt0096874,82069471,195446302
tt0092007,25813114,285832667
tt0098382,62380812,203017785
tt0102975,18883323,279197949
tt0095250,31391620,149244883
tt0109303,5416306,227182981
tt0181689,52306636,136988857
tt0425210,21080953,281136635
tt0458481,36470182,177381297
tt0111280,48942662,154638316
tt0211915,45186792,142568969
tt0099088,66572835,189870873
tt0112573,39568691,153107384
tt0117731,61863550,159186451
tt0120844,58846336,253636223
tt0253754,44538656,297094042
tt0070379,7881759,242873597
tt0046268,64675546,225310556
tt0097165,94364744,231325124
tt0053125,87667810,284727916
tt0071141,910848,244812282
tt0367882,16264261,141121444
tt0088247,81975886,214127861
tt0441909,25052501,289792037
tt0086066,1948192,157674427
tt0010323,28531314,296847531
tt0068646,41693444,139373728
tt0071562,37033037,133061271
tt0146882,24368550,131408764
tt0024216,43171303,247118278
tt0276751,44505440,229490738
tt0055312,96721719,235440805
tt0098621,89988971,204721995
tt0180748,5201813,253184870
tt0099653,74080885,145301626
tt0067992,84332862,234755173
tt0070328,36542204,293972217
tt0360717,30060157,274244635
tt0062695,33144610,171666788
tt1180329,97253748,144005400
tt0065651,39354198,137241451
tt0078771,26653896,135653442
tt0057345,45492464,130735729
tt0118819,49154550,197229794
tt0053472,29804939,215628082
tt0102926,42277423,168462141
tt0103064,84981708,167325625
tt0053604,88941755,208854581
tt0034583,66454891,244941990
tt0324133,69826130,257712363
tt0109254,9890051,237920282
tt0038890,13010320,135277940
tt0154420,79375779,207622851
tt0087843,21440414,297493227
tt0448124,68855659,279329091
tt0120753,25358173,290342524
tt0278504,38152987,160905444
tt0417148,34361301,279310035
tt0107290,22107317,196782984
tt0119567,18100745,130936774
tt0163025,68771649,172530229
tt0303785,46248972,212810043
tt0067140,51948159,141329819
tt0301357,62200136,201531431
tt0102536,46043541,188914158
tt0047478,68051884,130858466
tt0095953,78729042,224792252
tt0048728,54348857,298249605
tt0082096,82646801,260024806
tt0454848,48659126,179954953
tt0110361,91649930,202481151
tt0241303,81723895,124533499
tt0378194,77681510,149921786
tt0113117,26074462,292277473
tt0333766,65959468,231795059
tt0103772,9322601,260948066
tt0166896,21830898,128830456
tt0113247,29172973,248468202
tt0116209,25390511,141045282
tt0362270,11848078,284217295
tt0056801,34178752,266053162
tt0253474,18272860,227892862
tt0050706,28489020,274095706
tt0123755,80684181,166092302
tt0319262,14807118,200534673
tt0285492,66644130,297789840
tt0053779,61399821,255953121
tt0113627,71651796,194890219
tt0154421,89102497,271134885
tt0268978,54828306,188384497
tt0382330,11295003,216271759
tt0088184,60751683,121168063
tt0097240,846515,247892946
tt0162650,13972832,246304940
tt0043265,70547130,287382404
tt0119217,10646867,241834764
tt0050976,13767403,129767949
tt0120689,16784826,164274819
tt0055852,46474024,121931981
tt0314331,41265530,180010607
tt0125439,53773827,203198305
tt0454931,53809712,275379564
tt0112641,57149467,209076311
tt0080455,22820521,220903428
tt0085549,63072844,225290049
tt0054215,5423997,252137624
tt0019702,69497319,250485120
tt0407265,98730724,291498088
tt0042876,12968028,292526115
tt0069113,18344884,233954432
tt0095016,21398123,168455001
tt0120616,2084328,142559293
tt0298130,16081064,143686258
tt0112384,56345690,297403560
tt0056869,35931743,158997014
tt0073195,37015176,172687460
tt0093300,55853744,184579075
tt0322259,68693544,189030193
tt0384537,85203892,266452350
tt0274558,51655165,133522083
tt0382625,78560618,271685367
tt0071360,55133977,256266262
tt0362227,98124779,214141711
tt0120338,10432373,136194057
tt0043014,84156360,202048841
tt0083866,95825146,287426405
tt0408306,89378912,261079207
tt0050986,41624070,122608163
tt0120890,19137206,187002183
tt0077631,37653441,260644751
tt0095159,21017811,152705840
tt0087553,18322929,180528606
tt0020530,40653601,277197732
tt0018455,60646834,216849488
tt0243155,34963871,293051872
tt0092563,65383499,155564916
tt0118799,30858606,172979667
tt0116922,87239489,147212959
tt0098635,65340184,285376240
tt0264464,65806173,297800318
tt0015648,8846976,260091511
tt0212720,48696166,223852294
tt0055928,4876346,205744373
tt0038348,90518667,273613060
tt0061395,85495835,217314213
tt0101507,8127208,218233946
tt0332452,81073066,276339033
tt0013442,30341344,260790930
tt0087884,17707766,165751733
tt0057076,10652685,267184921
tt0058150,76237926,290888607
tt0059800,98409221,168413206
tt0079095,47928203,265603875
tt0062512,41844382,223831657
tt0064757,28526060,187527942
tt0364569,84692056,169355521
tt0110912,23601888,157230511
tt0066995,93408668,181054360
tt0071807,41160431,244932394
tt0112818,70107317,239950181
tt0053168,10171238,240978209
tt0076752,52710793,229433683
tt0290002,92724715,230860569
tt0081505,9356961,254499759
tt0079574,78239116,132088854
tt0082398,27722283,229344024
tt0086034,23966412,287449109
tt0071458,34218388,282120184
tt0090264,26943820,220046873
tt0093428,3395968,177986821
tt0097742,4948370,189362449
tt0113189,45809541,168989878
tt0107822,72428478,244130364
tt0120347,65659913,245222885
tt0203166,55031954,233613863
tt0092099,95081691,239104159
tt0167404,13970258,191005467
tt0093389,12499664,136333532
tt0365748,83246772,290502327
tt0119094,98767762,291564790
tt0116367,38831685,290428273
tt0071853,31521302,279600914
tt0092991,5717129,141662469
tt0000417,38017407,152457612
tt0031885,25639436,132665526
tt0028950,54514694,211998417
tt0046487,54658351,124712431
tt0023649,60724282,213736643
tt0019254,37333455,249290975
tt0083987,93714338,158873520
tt0060827,94571696,284137090
tt0161935,63112481,169927372
tt0046250,78597658,255240437
tt0063522,71542574,254168420
tt0126029,11351196,247404471
tt0298148,87824975,285273621
tt0413267,17847301,228458786
tt0080339,3754508,276405673
tt0204824,87547916,172650338
tt0050212,36816195,272967476
tt0071315,42846311,177412291
tt0022100,17127536,128845018
tt0401855,73544233,122549167
tt0082288,27690732,123057603
tt0215750,45234510,277226398
tt0265086,35900470,194987683
tt0120815,38049745,273153433
tt0086567,94502257,187022722
tt0100802,7585472,128386540
tt0093894,77678767,155822307
tt0308644,61043137,199576788
tt0468565,44922358,191570852
tt0045152,94104823,196138592
tt0379217,53352452,200589709
tt0109813,76708299,248527764
tt0158622,3413049,225139796
tt0101700,84979361,217198359
tt0029947,34176010,240966544
tt0021749,71225828,258605137
tt0112682,20207589,236764581
tt0018737,27585480,150698370
tt0032553,87329552,138637853
tt0050188,57508662,299497958
tt0112817,96404309,263129744
tt0363547,33920795,155246499
tt0097216,26865714,176390373
tt0177789,42350890,164265359
tt0069995,82400627,216266822
tt0038769,38738407,288757248
tt0057413,64773442,180938502
tt0077651,67209234,204642192
tt0113277,51091537,239020066
tt0099938,99987485,204568138
tt0351283,9671694,210252411
tt0117060,67159447,232778608
tt0120755,99746240,263109109
tt0317919,76234203,243317023
tt0015864,41833628,163619087
tt0016220,8987743,276384447
tt0051036,44707865,168381040
tt0290673,37975115,220447001
tt0056218,41310271,159513097
tt0074851,69386737,189246591
tt0015324,69566209,141083401
tt0166924,62581240,243200246
tt0085276,55526158,225324449
tt0051808,84437231,218560500
tt0102685,97635176,240506210
tt0041959,2117400,183103183
tt0460989,78519549,247561702
tt0437232,97358117,127294735
tt0443489,11344719,290634674
tt0436697,26829894,262521796
tt0134119,26937737,280001045
tt0107943,21140165,139700377
tt0367959,11674314,152857740
tt0427969,51688238,288886958
tt0498380,66851082,206940392
tt0441774,35356052,284813991
tt0468492,64302940,182171648
tt0490084,30718399,204181858
tt0144084,84153617,197482405
tt0075148,67517987,211237349
tt0083944,77223827,203747401
tt0089880,63618987,254310322
tt0095956,59827302,230389849
tt0051745,9059767,243676693
tt0414993,26832493,283311526
tt0415978,91454211,212347285
tt0120780,31482319,252627102
tt0060355,99884306,270557844
tt0101587,17513897,288891636
tt0457430,44132834,266071924
tt0396171,19967537,187448897
tt0285823,21623034,281382683
tt0445946,60518682,198503303
tt0159097,14693243,271136048
tt0103060,26879209,141763466
tt0100758,97246720,213592392
tt0108308,46515000,134612758
tt0264472,19797373,270641976
tt0369339,28887812,162823231
tt0103074,41396111,140015751
tt0162346,37389536,288347096
tt0099582,64101856,180408191
tt0090967,37061899,145625967
tt0299658,57386954,151124544
tt0120804,54692072,244993832
tt0081398,40348577,162178950
tt0457939,96442942,239004101
tt0258760,62204566,217764643
tt0332379,86280972,223714710
tt0108550,79548221,294800041
tt0204946,8759994,234382120
tt0117381,11009843,130626788
tt0058586,74465146,199956782
tt0212338,17219431,252022744
tt0101540,97099266,144148335
tt0101765,16891794,293429525
tt0106489,39544798,298863603
tt0149151,32842958,124483379
tt0202677,20142656,122895370
tt0465494,38694705,202679749
tt0119528,42070276,185503701
tt0055032,68403001,187390357
tt0117318,59628819,174354081
tt0095647,88539890,198057768
tt0399201,44078880,134742468
tt0120179,56587177,208264869
tt0141098,21796913,256267422
tt0113957,8514674,260654043
tt0463998,28417313,157495710
tt0096928,95069288,139555414
tt0109000,37420440,132855964
tt0386140,22463817,127075550
tt0108317,41051681,122609326
tt0074152,44391437,189683881
tt0799954,23941675,195762943
tt0099810,64242116,182662170
tt0350258,90896866,152638558
tt0047034,81395202,194232011
tt0048127,58586006,235027816
tt0058379,63998678,224070979
tt0107426,90622519,224265192
tt0450278,8247207,121171360
tt0498353,74863368,199109458
tt0395584,17250334,276531612
tt0112722,57824989,275330597
tt0080610,23173712,282796606
tt0058458,33354059,153424027
tt0099141,29598188,271764119
tt0460829,16602197,192784491
tt0209163,26272224,120442112
tt0497116,61189281,157972157
tt0940580,38415902,198703464
tt0097884,43864387,283496028
tt0087277,70452413,192068746
tt0112769,43823265,184853311
tt0086896,63861804,162785105
tt0054389,97066044,256654393
tt0337961,72650044,154820141
tt0469641,2967791,256671299
tt0418279,68679416,172409037
tt0059168,86922630,194354748
tt0058089,73890825,295955607
tt0060400,83525037,139491624
tt0087538,20820045,265271183
tt0060424,51285807,217623980
tt0090830,1203014,223178772
tt0181865,249601,295304364
tt0125659,23632039,238489531
tt0259711,23528382,130486125
tt0053946,7657999,275639403
tt0491747,29666340,258055757
tt0050271,13509748,220346946
tt0105665,26053859,140148095
tt0286716,69044661,162158305
tt0948470,6938233,192021279
tt0230600,72523472,283167272
tt0053804,53889082,245909952
tt0350261,66110862,185427537
tt0479884,83239231,233430091
tt0443706,33282823,174793908
tt0080678,3497748,202100680
tt0302674,56561604,274161773
tt0278435,89694216,243507459
tt0283832,11788371,238243036
tt0119141,65819831,279771990
tt0387131,5883754,234288851
tt0829459,11547128,125898451
tt0765120,14886881,159824833
tt1028528,52389181,293289593
tt1077258,33718976,125399496
tt0338512,45904942,149167684
tt0068182,16322451,201233645
tt0498399,15440668,142016975
tt0808417,92446185,206280860
tt0107076,36355683,210731980
tt0340163,1233918,247687641
tt0164334,67348674,246486623
tt0219699,96259747,283952172
tt0117407,8169100,285044696
tt0102900,13868289,225892528
tt0211792,17243857,163940517
tt0167116,10255806,121597678
tt0091828,38009941,129644177
tt0272020,48226103,283812969
tt0100649,27847969,121163222
tt0163651,17761829,162708789
tt0088847,50276995,174148913
tt0313443,61146989,174407628
tt0099371,81049628,276459971
tt0183505,47178569,125976170
tt0118887,76053827,251820228
tt0087089,43494458,248720343
tt0118771,93683999,206015309
tt0280870,6242295,127616164
tt0243655,89999888,197663351
tt0069687,90284210,277447732
tt0450232,83587275,247424117
tt0070299,33504483,264838870
tt0107497,97792425,172960102
tt0250797,30106889,233638460
tt0765443,43304834,142146683
tt0084654,14132849,190600726
tt0100211,36141190,269716317
tt0486655,55883721,232007505
tt0144214,32528709,131757309
tt0159365,75806028,173818865
tt0388562,39239703,187170208
tt0442933,95656399,161339001
tt0387514,70149919,264866115
tt0329030,63417169,288337636
tt0095593,2983709,222386716
tt0097351,27437199,209745715
tt0499603,97315609,191057309
tt0095800,82972113,263118399
tt0260991,83275559,231578744
tt0102005,5656232,210688030
tt0086551,76345767,268728618
tt0103791,25578231,252729023
tt0372183,96196445,161366246
tt0440963,8754741,132269830
tt0408664,72083661,282762207
tt0371246,90576151,160867291
tt0054494,39772802,252077783
tt0417189,36016931,190190271
tt0338751,9595045,177484773
tt0345061,77145504,154732956
tt0093748,16019520,142672439
tt0098554,85575598,195254391
tt0095253,38725267,218893582
tt0084434,58467797,232404266
tt0265349,5658829,232980804
tt0097493,48520714,220855791
tt0119174,88570451,226346087
tt0161081,7459018,250565764
tt0251736,72662367,124607437
tt0185937,19602696,215753430
tt0162661,15882638,249099328
tt0178868,15251558,141160420
tt0413099,12485046,169112178
tt0104507,95799415,122859721
tt0046511,74609847,158865543
tt0243736,18555162,294894758
tt0106220,47430420,240776854
tt0101318,40984186,241288890
tt0252866,50877689,224971472
tt0059592,90891612,230526266
tt0134847,9457848,170624336
tt0110950,860145,132915526
tt0296572,77455134,282891912
tt0407658,90648175,253279511
tt0309698,17536904,275870207
tt0065772,23974747,269106253
tt0082053,498526,131619297
tt0101393,32476473,163045722
tt0116313,20840508,299139437
tt0057427,49751581,204452501
tt0071508,43341162,120713935
tt0397430,58826337,192775028
tt0027977,33107561,240777579
tt0040724,89237744,150811613
tt0063172,89844398,276526676
tt0048424,57285030,166509365
tt0217505,73020908,221147564
tt0280486,50570125,239545855
tt0219965,3840456,232717404
tt0115641,80278422,275294946
tt0064165,12270553,226727673
tt0068441,38858579,262815084
tt0780571,82820616,158479262
tt0059825,32339600,264389584
tt0411061,38620417,173026807
tt0377800,15229591,124395032
tt0095801,71395587,294422765
tt0457655,22927619,156016222
tt0762107,37079110,130249509
tt0116191,52850802,184823211
tt0779982,32727970,123098806
tt0335119,9496971,172400151
tt0059903,22207854,294344460
tt0120577,69559181,166410420
tt0418689,68677395,190049610
tt0058430,42451380,181592182
tt0050613,89592414,187625198
tt0058888,49162374,192011817
tt0044741,72554035,228017638
tt0101912,81937543,221721787
tt0469623,82472569,209716939
tt0372588,29412897,233420628
tt0054632,63428572,220255354
tt0093412,99185141,226269923
tt0096933,22295247,140268207
tt0293662,81788617,124531273
tt0257044,49424890,130021569
tt0959337,1760617,249539153
tt0067118,22531978,145332328
tt0041931,24967770,155428755
tt0071877,38196624,155622968
tt0077413,78210549,208204920
tt0083908,34225997,281275834
tt0095675,62302463,177520496
tt0117571,64774070,200643698
tt0120082,43258466,230442174
tt0134084,78979222,190010069
tt0175142,2125141,199757749
tt0257106,61654326,272270332
tt0306047,84750247,273697220
tt0795461,81504697,229790934
tt0074686,34000558,289007977
tt0082379,4833479,231365433
tt0113083,20318654,123426522
tt0783233,13263574,171945067
tt0414387,14055891,291462648
tt0431197,42168172,181636177
tt0358135,44603964,120637774
tt0329575,47835949,238814762
tt0107211,34553708,210701878
tt0091480,76926492,204389421
tt0080761,89802106,226915619
tt0078797,96204136,197883702
tt0057643,86117995,233971113
tt0389722,89560862,293123657
tt0891527,7154640,276012106
tt0414055,22604000,127671201
tt0127536,15584735,276067050
tt0825244,18705002,132089962
tt0838221,6911201,145311824
tt0085959,47175827,280889553
tt0451094,62661004,202490409
tt0377471,16711554,274254833
tt0365376,56756386,168065069
tt0361862,22849514,190655765
tt0041719,76034030,208070516
tt0114388,65983704,201194180
tt0068361,71682892,176741108
tt0164184,59393095,239752253
tt0183126,55637224,221811957
tt0069442,4618986,239678199
tt0310775,24361515,279893520
tt0071385,88947418,204865871
tt0452623,27005722,244565201
tt0163187,95730041,261915452
tt0056923,96491449,284441653
tt0165798,38556085,135933122
tt0061495,4971543,250145310
tt0037515,55899741,188193299
tt0061405,8235467,260683725
tt0270288,51476972,260705886
tt0425600,63985269,131268805
tt0093044,93092456,205465987
tt0421715,42038403,127066845
tt0887883,14998446,263160559
tt0075370,26416835,142893590
tt0051477,20006417,136017254
tt0119675,33199459,279769204
tt0478311,43093592,171894795
tt0293509,29228829,135647297
tt0348836,51595318,141597364
tt0354356,48864619,255581943
tt0119577,45905588,148136870
tt0090633,88896390,224381533
tt0765429,54693827,190693851
tt0071771,75214485,189557335
tt0335563,77327945,287318622
tt0058754,3996881,226836207
tt0043686,6282544,122500382
tt0052080,72280686,195506797
tt0464196,15285673,247637259
tt0035160,76126816,135570442
tt0040522,9094538,279258447
tt0402910,31425212,285273012
tt0150992,54485319,139263895
tt0455782,28027617,162451593
tt0082479,31183968,187992682
tt0068863,34523722,170881131
tt0069048,63890591,153297484
tt0067656,57157842,170936075
tt0306892,86104727,190447358
tt0048281,39315767,266176031
tt0060413,52074766,159246943
tt0298454,95065570,211312907
tt0192023,84111279,199639383
tt0093870,91166570,149949794
tt0100502,64422620,126029322
tt0107978,29300853,143444075
tt0071487,30384592,297032382
tt0389790,35797264,292114665
tt0091217,36809069,175125809
tt0421082,19465078,157477664
tt0071661,59514816,175051756
tt0244800,88425889,198755445
tt0923600,70006383,190362515
tt0841108,54395927,226449924
tt0075824,59844412,215428588
tt0884328,86432440,220331197
tt0075784,2670456,297817851
tt0758758,69035916,185518867
tt0067334,9166562,286539236
tt0070511,63417816,260708030
tt0057115,15591345,255854815
tt1124377,18931098,142929366
tt0083922,24093068,233414339
tt0343135,11839084,179193897
tt0088414,21473296,292960696
tt0218967,59004821,154038162
tt0063518,36553772,194188982
tt0056924,39674306,274918135
tt0081163,65940004,184071344
tt0236493,35703680,177307395
tt0106519,48901625,153257922
tt0078163,91238592,254342793
tt0253213,78207057,140262070
tt0119715,95371240,282553263
tt0085327,61168678,202870400
tt0079641,3922962,201217896
tt0079367,93875300,142934043
tt0061587,1303190,172450240
tt0074553,38870530,257144783
tt0480249,69586993,213173997
tt0110631,99219256,202281656
tt0123964,78774094,287242460
tt0796368,18904741,230879120
tt0464141,15408796,122940209
tt0472062,2081250,289903934
tt0105328,37837819,247561095
tt0047437,5999008,205659880
tt0119874,18507305,126041516
tt0054428,61175776,124453507
tt0049833,4467255,166046963
tt0427229,60919768,279168779
tt0405422,49412485,237332059
tt0372532,61884968,176914144
tt0478134,79049150,228980105
tt0052564,31134176,170795412
tt0477348,1026770,194554767
tt0073901,48406202,266680357
tt0466195,81861146,253579581
tt0098577,17703530,211172244
tt0338526,88071040,269277334
tt1060277,307004,220246770
tt0393162,3427539,268129159
tt0080057,93327214,146169746
tt0376108,49918205,283310920
tt0404390,31498700,121014009
tt0469494,41714863,140589791
tt0318649,12168188,193107242
tt0765010,10964071,134471060
tt0942385,80770850,162422820
tt0120913,30528233,162681532
tt0095579,70895397,217190733
tt0443274,50736750,191359526
tt0822854,66186111,273522010
tt0108188,80086899,275066026
tt0070155,8076652,188058736
tt0475394,95648375,150349926
tt0327084,5743395,287555599
tt0453467,33819861,125194191
tt0348333,46363973,148833381
tt0462499,23657890,293101319
tt0432021,13249417,155227373
tt0484877,45513881,166603000
tt0398027,58711827,170409131
tt0462200,75508694,272009988
tt0292963,53022097,291418099
tt0419887,68507273,237197660
tt0472160,35697202,238677174
tt0102034,87856547,155862293
tt0113161,77734591,294090073
tt0039417,85523290,183556774
tt0272338,86129946,268805341
tt0119256,79397195,242974132
tt0976051,31284207,260969372
tt0062711,95321448,165414187
tt0058898,25379590,226028046
tt0057869,38541721,134084779
tt0324127,8556099,151564031
tt0089017,35144127,259221656
tt0796375,48372981,217836429
tt0402022,24695639,298166719
tt0416236,67650626,136114068
tt0085496,19986354,177707524
tt0088461,90151280,151295830
tt0103030,65959840,272947482
tt0107315,59191275,122528177
tt0489099,11114102,224645022
tt0486822,28440484,228967142
tt0328828,7501620,183511390
tt0869994,91066693,255120994
tt0085615,75729005,223000852
tt0060474,11571388,200128873
tt0107840,71091350,258749948
tt0430105,20001483,239202933
tt0496634,88076859,123596953
tt1023481,87195074,298098752
tt1038988,57374185,272267546
tt0861689,88642393,133925499
tt0072288,35582722,243499890
tt0162222,31576150,182063868
tt0829482,4831932,169938857
tt1055369,74638711,151379446
tt0431114,13835059,138738445
tt0455960,81421333,186612003
tt0088993,44604610,210315689
tt0119081,50598912,222490094
tt0054248,99781378,207006487
tt0364517,70234703,183021999
tt0071622,67024968,212239507
tt0297181,99540134,236007692
tt0038823,68472289,294112779
tt0817538,17740566,211754937
tt0077975,13698179,241553413
tt0860866,10452630,133679004
tt0098627,7721933,161566263
tt0147004,93650769,282349597
tt0381966,63543364,154415557
tt0267626,24398690,286381365
tt0200849,39597350,186165742
tt0120832,32900414,187129268
tt0064923,22558971,150825553
tt0357413,49397702,180107560
tt0070832,79370028,295497237
tt0060218,70808141,298228460
tt0096163,50773790,280580312
tt0115495,15983526,249926000
tt0088286,15065926,268324289
tt0116514,19247449,260979852
tt0871426,95971930,123041405
tt0059643,28250579,158660236
tt1207664,29011987,294689451
tt0082694,44246460,190281423
tt0419706,35221576,287123348
tt0875113,50670937,155070231
tt0087481,4972189,230798909
tt0250494,84019140,123740824
tt0112642,82297844,261904108
tt0113497,52772619,176645987
tt0200465,68257795,213601648
tt0375173,48134963,236063347
tt0170016,1369480,228783409
tt0105793,75766011,266781555
tt0108525,8080473,218149781
tt0929425,34704315,258816588
tt0452580,77279682,253898874
tt1233381,17307791,250863494
tt0493464,30500831,135257513
tt0098084,93956441,290223955
tt0120587,63849034,283928107
tt0172156,17637387,145586060
tt0129280,34894648,140321634
tt0398712,48123504,177212797
tt0489281,27964859,295552892
tt0093148,7276695,192523556
tt0093177,11141367,150399005
tt0425123,87896183,198272561
tt0386038,86978583,222492236
tt0183678,57073762,174110765
tt0322802,6306227,178162516
tt0118643,43370736,157789946
tt0439815,51295070,213395073
tt0084021,74355177,207163721
tt0408839,74926016,248757176
tt0070666,14739235,247556161
tt0398913,60957596,212709441
tt0089374,94386213,218788506
tt0114608,17818652,132206303
tt0066011,77634352,120016791
tt0095294,47526946,125571586
tt0114614,99490343,241541750
tt0097481,14412389,137786412
tt0113321,16883996,141773668
tt0309320,23200631,121465596
tt1110627,59207903,181263126
tt0300532,26679442,266653263
tt0066765,54791725,163349418
tt0090329,56941000,211231809
tt0215129,40751675,221043988
tt0231402,76508244,182464153
tt0398165,97634362,191631349
tt0117883,57464247,263692440
tt0107756,80524353,269311733
tt0115736,79320237,209345304
tt0116531,22396854,281397562
tt0465142,96663893,217774842
tt0113855,12449769,265205743
tt0120744,92241125,161450406
tt0113568,8837288,280903490
tt0109444,34621619,127025065
tt0116830,36735081,270785850
tt0388482,20581569,184719636
tt0389860,9627280,149687220
tt0298814,79756391,199939435
tt0083946,63084946,218402225
tt0105698,92014058,189305809
tt0106582,81677213,229972617
tt0356150,87089883,289705651
tt0457510,1291373,268530689
tt0100814,14770930,269385923
tt1181614,94598099,261379984
tt0091042,11158449,285083673
tt0335438,92115913,135397653
tt0116695,41348377,291477664
tt0435625,68003128,188835316
tt0067355,11948441,266192929
tt0196229,54536110,163679582
tt0117603,20951569,186205779
tt0115438,71879767,199944115
tt0119951,61507107,193648265
tt0120633,66883964,169259691
tt0120770,81071268,236334246
tt0139239,50132102,152938875
tt0119468,83596537,225055631
tt0120595,16779148,265335448
tt0126886,81114348,194887195
tt0132910,21214086,259216722
tt0090248,3378484,248324864
tt0124718,91979038,270399569
tt0158983,34366004,127355229
tt0145681,817278,245630825
tt0287717,54001796,167747672
tt0120693,96796651,253202308
tt0099160,46713859,149446971
tt0096320,59257970,199429404
tt0109506,29961998,247079628
tt0328107,65682753,192923684
tt0396269,49812369,144824992
tt0128133,60980058,128722511
tt0115683,54247308,146605365
tt0094964,40762088,139905913
tt0091209,31740590,161916124
tt0102789,25074565,127004906
tt0099939,47405239,133019471
tt0114887,44352210,251712447
tt0106677,43434609,144718861
tt0295289,86461226,216771121
tt0102555,49930714,182631947
tt0110367,67345601,181043944
tt0082176,56355497,260312331
tt0101764,89559739,216793035
tt0094761,741611,288909795
tt0095963,64125285,206159409
tt0108255,20591982,234046668
tt0106598,73978170,125527273
tt0116483,7196595,274808461
tt0463985,27199318,276759619
tt0118928,50008721,131201988
tt0338337,23300318,154841181
tt0368709,19544448,184574673
tt0118708,32303448,150500003
tt0089893,56344038,144719592
tt0120768,36221206,156249008
tt0079714,78558174,180468683
tt0096061,33739017,256777848
tt0073580,46247314,169835057
tt0022183,457691,197141829
tt0317740,76278209,185016818
tt0454945,86940676,279015101
tt0454082,62524675,244563176
tt0218553,32166567,274813141
tt0235712,3130213,248981934
tt0387877,8507071,284633251
tt0118025,12133343,171191814
tt0280760,14246476,152963176
tt0206634,38542367,160429190
tt0366292,80557003,184713364
tt0094048,61886798,176771924
tt0084814,48604289,224589816
tt0462396,58274316,205449918
tt0134928,78563555,205773126
tt0450345,98430379,283195281
tt0265591,64881651,181520373
tt0082418,6982102,283121227
tt0083972,60911023,253226613
tt0087298,10828232,248308899
tt0089173,14490318,134802963
tt0112442,19902989,212452724
tt0424823,20628583,174808413
tt0462590,15932361,278854117
tt0421206,50921048,140383072
tt0452594,28434184,204777093
tt0119558,47523455,265003961
tt0118571,60685585,173576683
tt0325537,31549415,162620326
tt0420757,44711545,145196021
tt0384793,86726183,246861374
tt0454970,66567536,136844063
tt0232500,92936077,262043138
tt0317198,56692083,194292508
tt0117500,99647069,192704500
tt0382295,72902851,138484060
tt0114898,95748071,162407069
tt0414951,33043078,284058721
tt0206275,61431591,264331139
tt0132347,27353349,228679609
tt0117331,93754622,137187831
tt0119891,36141590,269919351
tt0450340,26511244,264719425
tt0475276,97268137,282358018
tt0462519,33110521,239950681
tt0105112,3528032,201725882
tt0800039,16287031,121656029
tt0210070,56985696,295875616
tt0089118,83480623,157920562
tt0118633,53086698,265578185
tt0133952,43549219,211422245
tt0327162,46888974,187502255
tt0483726,84677792,214809026
tt0250687,23587623,156172847
tt0111149,93394404,184124605
tt0414853,46221741,232522982
tt0417217,79425982,245969170
tt0397101,12940417,203626328
tt0456020,83558629,261279926
tt0251127,96066927,265331680
tt0445934,92346870,263614674
tt0057261,89137135,138107842
tt0477071,42049320,275829503
tt0086508,23379115,287423421
tt0381971,35923225,154725321
tt0380687,20053149,182612581
tt0457495,3381704,299912994
tt0413895,73224298,147800252
tt0291341,26087450,291948030
tt0344854,59255876,213772724
tt0216772,48229959,183878107
tt0499101,61709516,224955576
tt0120053,75932635,225919102
tt0257516,81345307,143104221
tt0092240,70936834,285975899
tt0342258,77374677,239505151
tt0322589,3244824,291539102
tt0452625,15753121,158905501
tt0480271,22338495,282671159
tt0461642,7995000,128221080
tt0227538,38003143,152431921
tt0451187,50878757,132639838
tt0048254,70709766,258483896
tt0430308,50551120,288000093
tt0116225,66358627,233199164
tt0389957,31507123,230099282
tt0787475,83630653,147348899
tt0093640,73257994,290156078
tt0337563,79731654,163562635
tt0490499,7858120,255214750
tt0012349,71528310,253110756
tt0458438,37163550,246346807
tt0094894,87810710,154855032
tt0098206,20125173,216049376
tt0091129,32964971,276379986
tt1013753,3792986,137973440
tt0095031,30416829,251095256
tt0307987,46188521,196874811
tt0835802,13593339,293781232
tt0327850,63460547,127536176
tt0166396,15545573,169581123
tt0104692,85388167,143749917
tt0100135,60096573,269593975
tt0102050,53650341,136728206
tt0978759,17029259,209957955
tt1001508,20893931,214344574
tt0805570,99582736,179789522
tt0892791,65998194,244183542
tt0938283,85900833,232049697
tt0875034,19415265,214770904
tt0327437,79185929,250236555
tt0120695,28418394,234752948
tt0117802,86214730,299598460
tt0128442,85010614,290552837
tt0097659,52575257,264786129
tt0120324,80522806,126379583
tt0091080,20909061,257635423
tt0338095,39747627,155057577
tt0062136,97199563,155380785
tt0048091,66805641,137272866
tt0064437,5751288,280904656
tt0069467,62167986,177149318
tt0137439,42384336,200401515
tt0104008,46408834,213912202
tt0103016,95627113,198364099
tt0086619,66044624,179088004
tt0117894,64804693,258420890
tt0095179,87900615,228461777
tt0097388,60388515,285986377
tt0457572,9907496,221311071
tt0086087,19541708,231123250
tt0452702,5198213,123184342
tt0089591,2216812,147395184
tt0095889,85531183,244580304
tt0145531,41962066,140889462
tt0068278,22214230,259891060
tt0129290,28566679,181651260
tt1234548,28710335,178551376
tt1124035,18046561,142828150
tt0080149,44634587,172561644
tt0377109,76934866,292014729
tt0333780,68337163,253789931
tt0112715,42904905,231562387
tt0063350,99321603,194798898
tt0102713,85013923,267311480
tt0120177,81996707,251517171
tt0049513,67617399,265336614
tt0101458,6705096,145069644
tt0133046,24571205,280518375
tt1007028,40056381,185831440
tt0353489,33287817,282737861
tt0054189,48486476,147008330
tt0065528,244890,223188494
tt0104952,79256027,296194909
tt0134983,70909028,258034609
tt0104452,47518202,155684369
tt0104114,74172952,198914581
tt0113243,40588410,221956767
tt0499556,93450596,215257317
tt0107209,69938560,233140171
tt0103939,88812941,208106611
tt0106375,26871244,244194023
tt0271029,73053788,245385481
tt0186975,13117711,246413508
tt0214641,28352185,294747389
tt0410097,82316922,282678042
tt0160797,59050106,276446690
tt0452608,13160791,137524156
tt0085354,27383910,135807152
tt0085382,56294983,166718135
tt0156887,22388108,281510811
tt0138749,99107110,178932965
tt0074860,3057595,292565214
tt0311141,68642835,171782259
tt0479952,62160788,212062076
tt0988045,52883683,199992729
tt0462465,2151963,210540645
tt0064505,61385407,190748565
tt0277941,71279542,250546095
tt0115986,94375465,240122338
tt0118147,92976501,240630773
tt0094862,33040423,238978269
tt0312528,66801124,185767647
tt0251114,79676737,208809833
tt0238552,12027015,298551214
tt0316396,69514765,262247499
tt0116126,26232165,291529506
tt0112966,91943790,231047089
tt0377092,12550261,127227252
tt0269347,12693918,133711761
tt0093137,18688221,293984177
tt0110167,54444790,173717211
tt1245112,51749907,262654772
tt0482606,52607265,208434328
tt0338096,52715106,202718415
tt0239641,46631018,212466096
tt0112922,68710988,172420984
tt0115783,91806910,182168665
tt0283877,51600981,225987645
tt0074751,59265389,255205154
tt0079116,71809500,194658238
tt0308055,14850300,270902901
tt0318374,94443618,197393714
tt0866439,810250,257659828
tt0364751,87513826,153839991
tt0830515,4074175,272841586
tt0079859,32401345,122639581
tt0290095,34837136,266335867
tt0116365,26496727,176593235
tt0093693,1794210,136096632
tt0044121,71600989,145908814
tt0075147,57257494,193791202
tt1144804,41423233,138758105
tt0063415,51639395,174845517
tt0421974,57016250,275147582
tt0119360,74273512,282730719
tt0087050,12335768,265903415
tt0112625,92127123,253834068
tt0083851,6646039,277086265
tt0465203,87925832,126819761
tt0073152,37194112,270451548
tt0074695,56936641,184901322
tt0100054,6371692,252666840
tt0085781,46416525,150088993
tt0082351,12867797,147855999
tt0094608,52912936,189449454
tt0119210,56216876,183218105
tt0482599,59337411,154637126
tt0110366,76630488,246341867
tt0484888,45368991,145392959
tt0105128,71921202,221702124
tt0107302,14594687,244889822
tt0044926,76960085,186244804
tt0089907,17024006,250638830
tt0310357,98816074,244455365
tt0080855,86151587,266981563
tt0115640,28574369,293700143
tt0072080,92647692,207345544
tt0199626,32707015,153189601
tt0040662,89250098,242707650
tt0113253,41495256,122892170
tt0093010,12005844,210017517
tt0181316,25163072,239598213
tt0076666,60919640,185377771
tt0104237,47663724,140826499
tt0274812,59082114,200559533
tt0112508,50021414,214378974
tt0090350,78645968,208131013
tt0080661,66017295,230592712
tt0071577,61607591,281030590
tt0065988,75020425,278926596
tt0106307,23379761,237089877
tt0316732,35923871,130031794
tt0086425,78914675,206792446
tt0335121,44353966,197412466
tt0099850,64874623,167453350
tt0103859,51628199,252185931
tt0235198,85083141,208215143
tt0255798,96465717,268012676
tt0364343,89732967,201709423
tt0108211,18443335,225920265
tt0383694,65858583,297981358
tt0058385,98991193,261282371
tt0080009,21658383,242602244
tt0091778,31364223,120642834
tt0337697,15753767,140218611
tt0963794,11675563,170532595
tt1035736,24183860,161088114
tt0098309,44740332,135192408
tt0054167,33750229,135803382
tt0095690,74045764,171955292
tt0053580,29548937,248199955
tt0490822,42093049,165836560
tt0092605,98223231,193723822
tt0086955,73771417,177535401
tt0075675,78821089,271469185
tt0116040,54727420,206213395
tt0116361,11194117,264318482
tt0091578,97789982,288086667
tt0274546,93747594,230022140
tt0091867,4049569,141210894
tt0104231,86942097,278868057
tt0366551,13830826,296055158
tt0396752,56167795,139758849
tt0070510,35241267,168129532
tt0091983,21922943,216527912
tt0097940,53761904,197968501
tt0110428,76092578,185843488
tt1152836,83470201,279196790
tt1130884,57048581,142719103
tt0313542,85923839,268563161
tt0082924,53364470,242731954
tt0082045,5323111,238265730
tt0456912,8662866,145391074
tt0422272,25173483,198926629
tt0131325,16151987,160701833
tt0063374,11778096,239688424
tt0095271,39854562,135933089
tt0351977,26213910,196779687
tt0097474,42760342,257458046
tt0078058,55958287,165966271
tt0227445,25721963,158686331
tt0074452,39134797,290587157
tt0131369,65753733,232238808
tt0069400,59056799,122672985
tt0104036,85103007,248452544
tt0063386,41660274,209073024
tt0067524,7295513,179113911
tt0073482,68462070,124312982
tt0075002,91557991,153829176
tt0046766,28817184,279673234
tt0051525,59247131,260397142
tt0091530,24918186,221069194
tt0087622,88991509,129641918
tt0353969,31629178,122426477
tt1139328,18964691,120773973
tt0220506,1164904,295791761
tt0112819,48055234,266348633
tt0114906,18150413,188199793
tt0208990,30658710,132244140
tt0078767,64619957,285832447
tt0421239,81296162,147425901
tt0064072,48860804,257064794
tt0265029,39359141,202844349
tt0080120,42448194,183503758
tt0059646,82206814,194879388
tt0074811,48586457,148691427
tt0073631,88917806,176062701
tt0095975,38711004,223880590
tt0870111,58453533,235474508
tt0056291,7363666,193712157
tt0057611,77731178,247689335
tt0086984,87983154,275855292
tt0094888,97653179,249508095
tt0091790,83560386,291166049
tt0083190,30982835,265334842
tt0116839,19224850,279297018
tt0229260,31446629,147179406
tt0089087,15254221,175131166
tt0055184,910726,296494985
tt0116778,71075652,143801759
tt0303816,18540898,283370138
tt0122718,38247612,199214657
tt0118747,40396889,157387807
tt0104409,83423506,215428393
tt0063135,70105184,236507213
tt0079240,86902318,129062140
tt0099528,63390280,271353328
tt0099044,73220414,228945991
tt0164181,1346879,247100575
tt0055499,13532845,290919556
tt0069713,95034116,234620709
tt0083715,80726436,259590146
tt0083675,4158873,147981938
tt0085601,26453731,291742723
tt0171363,49737317,249906004
tt0424095,42753864,273829015
tt0795421,58239040,219608573
tt0241025,25643856,244879801
tt0302886,91515615,137370226
tt0082085,65747256,275469012
tt0089881,75541575,148940067
tt0428541,3345709,251345254
tt0104029,69057334,215041539
tt0053976,25559846,238736392
tt0065531,83047597,146793125
tt0154506,15612762,207535980
tt0424205,28774892,271930003
tt0111301,85098489,133974946
tt0120694,24875895,237504662
tt0074442,38033119,183348719
tt0092675,5473750,124369342
tt0075276,71381324,280981379
tt1095217,1122612,159086462
tt0048641,77805799,129191845
tt0089424,55619978,231308690
tt0084649,48923043,129117792
tt0471030,14558282,206539946
tt0094828,18673656,210475076
tt0071691,95392657,171211627
tt0056443,61843931,235541151
tt1188113,64928383,277650595
tt0339291,4669974,205372715
tt0138524,73358476,259349896
tt0186508,20334620,267464506
tt0052905,4464545,127679826
tt0059956,90035236,122826609
tt0103786,59927830,276995403
tt1093370,90981150,268029804
tt0090305,28752937,250089508
tt0360201,34948701,147576160
tt0203119,85846561,151446791
tt0068154,64943513,296246751
tt0118607,1561209,272326764
tt0345950,57655574,169151913
tt0078480,34264748,192855600
tt0072081,40617196,204385019
tt0256103,89799663,212564128
tt0077745,71601635,164529932
tt0114319,57258140,243798325
tt0265298,80389876,218418608
tt0090863,58204055,235833361
tt0055630,98182163,213829654
tt0280609,14778595,223577334
tt0280778,757430,295057940
tt0089941,97976734,142945199
tt0094142,83597425,240194817
tt0041546,39777604,132827561
tt0065436,14130457,252280646
tt0114787,20447091,168060666
tt0087075,23133586,176304275
tt0076786,53723664,132333489
tt0065134,37123849,157874578
tt0080539,69388313,277908150
tt0085933,60468278,216085136
tt0089489,40433928,222099705
tt0098546,96886440,190800407
tt0073802,80537325,258733588
tt0378109,77770813,202499245
tt0107616,63427320,203870464
tt0043918,72846642,280566620
tt0146309,96202488,232467925
tt0119978,9409712,172305345
tt0238546,2963480,292809983
tt0090563,54401635,136449170
tt0951216,94940474,212693836
tt0068655,73679277,282152831
tt0305711,62789441,220265316
tt0493430,42790902,142029282
tt0120860,99207601,194980586
tt0383216,38368133,182920070
tt0183076,89260518,206679425
tt0245562,65784294,225013765
tt0144528,84336345,200560693
tt0103759,24364453,240840513
tt0264616,67226338,231794892
tt0114825,5320456,256421132
tt0887912,34231529,280124818
tt1125849,74734554,272247880
tt0926759,53509172,249956385
tt0077663,98150614,279690365
tt0964539,22620797,122216559
tt0369436,51782572,158720733
tt0826711,18198031,277060825
tt1226273,97244981,174418483
tt0023563,98817516,284503310
tt0118528,64130424,164300839
tt0064755,57397675,204516160
tt0077533,47092047,245529128
tt0104897,87392487,224224689
tt0326769,67228936,176190493
tt0427038,63732990,235923527
tt0075066,86578210,230079166
tt0071939,87149049,247493919
tt0432402,13751261,265956709
tt1273218,84815793,218210275
tt0279493,98013739,240671977
tt0338459,30328202,277589599
tt0971209,80617214,258378003
tt1010048,23761188,283983591
tt0834001,87216493,223436674
tt1146314,4430674,299165349
tt0286261,7117168,147460301
tt0165662,26859699,283489519
tt0119225,46934051,159546132
tt0057565,43916837,249064178
tt0052199,44451862,170729536
tt0407621,24293217,193255731
tt0104438,44482371,185911295
tt0470705,64520909,163843092
tt0083111,87581016,173655271
tt0371920,47124385,222053651
tt0334965,56830225,251722649
tt0130156,69338521,187112322
tt0053268,10337891,262905496
tt0821640,86897063,206949848
tt0082370,6725408,247100668
tt0096454,82259409,127349689
tt0268397,26003053,259315497
tt0276816,24281756,264870289
tt0393685,13327468,252164788
tt0078026,24312267,166098574
tt0229440,99810451,131711145
tt0067274,67410910,137330921
tt0118073,52816713,185664799
tt0089006,36660119,131212190
tt0098360,49132600,154980375
tt0092699,45663248,230709053
tt1196340,66762774,233583795
tt0367085,95673845,210776315
tt0963743,61766971,203415362
tt0086366,78277321,227119051
tt0354623,59642928,268985970
tt0449086,93107363,256344968
tt0056575,49067756,170343253
tt0076495,2181611,231705222
tt0079662,72060020,146090497
tt0091055,10683337,140310083
tt0217331,48114008,181968040
tt0062645,51453764,175672189
tt0077711,57188766,150638630
tt0261289,71376071,241891884
tt0104695,51212519,130834890
tt0097714,64088132,207595544
tt0089153,6510915,231234732
tt0102164,61964090,152603420
tt0864761,97971361,224213024
tt0995039,91269521,229832797
tt1054674,81997323,252294499
tt1151359,24384289,289766146
tt0780486,90427418,203992036
tt0158493,30236038,145643688
tt0418141,84522800,234581244
tt0479468,37018660,294314278
tt0802948,4423478,205632033
tt1086798,33334549,278638448
tt0462295,46245977,171206693
tt0479528,39544137,127235907
tt1059786,50926712,162854736
tt0901507,31054584,204400303
tt1126596,73427366,197571855
tt0477078,61827217,215970146
tt0862846,57095181,169320188
tt0259484,70257312,167667684
tt0042627,63305074,293382747
tt0172467,66644830,202384801
tt1029120,16812740,198279055
tt0989000,82524365,188834571
tt0482572,70789781,163454857
tt0791304,46087265,242723246
tt0401244,79219875,194689051
tt0458364,88346130,230243385
tt0850253,68509816,187538345
tt0059026,10896784,264960500
tt0332375,54756283,287551196
tt0817910,96806733,253220467
tt1037033,16931085,234991829
tt0758746,26601110,293096919
tt0046889,13533490,136349115
tt0489664,9777620,166082612
tt0839980,20029595,152445722
tt0988047,50619675,127130504
tt0045470,25881345,122277287
tt0095210,59049770,162492607
tt0059372,23757301,197466452
tt0210964,20834084,151213995
tt0173173,90640864,179165753
tt1139797,66224864,167040740
tt0856288,76672442,285604721
tt0329737,52256442,198667477
tt0060550,6395190,256837065
tt0262396,93313387,280024763
tt0039220,89593330,225507658
tt1129442,2151626,120249277
tt1034331,85622702,270870652
tt0290332,5711239,282464570
tt0403537,48084021,126103756
tt0390022,29413814,273467629
tt0168786,2920300,165593217
tt0299117,23724085,142841401
tt0331068,46090573,131167877
tt0808151,56502336,289784901
tt0804516,32050523,122853964
tt0796366,11008487,261017245
tt0068359,48923689,234605549
tt0494652,1133032,229687837
tt0800175,4436972,141005590
tt0395119,22989023,194992634
tt0331933,10360351,153091419
tt0443295,3658509,226097833
tt0193560,31985679,277712308
tt0314498,5241461,169773397
tt0091829,28373196,246898885
tt0790686,48411734,151859691
tt0762104,21209553,169338941
tt0080516,34371684,283041241
tt0095082,63318570,228240312
tt0435653,56872338,298223003
tt0086320,80877112,239939150
tt0080040,37470194,200495132
tt0315297,2854732,158603786
tt1129381,43393572,120894973
tt0059749,85694726,140303087
tt0116066,20984114,241387955
tt0195753,38310497,245710075
tt0085210,17371632,210574533
tt1259014,83414759,299727745
tt0485851,25801727,133014588
tt0101301,14237393,287118884
tt0088794,96351792,287729860
tt0395495,36666417,261963149
tt0115734,16252469,207742707
tt0438315,26504446,164622272
tt0492460,82634627,138791065
tt0090670,95632025,180449019
tt0450843,65524620,288106642
tt0066344,56345287,168622481
tt0325258,43967011,168881190
tt1013752,74624446,180321319
tt1034303,40753387,138712757
tt0109842,83126170,240249115
tt0417225,27071483,210290002
tt0167427,53941123,227477103
tt0976247,3173587,185134265
tt1190539,73576912,243174853
tt0453560,86085209,271921297
tt0815138,95432903,242026680
tt0449487,78797273,283620136
tt0844330,22899061,257208442
tt0278295,13683915,228112023
tt0486321,3561960,136749246
tt0466856,7707669,160508596
tt0482546,93063471,282323907
tt1024255,62956065,154389870
tt0368222,16034107,273971952
tt0455760,36063152,195280660
tt0131857,36242624,148745413
tt0969269,79233427,206850501
tt0451010,65592773,282172610
tt0089013,75262799,125644131
tt0161083,60955117,263742916
tt0493160,65100827,220884089
tt0480669,93427995,208363804
tt0462244,92510396,280424895
tt0473356,89815514,224577540
tt0865957,75185502,245999554
tt1117523,95953472,298130017
tt1190080,31760040,237647600
tt0763840,15928861,199358302
tt0173716,18364653,212362868
tt0412915,31521879,211095179
tt0455596,98625996,236817897
tt0468536,86788317,129759812
tt0456630,63276279,272051003
tt0095583,69964826,145070571
tt0762145,95749158,212543984
tt0815245,48120698,200354472
tt0067108,18013293,228757719
tt0110057,77470848,120883308
tt0096257,616769,218124090
tt0800027,34117016,257758924
tt0282120,80621893,299352379
tt0469903,20650001,233119175
tt0111112,36135176,178898736
tt0086973,3325105,296242943
tt0888693,66618211,273435463
tt0473024,96273685,151605045
tt0918927,75621338,288746219
tt0082250,31160329,226794208
tt0250347,27950593,294495227
tt0118900,6689397,192497866
tt0808339,10554069,196884484
tt0472198,89601021,185863148
tt0134067,69442374,225562481
tt0140377,60415972,263092526
tt0800367,479895,196794823
tt0368008,69204213,238839770
tt0995718,8981618,264046500
tt1095174,1957752,120198407
tt0403455,85272123,295280697
tt1092005,55487047,268869003
tt0043137,83434597,286283753
tt0914798,10036808,262363280
tt0120654,42014755,156173513
tt0482629,90369778,160495636
tt0206420,69430915,126834861
tt0473267,49522971,262412590
tt1193088,52401157,208192148
tt0060491,30110484,178168535
tt0488414,36427117,196323115
tt1146438,85287252,205082711
tt0081071,69130657,161111929
tt1116182,54822976,239799828
tt0758762,75913280,209840715
tt0063850,50621687,227319967
tt0067093,77209714,203334993
tt0119215,9273474,197022536
tt0422783,85711438,281467352
tt1199550,89821332,153597811
tt0361841,89190250,226088237
tt0961728,32266866,122268401
tt0085862,12232513,241785987
tt1046173,18226816,160063261
tt0822868,18370473,168758359
tt0068768,48996367,124723077
tt0070290,34652871,203475476
tt0321442,57999496,273522666
tt0361693,56278200,207507244
tt0081186,19497292,213973302
tt0455958,89053370,177209813
tt0416654,74674060,249335405
tt1112782,71943363,213087356
tt0430431,69055959,189699386
tt0466839,65300088,265944049
tt0101988,91976593,205526133
tt0157472,98006713,127866818
tt0378793,528318,244695037
tt0804550,27147255,268398726
tt0901487,67936797,164191896
tt0804552,46997931,237198313
tt0353168,38436046,215750834
tt1121931,99277187,133967375
tt1116186,91338716,181454491
tt0094006,30248548,169329481
tt0088128,74300338,220814955
tt0838232,73669256,198007475
tt0379306,76753977,186002627
tt0462477,16817900,226217942
tt0785006,62785556,227796396
tt0252480,2849479,253003123
tt0088930,31724736,272643404
tt0352277,70257958,264185976
tt0090190,49354908,241313994
tt0059319,93960533,275240379
tt0937375,3618152,281835432
tt0443676,26714074,145130139
tt0972785,10114257,263405735
tt0891592,89125393,184490603
tt0325123,6716663,274073151
tt0106500,58876007,153806181
tt0469913,49886937,190345082
tt0411272,42615451,180900604
tt0430922,82593560,216743270
tt0064107,64757958,156260855
tt1118040,52415801,231925034
tt0064040,82388130,221501273
tt0042436,82923155,238980528
tt0404802,9274665,262022711
tt0101757,79024157,208683097
tt0101376,92186288,227081385
tt0184907,22459317,148230749
tt0069042,86496558,284259965
tt0070474,38741716,297417333
tt0892782,32008966,253962533
tt0082842,24701665,275105853
tt0082843,24845322,139914388
tt0252028,22132401,275363116
tt1188983,44749590,155096149
tt0477072,41983079,244678692
tt0090685,40261783,162151644
tt0060086,19852436,185129328
tt0106912,36362784,178365379
tt0380623,49489101,154444909
tt0093036,82040082,171343668
tt0082766,53039543,207366584
tt1142800,49283672,237100078
tt1076252,61469636,177198148
tt0117534,4510439,202404878
tt0483756,84461901,199339434
tt0090570,1962295,239038764
tt1188988,77746998,298836296
tt0091875,21812974,254865511
tt0887971,22419628,130406687
tt1849213,1974466,244618873
tt0084707,16156865,158617157
tt0058544,91690866,298120558
tt0951288,61905789,151466452
tt0064110,60988192,175170138
tt0087127,29077751,296654124
tt1086797,41299530,140873795
tt0238936,37579474,166016026
tt0821810,64291797,207609481
tt0087892,84285027,206906819
tt0995029,57576892,194837472
tt1133995,74123057,218476660
tt0089348,55452850,224547443
tt0458072,90887087,212486926
tt1183732,24105513,122292808
tt0055830,71556575,177029612
tt0205461,41735684,155646631
tt0475984,93985599,275228714
tt0104573,33691049,171473379
tt0138703,45948642,161501111
tt0161100,49069179,266010106
tt0098412,66577143,228365792
tt0168501,49028057,126900893
tt0443559,62226004,203081060
tt0805576,2320835,222656839
tt0422093,57451679,144606015
tt0847167,93208248,216667108
tt0475252,79665817,226350292
tt0339412,76169871,231848870
tt0114733,16515406,299386779
tt0345591,96306760,189369468
tt0053935,22725300,135600516
tt1116184,78981866,225118562
tt0095444,31155393,229750252
tt0070544,99610366,192041439
tt0070917,28893766,270512045
tt1307057,42055900,166756707
tt0092076,37610379,286338790
tt0213203,39573710,154792834
tt0349416,26327286,196789889
tt0434124,68664253,190025940
tt0120757,56250467,212100645
tt1334254,51840763,183004229
tt0475355,76172469,152980617
tt0060278,55758521,279276167
tt0039192,58775945,188858709
tt0780595,10985289,197553806
tt1046947,90812458,255078406
tt0047094,8723660,225119290
tt0844457,84221848,130496856
tt0977214,17440274,266526072
tt1155056,28607961,226244889
tt0778661,8449315,179992432
tt1135487,6097856,257479086
tt0421238,46923212,279489295
tt0077405,89295996,250328380
tt1235837,15934020,224497173
tt0042040,21024360,279054838
tt0810895,5413903,122758524
tt0361748,1693848,281389586
tt1127180,776249,142467050
tt0858486,48399400,296700343
tt0216417,21691265,293699395
tt0213790,54895505,154366207
tt0045659,19280705,189920537
tt1156454,45832918,147860485
tt0865907,88169887,171619837
tt0071222,61784082,158914337
tt0332658,69125890,277026829
tt1015999,58099971,188237317
tt0473705,854256,246858393
tt0974661,87521750,266369673
tt0095348,81473743,160879130
tt0305396,80806846,286207197
tt1372681,81432623,260375990
tt0465375,3849109,261438453
tt0440803,43893942,298041856
tt0357110,24901405,265986212
tt0037469,98107187,158047302
tt1032746,21288922,138842904
tt0092948,43906111,126717894
tt0116260,48919970,240766972
tt0906108,37929866,247726862
tt0078067,80669964,210469541
tt0078872,20604970,149987124
tt0058946,63559959,124619274
tt0821642,60636740,126899010
tt1198138,15478283,180305568
tt1082601,6170270,142596760
tt0071970,1438234,222228337
tt0408985,29514701,270166392
tt0085204,514161,162162982
tt0337636,23610083,238836984
tt0086999,46191459,130962573
tt0099385,6786593,164888958
tt0081696,40286841,268870163
tt0065126,55485500,214649721
tt0119280,48716936,284696910
tt0048990,75049660,179438535
tt0338434,18539178,190451963
tt0052902,95258180,143981215
tt0086946,39167678,286336907
tt0314166,81218130,185903985
tt0060438,9380410,237905450
tt0027075,35839520,238164159
tt0090163,12859221,202577131
tt1146320,79224680,291149853
tt0063385,21647463,128500106
tt0084745,22408870,283184886
tt0434424,90775044,274203765
tt0426615,28546830,248372558
tt0165078,8168698,142533695
tt0090327,98319073,154127610
tt0313597,77344394,291849272
tt1076240,91441947,165826449
tt0844794,61083839,279980242
tt1157605,51582174,201581097
tt0099703,41460217,206032215
tt1186788,94931253,216891854
tt0046438,59090390,170574898
tt0457400,1477357,231671223
tt0047119,55119763,206420503
tt0103994,48113671,201502789
tt1020885,88163410,171479175
tt1259571,65457327,178030340
tt0082979,64790430,257363226
tt0097444,87886351,231532019
tt0293116,73578671,273576967
tt0396032,20714601,267796553
tt0101258,8884987,220630606
tt0962736,98748848,129203330
tt0063633,5559021,139998470
tt0085470,18721154,277873924
tt0844708,58730171,145876476
tt1097649,21626931,265910048
tt0087799,27979380,181625570
tt1227177,30415172,139282731
tt0380277,73656678,145898393
tt0892767,44620324,267550045
tt0090094,67752060,290957065
tt1034302,53408565,237252614
tt1172570,53712009,235664606
tt0902952,90957019,200817888
tt0469429,87783098,272298492
tt1176960,85338918,215999647
tt0109913,70959608,241614070
tt0061856,94055529,293680031
tt1104806,29611395,229521197
tt0053848,7809274,191812387
tt0120662,10209252,198836773
tt0098319,53486572,289574041
tt0060429,79981496,151102997
tt0035317,56750495,254632713
tt0112537,32916128,217504390
tt0376196,42710447,295154151
tt0492044,70822728,209061476
tt1119646,23158454,196420477
tt0831840,13500882,220244326
tt0113269,73280769,292305416
tt0415160,96412505,214125600
tt0113725,31932556,237829286
tt0100519,65590084,291870963
tt0053672,12530412,219528587
tt0061439,28337921,293689722
tt0103960,82302657,285748282
tt0197521,61327977,263005301
tt0063227,90732751,137498466
tt0115509,67537567,299269831
tt0039111,26397216,213203617
tt0247303,25730319,160160624
tt0089730,95572913,188047883
tt0075968,6399805,188242096
tt0038363,85410942,177801247
tt0359517,64929963,218081061
tt0109035,54588522,259674517
tt0082183,94638259,186751654
tt0060200,61371143,173179266
tt1264914,87923355,249488428
tt0099697,94361200,273192117
tt0395585,70598460,285237525
tt0451038,49659598,279457111
tt0082307,78635671,272757661
tt0436039,5560213,254301376
tt0339135,37860492,151659031
tt0068371,88471835,156045650
tt0052293,67210639,141541394
tt0099817,44759858,277570609
tt0068931,60280849,223285665
tt0995035,27721480,196938473
tt0050783,43457359,141047319
tt0138946,76921793,190460143
tt0260949,61619920,146940847
tt0040725,46989906,226209240
tt0365658,70050013,224621232
tt1060249,48150709,213729373
tt1275863,72768934,195208593
tt0495034,5083395,188444644
tt1132606,81485544,277081865
tt0314942,87636872,133152184
tt0780567,14310714,218477823
tt1203523,27503753,294722489
tt0049782,4363628,233788579
tt1226774,10680263,278530667
tt1188729,99675976,158199201
tt1078940,41449814,290616499
tt0433362,26783987,189949384
tt0814335,49879907,284110779
tt1186370,63912459,180952446
tt0074806,8144290,203478641
tt0071483,84827476,168696419
tt0172396,70483980,240757513
tt1094198,67502581,209088860
tt2777850,66584981,186281380
tt0066963,62793297,258462635
tt1074191,84143523,197464227
tt0872190,90495973,242141816
tt0491109,79505870,217688744
tt0093677,49076132,258484552
tt0054743,62109344,150601307
tt0063591,38914160,247721928
tt0488798,43742355,161139722
tt1170399,97056913,263032684
tt0327036,66949506,136499976
tt0065143,3603017,120698546
tt0419058,47332475,213269039
tt0064782,46379062,190526058
tt0039017,65114458,182584618
tt0253658,14669255,205707817
tt0845448,55239003,162135892
tt0038494,81791216,238445057
tt0097372,23891666,262664731
tt0100260,64466322,254658792
tt0490170,43527456,251902108
tt0418362,99517544,261198301
tt1083845,99378074,267212864
tt0041154,22559808,140615657
tt0049784,8216312,129006632
tt1075747,77736575,177009186
tt0090798,1953550,266527235
tt1114725,54148709,145679778
tt0486420,47702475,185895099
tt1023500,37325219,176515117
tt0283026,61621110,202120704
tt0402348,56960703,142089776
tt0112688,44296216,218334440
tt0955308,76524863,219770161
tt0080641,81639575,229001853
tt0337711,1763926,247335645
tt0810821,74834077,200105205
tt0100740,87673877,223211887
tt0102517,19988339,144812743
tt0898367,84061396,276649550
tt0054821,33978603,289355427
tt0357668,27496555,245449140
tt0234354,17155113,140190764
tt0099731,96982282,170375748
tt0762105,39082733,122277056
tt1201167,59085456,182074586
tt0068370,56354758,295771335
tt1587426,70673826,152108469
tt1216477,37089284,174634669
tt0120321,32136890,163807310
tt1039989,45012505,146383002
tt0432047,77312782,163733257
tt0047935,41400024,203948575
tt0452706,47063397,216718950
tt0056736,57279558,168620255
tt0277705,356173,193762486
tt0113089,63489454,189360763
tt0363532,96335547,229640578
tt0067921,71919547,285245703
tt0119792,13729200,264873135
tt0056405,28012454,295784123
tt0373908,94342097,234188713
tt0091860,14258921,131610864
tt0064694,80373677,289994152
tt0046368,57142676,143920536
tt0098157,56189264,167688721
tt0107653,26893292,292720127
tt1181927,39437403,136359313
tt1349482,33389396,157438134
tt0082933,42997015,199612076
tt0048198,76165441,193316225
tt0301934,51785256,168798657
tt0085346,95801231,232676689
tt0930083,61009861,209989371
tt0269743,83340535,197864361
tt0411469,16594774,292249637
tt0114234,69372114,173611602
tt0109592,39228892,287660683
tt0265171,89222486,227178269
tt0130964,6759001,122842441
tt1404573,19267298,280034962
tt0467167,15475612,221120087
tt1073510,25119045,220303891
tt1269560,40944286,293245806
tt1226271,54106417,189490468
tt0347332,96694088,236921367
tt0452039,65623159,134111354
tt0151582,85697511,201980041
tt1153706,72119263,212243713
tt0285154,71657460,194144075
tt0082477,94753381,295968770
tt0326900,93871597,234905868
tt0347330,18248702,127022626
tt0904049,74755972,216605169
tt1194616,26965314,225300267
tt0091374,80679348,188042949
tt0409527,23066317,256921454
tt0825239,33900496,153230615
tt0053579,29777309,296410915
tt0306434,45488868,144233674
tt0263467,21072867,169783598
tt1015474,53918961,175983859
tt0053793,51487355,174331352
tt0069897,47113465,175393815
tt0069792,73701491,149046622
tt0071517,53538246,274890680
tt0119311,54585866,180280816
tt0309372,6831023,189427404
tt0072325,86335862,247532491
tt1127221,2860396,271300676
tt1135931,69225855,296906263
tt0346631,9643017,276533696
tt0082776,34487304,287909323
tt0094057,866947,245849274
tt1243955,42917399,143787416
tt0050468,86848527,137942503
tt0191133,26943359,242782462
tt0160401,53782089,216499766
tt0494864,16834281,258093221
tt1512321,94333234,298244043
tt1130088,97453769,273327680
tt0106450,96213839,134985633
tt0065168,40279813,289154427
tt0785025,15899628,283656226
tt0337660,49354571,168050248
tt0025699,25124235,175362468
tt0027087,38286365,133237917
tt0025440,80372632,211111561
tt0052655,46788088,125272953
tt0061791,66619097,263500733
tt0062395,53623375,180175413
tt0402764,96649992,238216001
tt1213585,83331670,261919690
tt1197624,79253467,157009632
tt1220220,78335869,278661284
tt1398941,73348850,252765576
tt1230414,95679523,247331874
tt1193138,29148651,131790395
tt1057500,33072882,238979919
tt0947810,90596448,143876223
tt0479997,13455852,125252316
tt0865559,35750711,269013101
tt0050858,46448993,231304290
tt0025465,35781220,243728366
tt0249241,76479886,201891649
tt0840361,16379076,141473730
tt0059250,59083361,120685279
tt0108149,58201578,246400339
tt0026846,81297500,132255122
tt0976222,75760121,274094821
tt0024500,71350414,191279939
tt1235448,12938591,259607232
tt0053925,72718477,152184312
tt1250777,18033334,225310889
tt0031880,38071872,273193280
tt0084867,2059294,150717879
tt0024516,38102381,247908545
tt0084637,34310696,210264237
tt0077735,44526857,276119018
tt1202222,70608880,171312129
tt0315778,13776065,182906047
tt0920457,92751387,140627710
tt1579526,33626744,282402910
tt1179904,73707391,195395620
tt0068168,15259752,223282879
tt0892874,27970635,211738353
tt0035429,97813229,193114446
tt0275719,73433044,253316063
tt1226681,101980,294393528
tt0104534,17896461,268626820
tt0075622,86584964,269753782
tt0100594,26684702,244374062
tt0381601,5984237,134987777
tt0471041,93520147,146646194
tt0192255,72581281,284303359
tt0413879,13492453,161827955
tt0096461,55829422,163199177
tt0449573,57425702,187023026
tt0387301,33627147,191925635
tt0082242,86847479,203236766
tt0046436,53262938,136933514
tt1451763,82424712,262261581
tt0348505,50929683,232302468
tt1232776,66450673,233364930
tt0179473,6514596,208049712
tt0049646,85728317,198669727
tt1007018,75642176,249817310
tt0489279,83159053,223405619
tt0325618,69102073,264999074
tt0057163,13132234,263411066
tt0189070,17056466,210135945
tt0103002,93243728,295032253
tt1252596,97389436,126407882
tt0078087,10565752,240169129
tt0089003,39763341,185432699
tt1213825,10596260,255350888
tt0085248,23789301,173047678
tt1133989,25902761,131285326
tt0071396,68893565,138352477
tt0093624,42185162,264067537
tt0309986,65281082,287023070
tt1562392,48896154,228739221
tt0077598,46165457,227086713
tt0301893,96872176,174263085
tt1087578,73073622,262835810
tt1371630,79475652,202473558
tt0114609,62840021,203844777
tt0104181,72832378,279508956
tt1997455,22064843,219026536
tt0234137,5875515,181382227
tt0851430,8024792,190774871
tt1261052,48759274,281963627
tt0186045,75218383,143557081
tt1307064,45361678,250763217
tt1331064,31018183,196542775
tt1210071,35199707,286511759
tt0067328,76702070,154450364
tt1263670,15289569,142389850
tt0101371,85132165,170277112
tt0056112,44997866,217579016
tt0063694,52662272,199503029
tt1305806,1858923,223271214
tt1059980,61400006,281376304
tt0082783,10381767,199018461
tt0079871,6625897,286143807
tt0034587,77503729,278266868
tt0486615,56851383,254943397
tt0200720,86578487,132983981
tt1002567,65639623,294819848
tt0076162,34246362,205206212
tt0071431,17610730,146570030
tt0186253,87489139,174392793
tt0043924,572353,137573089
tt0043625,57239755,167371085
tt0885415,57383412,203458496
tt0891520,50434256,245503438
tt0106557,90161663,179205738
tt0109415,58864352,169825756
tt0762148,85452378,241942515
tt0053877,89920419,265065714
tt0806203,66408383,276659630
tt0050629,45433703,258559992
tt1151915,14076256,268823663
tt0040979,99718577,240646286
tt1255951,29740903,138068443
tt1227762,80602950,297824871
tt0485272,46238190,131046732
tt0024852,39541255,267011449
tt0062376,52734296,209179086
tt0258816,23209069,207591083
tt1172994,38694246,133501403
tt0047892,65318087,209165582
tt0119092,72042449,148683165
tt0340380,55371003,240399779
tt0453365,78466924,238747274
tt0780511,66386340,209730880
tt0087981,79548471,185745908
tt1086780,99170129,174918549
tt0880567,73652474,238796583
tt1132589,66700238,298465119
tt0045009,6764159,207983161
tt0092857,21927004,154343209
tt0119594,92674112,244376693
tt0263725,5952964,270920253
tt0061489,94912863,150137297
tt0063555,39229539,286231012
tt0019760,24886043,185499401
tt0110399,45725644,275984374
tt0094590,59435863,173406527
tt1385912,99938889,195997224
tt0093512,79000023,142722106
tt0063611,55810318,206535641
tt1462758,46530132,194466294
tt1210042,59002614,171723311
tt0301181,54960227,248483965
tt1187064,81708361,212115748
tt0283999,88024996,234595900
tt0056860,74993457,209691341
tt0080440,44886052,249906659
tt0069343,57955080,244924447
tt0090866,27847675,243787930
tt0059124,41522079,153658308
tt0059126,88937326,255486769
tt0091707,58865734,122328898
tt0090057,98012082,266025184
tt0058212,28616348,162334348
tt1232783,38832508,135398958
tt0332712,34825934,127909007
tt0091647,84008400,175791398
tt0103888,21072401,298277853
tt0048339,57115488,217999427
tt0066849,19737401,254022343
tt0050481,60276242,246080900
tt0110977,39015045,248032609
tt0059125,97046568,257780292
tt1185431,93586438,259602449
tt0408120,14440222,126509078
tt0087004,347429,270269862
tt0367495,56764126,166514527
tt0062168,96684947,239972431
tt0343531,39439231,132089190
tt0098967,39547074,196547709
tt0098143,32562106,162924523
tt0485601,59472464,198122208
tt0064403,55062760,137639793
tt0053133,40070322,209821046
tt0090683,72048269,211708257
tt0405615,76912277,221391441
tt0841032,99242949,227406006
tt1106860,96762954,190191031
tt0071381,80127324,184410617
tt0087821,99001705,130125676
tt0161010,76514841,266670880
tt0036027,28401855,279957244
tt0080728,21669104,256037251
tt1256629,12427815,126019686
tt0051786,92505688,161797856
tt0044672,34856839,281379941
tt0047904,48018970,177624603
tt0088412,54206113,287644934
tt1267319,65910713,185067088
tt0099611,32290356,207657785
tt0062472,49087223,200377847
tt0053418,62285168,152149675
tt0364376,78831599,149110689
tt0807758,56022405,189906494
tt0068661,38943809,203128359
tt0092929,78993546,183271777
tt0816556,7954618,233318712
tt0058384,58977041,180847370
tt0074626,92145468,221062685
tt0069041,67765282,281247212
tt0082467,11544740,261455126
tt0481519,25505662,288302704
tt0051605,89578984,226642797
tt0101625,6461665,123484464
tt0084695,72827124,255320791
tt0106928,38426549,296978745
tt0112744,41479786,153582144
tt0056331,18809518,279065037
tt0944835,31317815,146947424
tt1320253,41238542,147523963
tt0472399,41099072,189117415
tt1247667,72011177,184673834
tt0935075,47595177,160736753
tt0212879,91288820,225195272
tt0054067,58538885,171920154
tt0057078,71736830,193865864
tt0188694,12118180,283671744
tt0087814,61789745,134874831
tt0075614,18256443,277166025
tt0059678,83717366,217135097
tt0084556,931548,289251854
tt0093996,11111896,290687574
tt0756725,21068437,207013507
tt0102960,20964781,152728566
tt0094033,7386533,248291291
tt0083624,29394874,140988531
tt0254199,69439708,188870922
tt1420554,38404592,126500942
tt0409011,60735266,198046044
tt0063829,69898989,207858226
tt0049405,64110908,185566183
tt0427481,73816748,281797694
tt0359639,86038527,221315279
tt1258137,3216894,297624439
tt0057443,68928520,227193280
tt0057603,32593956,211129188
tt0060794,76489268,173420378
tt0058567,18840423,252535970
tt0283987,31716035,149296620
tt0062833,27342146,288800500
tt0117891,40725753,136687759
tt0089254,16560456,161786191
tt0069754,49728883,171533873
tt0098503,46268752,153305241
tt0098502,26141015,161287235
tt0096316,65832608,135520527
tt0091651,45418659,261300089
tt0097106,48794229,194416349
tt0192335,14715985,178932745
tt0092860,78753494,232974422
tt1258128,98620318,256678111
tt0051720,64785074,292907770
tt0053134,7172040,256604057
tt0119326,22811969,280427906
tt0795351,96340352,237787367
tt0082511,38763133,135145025
tt0054790,79301974,133492518
tt0049013,7940713,129155291
tt0068394,47954637,279196176
tt1288403,51110987,140725131
tt0155388,28624123,204603166
tt0071679,47713393,142672891
tt0051758,60875523,124490974
tt0059635,36125550,274983349
tt0113241,11423032,276110310
tt0478999,44555643,160568831
tt0071790,22653255,171944461
tt0113014,36137718,129239424
tt0961722,76182551,202533669
tt0082966,42562194,296759561
tt0068282,45360131,243055104
tt0094997,38663197,170648232
tt0082431,90822540,224625410
tt0120710,75462785,272056312
tt0090837,85132811,142387064
tt0018578,70825129,268102124
tt0044837,71450907,242786906
tt0050598,93459248,239850460
tt0014624,24385538,124244479
tt0018773,28345584,230853516
tt0844463,15967613,139426240
tt0059821,11522094,266215622
tt0057449,31560632,260435208
tt0048991,25225840,223177887
tt0203408,27661632,230137777
tt0059465,70616621,192493463
tt0067929,10838142,155673762
tt0060174,64998520,285998214
tt0056552,50655023,231777774
tt0035753,73428615,122340948
tt0078077,73289143,223941805
tt0067950,59746710,183669525
tt0073324,8175478,211040798
tt0065744,68206068,283166388
tt0248190,91301989,180356374
tt1218030,13718476,228690255
tt0087909,60551197,143171963
tt0091425,7455711,234382456
tt0951333,26191108,196673646
tt0056368,39021738,159789443
tt0054407,69611817,160817471
tt0070432,6193698,168347978
tt0080904,84918316,126521131
tt0060647,28899446,244569118
tt0069895,71236413,191977614
tt0455407,13039478,219413383
tt0076590,23780556,203160461
tt0051365,93658965,184472055
tt0074147,69242965,232870434
tt0057358,88663164,291040018
tt0138545,12069009,261080904
tt0056943,78501192,255582703
tt0100827,18851632,253930196
tt0079135,11827765,124557617
tt0206917,88265730,136151535
tt0084777,67076162,270132280
tt1232790,8729340,124058664
tt0101649,51030492,155717758
tt1258197,46072700,183089031
tt0050585,31765020,170899519
tt0810784,82657401,194658874
tt0041838,48750527,128936106
tt0053290,77661599,254715665
tt0042579,45138047,228819962
tt0047479,60623223,223386257
tt0074455,98595712,217670345
tt0357139,91607660,184047162
tt0079889,68131439,280278673
tt0041737,159383,237935835
tt0083281,13285700,267798809
tt0086231,30860388,290325009
tt0091093,35106950,202009545
tt0063462,11594914,290582270
tt1156173,95455679,122022395
tt0326806,8381291,232107225
tt0064952,35036041,177822284
tt0067952,2476675,247804972
tt0090109,18212551,146621872
tt0037549,11479802,144969370
tt0084725,74808722,123665410
tt0041699,34638607,249960958
tt0263728,57412198,273496975
tt0094744,43068702,195097834
tt0118525,43730293,217043544
tt0924468,92395580,165685192
tt0068284,68847728,254322414
tt0039631,75285573,181511940
tt0119285,88197001,199846281
tt0048938,70361401,271963037
tt0098385,17265915,211545119
tt0087243,97992446,173320320
tt0084854,514053,204394416
tt0181838,56930751,271468966
tt0099637,69641634,129515000
tt0084298,37242093,237172623
tt1185412,22934412,158708983
tt0069198,23560188,276533089
tt0066412,74481794,133553246
tt0059440,11099492,133811958
tt0060380,80977899,162150709
tt0164993,40521268,210033100
tt0082235,50155481,155644987
tt0119665,99337944,175220769
tt0058279,31111484,232745366
tt1419318,80293948,168070063
tt0929864,89928159,235209112
tt0196158,49471528,137823089
tt0330111,41891203,241288307
tt0083316,78458900,275214689
tt0493450,29430506,280777765
tt0433575,30056284,194711551
tt1519929,15748604,142055548
tt0095379,83299062,166330889
tt1010278,96009943,130091672
tt1485762,52476642,159825169
tt0308443,54948248,182948371
tt0415127,35724779,241053455
tt0464828,82579296,188826371
tt0111341,64743695,155203191
tt0053459,77655123,231899346
tt1084697,84092966,255603033
tt0067367,60545116,238954838
tt0116630,9260400,244453413
tt0055572,9921993,254136599
tt0319736,95528499,285731196
tt0106449,18352086,134198942
tt0065481,78131973,290278955
tt0054460,41510891,123436318
tt0073240,34778142,258949548
tt0098051,50514021,204793602
tt0031455,17954652,203141097
tt0092783,44609404,299330329
tt0080603,57485017,195574994
tt0278490,63887046,135157073
tt0072687,40375010,206758392
tt0093132,44621573,212192471
tt0103312,62196260,217812247
tt1053424,75322578,199936450
tt1039995,7350524,193688487
tt1329457,83824301,258018011
tt0079758,76836249,290919200
tt0060921,14858739,199985756
tt0021165,17736925,145765317
tt0086904,85163372,239862208
tt0063285,14124442,244429951
tt0460902,80167570,136611205
tt0074292,31109952,272640421
tt0084732,16802271,147149620
tt0063557,11844477,265489712
tt0053341,54145632,162976365
tt0056675,95748810,181374656
tt0048966,74559243,134595703
tt0118635,51047205,198989723
tt1241316,44023340,174601150
tt0065451,84323780,167789313
tt0069786,50805962,239841574
tt0186730,74161808,203537858
tt0385568,93582007,224681729
tt0112364,69166008,200228657
tt0295238,39094415,236251569
tt0114323,49835493,206639165
tt0100828,91588557,229229861
tt1311699,33975527,126652015
tt0055186,77906654,245443600
tt1105729,56681273,294782983
tt0366860,93213156,258543770
tt0062767,23853235,154788432
tt1431191,36683863,131400462
tt0036307,32927991,123459024
tt0044829,79782506,167278005
tt1210356,26665228,284171274
tt0330634,49031716,163839805
tt0231265,72127637,204055126
tt0091575,32208226,221018387
tt0092115,80586995,192905509
tt0383975,67044562,243093225
tt0090366,66905090,249623779
tt0110922,12219946,123155570
tt0327071,97826452,262723949
tt30397483,52036829,158388124
tt0046790,92208352,231394539
tt1242422,35213337,127703703
tt0277412,37649129,175586094
tt0772187,31314339,154798123
tt1582539,51352877,184531617
tt0092003,46907357,124113698
tt0330904,34529386,175663674
tt0078241,38489433,201149096
tt1533817,69365723,206768873
tt0049120,91374066,213363926
tt0080354,91999841,182645115
tt0040652,77692161,230463005
tt1345777,87362186,126191679
tt1114712,72002432,258157486
tt0055278,24211775,271379351
tt0052896,17514840,252038757
tt0061669,20312775,122601680
tt0056370,86642421,148271763
tt0063534,26737251,267789347
tt0096920,40221714,139274825
tt0093771,18319327,260638644
tt1249300,51451939,174636926
tt0106684,26749422,193551205
tt1038043,44359925,210901459
tt1054580,57522055,144603759
tt1543920,76611326,185745725
tt0060120,54124462,225961043
tt0815236,57280811,234990500
tt0052846,97294735,215714405
tt0052169,25933475,266341827
tt0051755,66472315,171384685
tt0403118,86353830,194507887
tt0093200,59932212,242445942
tt0109504,75572141,246897059
tt1442571,17959107,277808042
tt0077889,84073865,216599628
tt0092147,3990687,134072575
tt0210567,68028196,247839374
tt0096118,33949954,288916841
tt0096119,37325522,149067660
tt0120390,16911575,258103419
tt0038259,56603167,138950019
tt0060437,36475429,139978047
tt1420568,33015299,181507003
tt0073697,66183725,174695164
tt1073105,42018428,126127891
tt1191111,55402035,210572707
tt1315981,51028146,157749078
tt0387925,63903760,180275276
tt0066450,6254913,281940629
tt0109578,50150226,127328918
tt1321509,13815661,269039622
tt0068669,79527287,208557205
tt0112288,96655655,284866367
tt1415283,8927436,286753577
tt0036400,18633275,199403093
tt0066534,12845194,145182653
tt1440756,99467649,234249210
tt1183665,21848322,269803540
tt0785004,90763207,178311765
tt0114272,30858040,251889834
tt0075132,52866381,144015422
tt1441941,39288135,177941805
tt1239388,39184478,135018482
tt1251725,49141020,277347708
tt1261862,59321366,212801883
tt0049553,98976816,289046546
tt0262462,64487738,206683154
tt1340588,20954436,207711182
tt0061017,70626004,165938961
tt0097228,11007353,238429390
tt0113188,24205298,290430850
tt0220627,91405361,278305839
tt0247444,35149004,126773587
tt0072820,10733006,148195602
tt0082206,41645109,182057488
tt1327788,41505639,139198661
tt0066491,51426366,156901751
tt0049105,63934663,180605440
tt0110913,41264395,253173686
tt0067959,44317632,186870434
tt0047876,9917059,171451328
tt1082577,76282516,229556413
tt1294144,93115198,252679615
tt0327804,57238519,254106500
tt0067144,71199441,242045986
tt0995740,14978899,270449236
tt0107863,90548714,211748555
tt0061037,23767140,145733136
tt0058249,74789563,299450438
tt0445760,3750635,120577401
tt0838247,43800372,274681694
tt0060648,49213044,136791137
tt0066892,26403848,197121749
tt1340161,42950280,135126976
tt0097874,56148225,192651576
tt0381061,72945092,216355262
tt0125454,39324735,137788449
tt0085384,51029335,222233268
tt0110622,57216478,157773383
tt0081383,70378610,295648833
tt0825347,70319286,217314188
tt0111309,50447157,286780888
tt0143145,41205867,228368040
tt0376994,34473118,162070340
tt0246460,86310129,204244282
tt0097095,63823265,268638303
tt0101962,82697649,134776649
tt1038011,66062016,260040220
tt1546036,63582022,234273512
tt0051569,85912695,205177096
tt1196204,90776704,294201311
tt0081633,22804649,217262928
tt0112605,7812212,125900148
tt0021331,3402505,276803733
tt0054377,30312865,250392039
tt0457414,23327896,196171597
tt0038182,23435738,221624384
tt1134664,66140025,184431562
tt1467273,6110843,148063348
tt0045465,62527543,282580207
tt0428212,48434749,227908273
tt0043340,69238535,293763057
tt0892737,65778404,215299414
tt0095705,23859924,173690855
tt0102510,2598730,185130981
tt0112438,43137570,269575796
tt0120382,83218217,190363998
tt1467304,19311302,214067687
tt0090565,56325305,272237273
tt0366996,5557768,189427938
tt0106918,1551196,148042711
tt1608503,11767358,291738996
tt0056016,42321623,292831523
tt0051201,81467971,147902352
tt0053183,73887646,122006643
tt0057883,21352892,235991226
tt0059232,35027297,177935530
tt0046928,4919891,205822790
tt0816462,17988920,193633283
tt1191113,87831513,198672087
tt0052724,74799977,218312365
tt0460975,81116609,276417452
tt0104139,7914746,234526101
tt0439771,3872357,252164694
tt0093220,16344839,246448782
tt0382602,7064652,297011702
tt0115940,83824947,128025132
tt0067500,62886084,265682292
tt0098575,3439108,299673179
tt0193364,17149326,141611178
tt0047679,37988926,169433941
tt1333667,23645431,157308930
tt0066279,67912110,208923402
tt1650062,56922006,281929817
tt1194236,70150862,240028601
tt1172996,40947967,214713383
tt1074638,56110810,215904841
tt0240119,96124734,214252339
tt1282140,89172496,180048666
tt0076327,63654841,271700781
tt0083680,95883490,229422441
tt0086850,9095621,263348826
tt1285016,96965036,155861405
tt1425253,20110957,228923486
tt0101692,3439512,137560709
tt0028346,10163874,172599050
tt1013743,36787715,262052597
tt0862467,52272891,167327626
tt1183276,22747665,233762892
tt0319754,13449438,139075956
tt1253864,6752504,137358955
tt1521846,72337744,283219782
tt0084488,23249790,245575474
tt1148200,53222119,264919083
tt0047879,38914437,186971431
tt0073219,7556991,209497629
tt0025830,86532315,156287009
tt0072198,63020276,240731825
tt0879870,67488318,191519564
tt0057706,94076344,185223715
tt1156466,62779032,226881667
tt0051173,2556438,201566449
tt0059895,95557284,135486531
tt1222817,95700941,196848500
tt1240982,52418340,263471563
tt0430457,65451555,125065015
tt0049334,35379963,232658141
tt1399103,18744332,150647079
tt1126618,87301072,269051670
tt0977855,66362209,299962658
tt0052233,96089313,123768789
tt0050580,75436965,159323118
tt1092634,46364796,195475028
tt0058123,42608926,141022421
tt0459293,91540690,165177597
tt1235796,28640505,199103982
tt1280501,77787157,160588644
tt1379177,85451563,227147211
tt1233301,45317264,268676167
tt0071565,15209857,196333789
tt1180583,53747357,214329032
tt0056496,95249721,232727320
tt0042638,99431244,187101139
tt0053445,85087749,127948968
tt0044399,77722311,180079428
tt1229822,4231421,299597015
tt0072869,44965902,145654091
tt0100581,47115178,169357777
tt0070640,30925853,203348661
tt0206113,80108318,168896733
tt0044413,90100675,151204694
tt0055139,73465043,223321454
tt0055230,79867074,247089639
tt0427152,56068520,235020841
tt0060884,6825236,240970907
tt0046035,4094541,246590684
tt0114671,87659614,271689116
tt1486190,10805534,143755076
tt0066130,84047132,263208163
tt0068457,27087932,293457646
tt0839930,29201394,245423453
tt0065580,42394433,167024311
tt1292575,13227354,188970021
tt0057887,42424942,294880343
tt0489247,55551259,191189507
tt0059298,59696968,126579180
tt0070122,35934229,198631992
tt0081291,39858460,204646555
tt0065230,83838621,214458737
tt0113967,69781643,239492673
tt0052545,99789785,203180122
tt1560139,89703644,243395443
tt1070858,68967365,123708963
tt0970866,9031288,213227009
tt0067148,24552278,130635460
tt1063111,93007249,248459564
tt1426383,22219022,258620489
tt1092026,88584482,132161219
tt1245526,29247823,252130295
tt0061389,5449268,139603707
tt1090639,7045549,258008298
tt1231593,49382518,155430449
tt0808526,90243689,177376162
tt1282147,69304826,148279746
tt0082782,56890734,184431657
tt0053719,36190270,160494573
tt0082338,76240007,154134226
tt0093176,44978510,171548976
tt1244658,62772991,193623684
tt1448762,89391928,216103834
tt0087520,65011742,191586265
tt0079482,34904336,232317575
tt0431827,47615218,203285658
tt0080711,89117581,221683946
tt0167147,29248227,298525613
tt0082243,70073584,236865707
tt0087998,49098906,292019894
tt0419280,92216093,248049108
tt0151239,18348114,140617353
tt0076361,28564276,297809874
tt1657299,24772591,265754231
tt0086276,60815676,157299335
tt0080464,24803099,279656789
tt0083261,44841636,155261913
tt0108577,67615226,196057721
tt0096871,27445113,213472472
tt0076068,68983290,189423004
tt1666186,64573586,182143064
tt0090930,59036207,200605854
tt0075922,82132128,272207171
tt0094860,81250343,212176245
tt0075163,24004627,148925442
tt0053146,63853819,217868447
tt0122037,27093752,269934410
tt0124014,16425979,161415015
tt0092516,27124260,144303461
tt0049875,49419119,163634498
tt0117260,72228524,296051798
tt0125458,29802088,168053259
tt1526875,33726320,193603183
tt0247427,67145447,202899377
tt0363728,89476121,208913940
tt0204700,84489103,192136750
tt0047676,83571503,216356428
tt0091990,79493303,292665590
tt0078264,66174980,232183173
tt0025903,9251596,237157477
tt0025969,96205874,237416189
tt0101309,16086883,288043609
tt0054938,82452341,143821780
tt0138797,24588606,263790853
tt1492820,37750736,131728907
tt0251588,13520399,253157225
tt0073438,46975343,166575024
tt0034985,22595158,172525091
tt0081617,66611133,206451474
tt0113849,65371202,130561678
tt0828462,68491738,172155131
tt0069316,46040689,212305953
tt1449379,51453360,200833125
tt0268279,78292090,205284243
tt1226236,18386920,251719256
tt1268987,62318050,203762815
tt1270286,4418500,227466501
tt0805184,70748144,279596964
tt0284655,95592431,279855676
tt0889573,36009594,269681642
tt0828065,2425052,208021736
tt0099578,96358321,129687088
tt1568150,75913158,237860702
tt1228987,28158316,275261751
tt0076240,29205936,135477069
tt0412046,9042690,219882639
tt1536044,35630718,128455361
tt1262416,31256827,274767680
tt1433528,28825220,167400424
tt1562871,61671315,167213750
tt0113858,37255315,298581976
tt0109891,52966873,206574211
tt0109454,48843685,153299093
tt0111470,59677867,171761882
tt0077630,2064833,273362737
tt0061576,55778867,297285748
tt0091183,7988211,243065306
tt0102456,64495479,195031112
tt0102860,88822585,246581088
tt0095037,87940801,272066510
tt0103110,11086721,188908432
tt0100168,10624918,135268479
tt1465505,96996672,226703292
tt0098136,17121024,262193125
tt0420978,86000094,170249858
tt0116275,28637764,297039240
tt1210039,41799896,139565437
tt0362771,35133869,169815404
tt0094868,44777304,127472566
tt0095599,40985617,223317087
tt0089420,53493915,162834666
tt0090015,70980429,214320143
tt0090110,21024022,151556054
tt0382310,90830803,152648578
tt0090377,43658140,139448659
tt0088318,99353648,234946882
tt0085575,21734320,282884937
tt0085180,86892951,270308434
tt0085461,30958925,298195696
tt0084565,6578740,143681117
tt0082081,39747166,178123491
tt0082225,49354785,131717245
tt0081568,43306781,143311160
tt0161970,55850889,166434362
tt0222355,26554918,218500323
tt1714196,25601505,159928642
tt0062790,2370504,156828758
tt0411951,68485260,215385334
tt0077360,88352085,263267725
tt0074254,54731727,250752992
tt0074533,69014981,238111991
tt0074906,10824636,261806845
tt0073605,86358635,203170662
tt1412367,19254730,141863640
tt0245573,82388008,279520800
tt0070656,25464624,286922309
tt0066773,35680785,260575115
tt0069303,41344159,278054367
tt0067333,5431399,186627091
tt0066989,37731677,125083807
tt0018192,50607291,179060982
tt1555126,68146164,227007872
tt0020556,34561622,130242534
tt0063553,48880690,201723140
tt0048937,46149993,229610399
tt0067134,66152716,183422441
tt0063693,8253165,285539288
tt0109835,88080335,175457477
tt0060891,77738893,224950034
tt0067900,71256844,152156169
tt0059362,78763576,165443010
tt0059727,42886632,253951236
tt0081420,75151094,288286348
tt0057171,87990894,250642037
tt0021818,61111044,244861623
tt0031385,81185395,197050693
tt0057490,86300108,285623418
tt0056315,18578756,212877441
tt0055058,5914268,121450165
tt0054099,1253860,268677327
tt0054198,25549752,242846121
tt1289401,15172495,188690180
tt0083000,8726262,211645711
tt0051570,60921421,133182068
tt0052182,85088395,133440780
tt0048340,54658658,268538127
tt0048500,40315162,214317684
tt0046719,63446898,128414577
tt0045699,63307426,205320744
tt0758752,19347515,165177458
tt0044000,98358652,176553088
tt1418646,38983305,265577300
tt0040866,81033756,236480884
tt1458175,7635968,206586267
tt1356928,48205718,264691357
tt0095869,97710514,175256859
tt0489212,93954643,293369351
tt0418315,93001230,281308834
tt1282142,36780687,278724943
tt1034419,73384199,273742730
tt0981042,43276794,272090226
tt1242432,96591350,169060890
tt0497938,1469545,132981015
tt0044462,78224359,197180401
tt1431181,91257575,185571379
tt0073198,83319103,191190670
tt1323605,72328998,214894356
tt0477080,78681447,272418956
tt0039041,81675,225948211
tt1423995,96239990,213427923
tt1542344,95322391,285489016
tt1172991,92340991,286968533
tt0064451,77997496,294434542
tt0082951,54730681,276334904
tt1403865,98912511,285566599
tt0036636,12995062,137096696
tt0091024,36090983,164983955
tt0109003,21425158,149311525
tt0275067,63148997,201377487
tt0247380,52194708,274319402
tt0028818,58511341,236094604
tt1032207,35371218,193816267
tt0113376,48564258,177103571
tt0307639,75188100,200081260
tt0051454,81339426,166458077
tt1578275,57791576,262302598
tt1455811,90056039,240010552
tt1499201,14724262,249177748
tt0051381,92774957,141238840
tt0775480,15885063,224538002
tt1407049,1255052,297115081
tt0074703,98510169,164988638
tt0321440,32024602,254506682
tt0482552,47760481,199834750
tt0080993,15201112,269817441
tt0970179,30722102,144842629
tt1440129,8271321,163756908
tt0203132,86960126,130198224
tt0218378,37621470,231984880
tt0087746,47430480,262542984
tt1462900,74305026,176476773
tt1192628,3331099,194939560
tt1037163,82342234,147709117
tt0048087,58579494,236733329
tt1217613,65017339,188101557
tt1529572,91569552,177742296
tt1562859,58302437,218819766
tt0067224,98352174,192924057
tt1316616,88010731,294524917
tt0101831,67529753,186934326
tt1512235,46590890,249880972
tt1314652,57367781,291409928
tt0115647,27260376,242730266
tt0055805,26593479,140216919
tt1504320,85403129,258557011
tt1366409,62207943,291836255
tt0054483,91612717,296222874
tt1586752,70638037,151841704
tt1369706,24652774,192057022
tt0188504,40460281,186558818
tt0070628,87350611,156599705
tt0056279,21058137,190590589
tt1457766,56528191,150609974
tt1167675,79659925,217620027
tt0295725,39489812,255085576
tt1559025,7340972,206470413
tt0397103,59626700,199706461
tt0450315,87738984,222168163
tt0478719,97533301,120106302
tt0079773,73698932,259963023
tt1164999,50467932,132028980
tt0466923,76962857,250966080
tt0902253,20290175,141204105
tt0095274,22690154,164972290
tt0309832,23379298,194770769
tt0119783,58885166,154725655
tt0050249,81981088,137614106
tt0128274,67601778,263458164
tt0094854,65157598,261289668
tt0067690,61983677,220333774
tt1735485,99228686,226348342
tt1212022,99532131,236676510
tt1270761,85188634,268271107
tt0315431,8370371,136144661
tt0451166,79284019,255146259
tt0362001,22575521,284944252
tt0118673,25011314,224461838
tt1083447,31363762,163025815
tt0920464,94210524,181424103
tt1126516,34269542,281354251
tt0860454,47431672,177598916
tt1228726,54191849,140714716
tt0382188,44105708,188137331
tt0299108,32276092,190088489
tt1316536,79362025,200352157
tt0819810,65054345,231882258
tt0829176,88150266,199762115
tt0278522,87483369,223014312
tt0275287,64777286,295131072
tt0240576,4877024,204584618
tt0077319,20362199,126701462
tt0080116,74004603,245106053
tt0127562,16391571,245029901
tt0055526,80500708,140694076
tt0783494,34021743,284390364
tt1032751,23899787,151877477
tt0068539,14398121,253705940
tt1224368,83990015,141259374
tt0051083,98087567,139606869
tt0070136,64505899,140798330
tt0119062,54706273,180497659
tt0200659,34328140,155980088
tt0052287,72049930,145556333
tt0058663,40466099,163551571
tt1563719,41227508,186077769
tt0055073,83600290,190065021
tt0157044,50015749,181607595
tt0090197,27035452,241938208
tt0108187,53494561,188663087
tt0060959,81606842,211640777
tt0096741,23707293,289062929
tt0209440,67566792,199160913
tt0094331,44335793,284473978
tt0050495,87775310,239922705
tt1136688,14158035,299655737
tt1591585,7389471,293424387
tt0088722,22588129,257692324
tt0050512,56088378,149688920
tt0278487,16683512,266066198
tt1502404,39264888,145347739
tt0090915,62360809,209741765
tt1398428,33360270,198785407
tt0119574,61436736,175316424
tt0044060,56704701,168616974
tt0446769,47396686,166964467
tt0444669,79696965,251697045
tt0406046,76773746,203598353
tt0057608,19778734,279907518
tt0042982,59663739,172913931
tt1570989,2453838,225431382
tt0046345,91413735,293364569
tt1341710,96427592,276317516
tt0086232,19094782,149527919
tt0087268,64717785,129671339
tt0052832,37973567,207093496
tt0082748,18981028,179561103
tt1747960,59025862,189308783
tt0076915,81392349,171080150
tt0275408,82018126,188202753
tt1628841,81351229,211970938
tt0082696,75303222,284087698
tt1293847,62020715,224056770
tt1411232,4775001,229611562
tt0048452,93699083,217551050
tt0112993,1090888,280497696
tt0084740,74655086,129650702
tt0190302,17042054,273346990
tt0190354,43594265,121298745
tt0190542,7979466,243178554
tt0047880,41183705,152919932
tt0063293,14475570,134755798
tt0999864,62098724,192409393
tt1451423,61181123,175646588
tt0383719,57461067,167640649
tt0112435,41850609,204244052
tt1020773,46940949,193351711
tt0115820,73528977,197738330
tt1629377,15951758,247720763
tt1478275,56777115,193268153
tt1599302,96786134,237087134
tt0118020,76627488,264974393
tt1034324,87795176,253300872
tt0091343,21013600,120723489
tt0092585,96511787,210821471
tt0057220,14422991,156085041
tt0099875,94250160,269722842
tt0139859,46459502,270811766
tt0455767,49476927,131607573
tt0423470,6571713,212336724
tt0110604,30903419,120844949
tt0064612,26493714,266705776
tt1213648,14079929,163014939
tt1479269,56416898,164386159
tt1480656,43170472,284410898
tt1591095,45133803,192983619
tt1440292,40688284,139773003
tt0376144,53850415,138120496
tt0119385,83083818,263319567
tt1194173,51588788,288707855
tt0058659,3762317,234551912
tt1177949,60018881,191097118
tt0081595,86387422,226586948
tt0887304,66228777,264520597
tt0095063,6574310,180911029
,,
tt32915102,,
tt31318255,,
tt4996328,,
tt11068094,,
tt6718170,,
tt7193362,,
tt27722543,,
tt15939198,,
tt18077924,,
tt20315818,,
tt8864596,,
tt7737800,,
tt16300962,,
tt3470600,,
tt0049801,,
tt1655441,,
tt14406418,,
tt0072225,,
tt14371860,,
tt11615616,,
tt1242460,,
tt14966898,,
tt8648640,,
tt2109248,,
tt0066122,,
tt1596365,,
tt15836468,,
tt1915581,,
tt0790724,,
tt5052474,,
tt3397884,,
tt3783958,,
tt1473832,,
tt6194538,,
tt2630526,,
tt33115046,,
tt8964214,,
tt12567246,,
tt5751998,,
tt1298644,,
tt6924650,,
tt21839230,,
tt2111392,,
tt30505839,,
tt1707825,,
tt2980592,,
tt4844140,,
tt27813285,,
tt3722614,,
tt6805302,,
tt15782690,,
tt0443533,,
tt6259380,,
tt9005184,,
tt33132235,,
tt17067574,,
tt1369559,,
tt2911666,,
tt18313356,,
tt4993964,,
tt7656570,,
tt9208444,,
tt9021234,,
tt10808294,,
tt4549224,,
tt10880084,,
tt11695190,,
tt4540710,,
tt1399165,,
tt13401252,,
tt23647954,,
tt7403614,,
tt17717416,,
tt2709962,,
tt10168670,,
tt27802490,,
tt20201748,,
,,
tt7984734,,
tt3794354,,
tt11152168,,
tt1893273,,
tt14415204,,
tt6738136,,
tt3344922,,
,,
tt0327785,,
tt5177120,,
tt26757462,,
tt17569526,,
tt32880932,,
tt14960854,,
tt16915972,,
tt4925292,,
tt2531344,,
tt2101383,,
tt16311464,,
tt13702796,,
,,
tt32660113,,
tt2166214,,
tt25795782,,
tt1661820,,
tt1663662,,
tt14253846,,
tt2175016,,
tt4291600,,
tt8305372,,
tt5362988,,
tt9154566,,
tt0056563,,
tt11674730,,
tt27554611,,
tt22773644,,
tt26682012,,
,,
tt2488496,,
tt1766094,,
tt9735470,,
tt6957966,,
tt7250056,,
tt4966532,,
tt1596363,,
tt14093994,,
tt14454876,,
tt20864606,,
tt6330052,,
tt13238346,,
tt13141250,,
tt8373206,,
tt3553976,,
tt2316801,,
tt3569230,,
tt6443346,,
tt32086077,,
tt21201300,,
tt22302170,,
tt10640346,,
tt23778968,,
tt32992598,,
tt31556921,,
tt3263904,,
tt28618488,,
tt6012244,,
tt0074270,,
tt27047448,,
,,
tt6686700,,
tt6998650,,
tt0055152,,
tt2369135,,
tt17521612,,
tt16047670,,
tt6920084,,
tt17663992,,
tt12362542,,
tt7156222,,
tt2392672,,
tt2166616,,
tt14757872,,
tt27728888,,
tt26434746,,
tt15468586,,
tt11226404,,
tt2872750,,
tt10403420,,
tt22175098,,
tt2056740,,
tt22173666,,
tt14827638,,
tt2582782,,
tt4998632,,
tt32195076,,
tt33503181,,
tt13397574,,
tt8403680,,
tt19864828,,
tt5752192,,
tt31797432,,
tt21158228,,
tt2278871,,
tt0810922,,
tt13655120,,
tt2107861,,
tt8356942,,
tt11125620,,
tt6348138,,
tt8485364,,
tt28821371,,
tt1798709,,
tt2331143,,
tt14257582,,
tt10366206,,
tt8075192,,
tt19637052,,
tt23770030,,
tt33428925,,
tt23330554,,
tt27550984,,
tt6644200,,
tt8332922,,
tt2503154,,
tt1663202,,
,,
tt1905040,,
tt1931533,,
tt1980209,,
tt22939186,,
tt9907782,,
tt27819388,,
tt1990216,,
tt3014866,,
tt20049600,,
tt5189770,,
tt0064045,,
tt2016303,,
tt29141112,,
tt8542964,,
tt2381249,,
tt10310140,,
tt9603212,,
tt0050547,,
tt2543472,,
tt0770703,,
tt3181776,,
tt1723808,,
tt5037840,,
tt33404610,,
tt1369464,,
tt9740572,,
tt0108583,,
tt1063336,,
tt0228711,,
tt1663689,,
tt10279472,,
tt12749596,,
tt0486665,,
tt3205376,,
tt8589698,,
tt8649252,,
tt20868568,,
tt22493538,,
tt0056444,,
tt26315142,,
tt11697844,,
tt6421110,,
tt8526370,,
tt3915174,,
tt8337290,,
tt6852178,,
tt2717860,,
tt5442430,,
tt0816711,,
tt15333788,,
tt4034452,,
tt33546014,,
tt11162260,,
tt0232572,,
tt13433802,,
tt0110296,,
tt24822574,,
tt29499210,,
tt6722976,,
tt29741889,,
tt13646976,,
tt29513309,,
tt1408253,,
tt15783698,,
tt13445076,,
tt0299134,,
tt1277953,,
tt0993846,,
tt10954984,,
tt11656220,,
tt0887261,,
tt13654226,,
tt3053228,,
tt23101288,,
tt7884368,,
,,
tt2363471,,
tt13870774,,
tt2800400,,
tt22475528,,
tt4651410,,
tt0046222,,
tt7230750,,
tt21867434,,
tt10272534,,
tt1600524,,
tt4281724,,
tt28821588,,
tt4959750,,
tt2347569,,
tt8209702,,
tt7144666,,
tt14539462,,
tt1408918,,
tt10272386,,
tt1822382,,
tt5876392,,
tt15314262,,
tt13223398,,
tt22207786,,
tt2140479,,
tt0061599,,
tt13403046,,
tt19391518,,
tt0052781,,
tt10720352,,
tt13622130,,
tt10638522,,
tt5090568,,
tt7461272,,
tt1172049,,
tt32011999,,
tt4652532,,
tt0453486,,
tt0455944,,
tt7991508,,
tt1506999,,
tt7521214,,
tt2543164,,
tt3881784,,
tt1620935,,
tt4094724,,
tt1489889,,
tt0099395,,
tt2377132,,
tt0473102,,
tt0790736,,
tt1447777,,
tt2908446,,
tt3410834,,
tt2347285,,
tt1034431,,
tt8637428,,
tt10238966,,
tt8999372,,
tt13923084,,
tt10669888,,
tt7097896,,
tt8323120,,
tt21197740,,
tt0932669,,
tt0050737,,
tt0073888,,
tt0120479,,
tt1340800,,
tt0247911,,
tt1488555,,
tt0770828,,
tt1637688,,
tt0046130,,
tt0025373,,
tt0086467,,
tt1407972,,
tt1270850,,
tt0115610,,
tt0060740,,
tt1588170,,
tt0109340,,
tt0116041,,
tt0050749,,
tt0960143,,
tt0118100,,
tt1438534,,
tt0145334,,
tt0043778,,
tt0049224,,
tt0101725,,
tt1320239,,
tt0097119,,
tt0439194,,
tt1189340,,
tt0075765,,
tt0993842,,
tt1468313,,
tt1632708,,
tt0054823,,
tt0829317,,
tt0403120,,
tt1324999,,
tt0118171,,
tt0478273,,
tt0151666,,
tt1334102,,
tt0101844,,
tt0093974,,
tt0054177,,
tt0783489,,
tt0118696,,
tt1441326,,
tt1316622,,
tt1615147,,
tt1237372,,
tt0074588,,
tt1787759,,
tt0441733,,
tt0041998,,
tt0272440,,
tt1416801,,
tt1300155,,
tt1560954,,
tt1109499,,
tt0331080,,
tt1426378,,
tt1754455,,
tt1679235,,
tt1596343,,
tt0461209,,
tt0436742,,
tt1663193,,
tt1219289,,
tt0123099,,
tt0053272,,
tt0087829,,
tt1565958,,
tt1700844,,
tt0052002,,
tt1439572,,
tt0760166,,
tt1455270,,
tt1346983,,
tt0869019,,
tt0385638,,
tt0099557,,
tt1284575,,
tt1509767,,
tt1032825,,
tt0388242,,
tt0038113,,
tt0073778,,
tt0027478,,
tt0063668,,
tt1708658,,
tt0037018,,
tt0066950,,
tt1368491,,
tt1658851,,
tt1590844,,
tt0107471,,
tt0078923,,
tt0064916,,
tt0112695,,
tt0391525,,
tt0058265,,
tt0052844,,
tt1220888,,
tt0124012,,
tt0052131,,
tt0304678,,
tt1738293,,
tt1670698,,
tt1172063,,
tt1668200,,
tt2112287,,
tt1442223,,
tt0025455,,
tt0026273,,
tt0049414,,
tt0346806,,
tt1431122,,
tt0026267,,
tt0024902,,
tt0024805,,
tt0071130,,
tt0160298,,
tt1228931,,
tt1922545,,
tt0082138,,
tt0050722,,
tt1409836,,
tt0120478,,
tt0080100,,
tt1325723,,
tt1408101,,
tt0063058,,
tt0762137,,
tt0115743,,
tt0300069,,
,,
tt0377524,,
tt1307873,,
tt0814380,,
tt1980085,,
tt1308015,,
tt1403862,,
tt0325706,,
tt1763280,,
tt1298594,,
tt0433649,,
tt0049357,,
tt0091830,,
tt0137799,,
tt0118931,,
tt0850674,,
tt0901504,,
tt1663333,,
tt0388154,,
tt0058238,,
tt0284431,,
tt0357648,,
tt1532503,,
tt0071733,,
tt0062457,,
tt0978797,,
tt0261066,,
tt0091869,,
tt0067085,,
tt1090674,,
tt0457477,,
tt0112120,,
tt1057512,,
tt1478338,,
tt0413900,,
tt0076788,,
tt0074593,,
tt1067583,,
tt4322022,,
tt1841762,,
tt0086287,,
tt1497874,,
tt1483820,,
tt1680099,,
,,
tt0045936,,
tt0098224,,
tt0284123,,
tt1758766,,
tt1517489,,
tt1229238,,
tt0293342,,
tt0116296,,
tt1401706,,
tt0069279,,
tt0073019,,
tt0486506,,
tt0480239,,
tt0114844,,
tt1277936,,
tt0094901,,
tt1504403,,
tt1291549,,
tt1107812,,
tt1528227,,
tt0374271,,
tt1830477,,
tt0116980,,
tt1600701,,
tt0254334,,
tt0080406,,
tt0844993,,
tt0418259,,
tt1625346,,
tt0914813,,
tt1440266,,
tt1322333,,
tt1646975,,
tt1366344,,
tt1606382,,
tt0250425,,
tt1625345,,
tt0120498,,
tt1578882,,
tt0058972,,
tt3080360,,
tt0151331,,
tt0110841,,
tt0224816,,
tt1599975,,
tt0880569,,
tt1814797,,
tt0119826,,
tt0219126,,
tt0140340,,
tt1680095,,
tt1189006,,
tt1573072,,
tt0117695,,
tt1783413,,
tt1809315,,
tt0415768,,
tt0075830,,
tt0244647,,
tt1630626,,
tt1680089,,
tt1691453,,
tt1853533,,
tt1424432,,
tt1715873,,
tt1735898,,
tt0071968,,
tt0120531,,
tt1217301,,
tt1130089,,
tt0039266,,
tt0099401,,
tt0074916,,
,,
tt0052929,,
tt0471042,,
tt1793239,,
tt0091649,,
tt0192802,,
tt0070531,,
tt0097416,,
tt1623008,,
tt0456481,,
tt1436559,,
tt0480572,,
tt0332766,,
tt1212454,,
tt1605783,,
tt1291584,,
tt1866205,,
tt1296899,,
tt1130964,,
tt0052878,,
tt1650554,,
tt1451409,,
tt0122685,,
tt0065579,,
tt0487907,,
tt1507563,,
tt0291392,,
tt2011871,,
tt0193732,,
tt0120190,,
tt1535615,,
tt0107392,,
tt0037505,,
tt1651062,,
tt1428538,,
tt0918575,,
tt0089477,,
tt1758692,,
tt0214871,,
tt0043418,,
tt0087010,,
tt0449828,,
tt0222012,,
tt0220794,,
tt0163887,,
tt0080513,,
tt0138444,,
tt0109847,,
tt1671448,,
tt0115825,,
tt1772872,,
tt1234719,,
tt1312251,,
tt0109655,,
tt1699225,,
tt1560779,,
tt0061780,,
tt0290018,,
tt0053651,,
tt1562872,,
tt1319569,,
tt0069159,,
tt1503777,,
tt1046171,,
tt1709157,,
tt0167360,,
tt1456472,,
tt1762308,,
tt0095527,,
tt1427826,,
tt0077295,,
tt1521197,,
tt0049026,,
tt0116503,,
tt1496884,,
tt0105470,,
tt0044476,,
tt0050189,,
tt0050439,,
tt0051725,,
tt1646232,,
tt1541160,,
tt1259570,,
,,
tt0061204,,
tt1622547,,
tt0067324,,
tt1777034,,
tt1633245,,
tt1652287,,
tt1270262,,
tt0048976,,
tt0051489,,
tt0052716,,
tt0072884,,
tt1233192,,
tt0046757,,
tt1831829,,
tt1618430,,
tt0114113,,
tt1719541,,
tt0785065,,
tt1606390,,
tt0420128,,
tt1292594,,
tt1809399,,
tt0069451,,
tt0047033,,
tt1724572,,
tt1736647,,
tt1884268,,
tt1535970,,
tt1286742,,
tt0959285,,
tt6823034,,
tt1851988,,
tt1496872,,
tt0455829,,
tt0421640,,
tt1034053,,
tt6447518,,
tt0963191,,
tt1582477,,
tt1657283,,
tt1322306,,
tt1739176,,
tt1382339,,
tt0485486,,
tt0459449,,
tt1459034,,
tt1827512,,
tt0046294,,
tt0175145,,
tt0055082,,
tt1857670,,
tt0100660,,
tt0063413,,
tt1588398,,
tt1386703,,
tt1335975,,
tt1675192,,
tt0050803,,
tt0062218,,
tt0063655,,
tt1033575,,
tt1508661,,
tt1194121,,
tt0049696,,
tt0079709,,
tt0084485,,
tt0046029,,
tt0042383,,
tt1582271,,
tt1568346,,
tt0896872,,
tt0447635,,
tt0114938,,
tt0760186,,
tt1753968,,
tt0109550,,
tt1500906,,
tt0048248,,
tt1169270,,
tt0995851,,
tt1605769,,
tt0803061,,
tt0136193,,
tt1130969,,
tt6449706,,
tt6423558,,
tt2063749,,
tt0319813,,
tt0326746,,
tt0317352,,
tt9240104,,
tt0319468,,
tt0319290,,
tt0320718,,
tt0318433,,
tt0319887,,
tt0320523,,
tt0318992,,
,,
tt0281099,,
tt0279266,,
tt0279249,,
tt0324977,,
tt0277580,,
tt0186794,,
tt0186844,,
tt1411967,,
tt0364326,,
tt0187204,,
tt0140448,,
tt0402738,,
tt0154898,,
tt0294264,,
tt1263790,,
tt0140534,,
tt0318414,,
tt0096827,,
tt0320262,,
tt0320119,,
tt0155068,,
tt0319351,,
tt0155928,,
tt0155024,,
tt0274026,,
tt0186821,,
tt0320547,,
tt0154955,,
tt2856600,,
tt0154838,,
tt0163716,,
tt3764444,,
tt0234966,,
tt6449994,,
tt6449342,,
tt0357063,,
tt0249783,,
tt0482389,,
,,
tt10127906,,
tt0455509,,
tt0104765,,
tt0396563,,
tt0493443,,
tt0072067,,
tt0069528,,
tt0086013,,
tt0051591,,
tt0085385,,
tt0063218,,
tt0087377,,
tt1753549,,
tt0907305,,
tt0067385,,
tt1621045,,
tt0082813,,
tt1680114,,
tt0054337,,
tt1540133,,
tt0162662,,
tt1205600,,
tt0032312,,
tt0032346,,
tt0031478,,
tt0036725,,
tt1710590,,
tt1323917,,
tt0113851,,
tt1483821,,
tt0104057,,
tt1788383,,
tt0277044,,
tt0435708,,
tt0440512,,
tt0440513,,
tt0803096,,
tt1491044,,
tt0233910,,
tt0043386,,
tt0213245,,
tt0090956,,
tt0339236,,
tt0306011,,
tt0881894,,
tt0807944,,
tt4507090,,
tt0352757,,
tt0984177,,
tt4318010,,
tt2963004,,
tt0285993,,
tt1704619,,
tt1987021,,
tt1388444,,
tt1496836,,
tt2396443,,
tt1744880,,
tt6449408,,
tt5721586,,
tt0485922,,
tt1365448,,
tt0119031,,
tt1535020,,
tt1388434,,
tt0977636,,
tt0954967,,
tt1512888,,
tt0458050,,
tt0460976,,
tt1436481,,
tt0464071,,
tt3332304,,
tt0316078,,
tt4966036,,
tt0384495,,
tt0476803,,
tt1684868,,
tt1496798,,
tt0120775,,
tt0084658,,
tt0369838,,
tt1458915,,
tt1891757,,
tt1653700,,
tt1591496,,
tt1789074,,
tt1696192,,
tt0132893,,
tt0064328,,
tt0348244,,
tt1745672,,
tt1948150,,
tt0061180,,
tt1107319,,
tt0075008,,
tt1605735,,
tt1742650,,
tt1699147,,
tt0159270,,
tt1843335,,
tt0099300,,
tt0095878,,
tt0811021,,
tt1661420,,
tt1547035,,
tt0100645,,
tt0102950,,
tt0105434,,
tt0066745,,
tt0220597,,
tt0071714,,
tt1734578,,
tt1093357,,
tt1883121,,
tt0083976,,
tt0081597,,
tt1605630,,
tt0081686,,
tt1714203,,
tt1007029,,
tt0091844,,
tt1151410,,
tt1937092,,
tt0063063,,
tt0052992,,
tt0067672,,
tt1637725,,
tt1692486,,
tt0950740,,
tt1848771,,
tt0037508,,
tt1195478,,
tt0216888,,
tt1340795,,
tt1093836,,
tt0038302,,
tt0085515,,
tt0763831,,
tt1656190,,
tt1270101,,
tt1389127,,
tt1583421,,
tt1778304,,
tt1887817,,
tt0071413,,
tt1850397,,
tt0381942,,
tt0057200,,
tt1321861,,
tt1691153,,
tt0127500,,
tt0042807,,
tt0437088,,
tt0049014,,
tt1570559,,
tt1024988,,
tt1538828,,
tt0435597,,
tt0277370,,
tt1641410,,
tt0054219,,
tt0043291,,
tt0047376,,
tt1545106,,
tt1233334,,
tt0214080,,
tt0250104,,
tt0780650,,
tt1363363,,
tt1904875,,
tt1912398,,
tt0064217,,
tt0320703,,
tt1386925,,
tt1225826,,
tt1999192,,
tt1781781,,
tt1412386,,
tt1535612,,
tt0061328,,
tt1560671,,
tt1655442,,
tt0295552,,
tt0969250,,
tt1788391,,
tt0066857,,
tt0069162,,
tt1530509,,
tt1592527,,
tt1551641,,
tt1628055,,
tt1691836,,
tt0327775,,
tt0097529,,
tt1743327,,
tt1346981,,
tt1734587,,
tt1886493,,
tt1655420,,
tt1723811,,
tt1877691,,
tt0028401,,
tt0048432,,
tt1626811,,
tt1764651,,
tt0192701,,
tt1692945,,
tt0059726,,
tt1981115,,
tt0056626,,
tt1542488,,
tt0090182,,
tt0168156,,
tt1560985,,
tt0837562,,
tt1645170,,
tt1204340,,
tt2016940,,
tt2027128,,
tt1549920,,
tt1921064,,
tt0406977,,
tt1663628,,
tt0054265,,
tt1617661,,
tt2090465,,
tt0202627,,
tt2152896,,
tt0455983,,
tt0327746,,
tt1684914,,
tt0497573,,
tt0463939,,
tt1503167,,
tt6450176,,
tt0084357,,
tt1855199,,
tt6358168,,
tt2012576,,
tt0177484,,
,,
tt0293858,,
tt1606284,,
tt0155887,,
tt0061014,,
tt2359201,,
tt0459424,,
tt1675434,,
tt0096852,,
tt1972663,,
tt0197096,,
tt1437358,,
tt0221309,,
tt0116387,,
tt1480295,,
tt1426329,,
tt1630282,,
tt1524137,,
tt1540128,,
tt0431021,,
tt1860353,,
tt0124185,,
tt1602613,,
tt0070169,,
tt0052735,,
tt1778259,,
tt0085838,,
tt0051819,,
tt1913166,,
,,
tt8929248,,
tt0483268,,
tt2084863,,
tt1740092,,
tt1781775,,
tt0976183,,
tt0154154,,
tt0214924,,
tt0154215,,
tt4315506,,
,,
tt1479670,,
tt6765460,,
tt5544420,,
tt1506443,,
tt0318605,,
tt6823074,,
tt6829596,,
tt0305951,,
tt5544454,,
tt0271459,,
tt1430615,,
tt0275172,,
,,
tt0280830,,
tt5544480,,
tt5544492,,
tt5544502,,
tt0318586,,
tt10713436,,
tt13683762,,
tt1385966,,
tt10189150,,
tt0320614,,
tt0320150,,
,,
tt10147992,,
tt5544584,,
tt1385957,,
,,
tt0288509,,
tt5544600,,
tt3343598,,
tt5544606,,
,,
tt5544616,,
,,
tt1320228,,
tt5544632,,
tt0810985,,
tt1740549,,
tt5544660,,
tt0306644,,
tt1969057,,
tt1683921,,
tt0042339,,
tt0049285,,
tt1083448,,
tt1764610,,
tt0051688,,
tt2606826,,
tt1621424,,
,,
tt1560613,,
tt1714110,,
tt2075172,,
tt1826051,,
tt1839596,,
tt1568337,,
tt0323808,,
tt1854506,,
tt0452968,,
tt1539491,,
tt1349451,,
tt0067750,,
tt0052964,,
tt1986161,,
tt2325675,,
tt1621809,,
tt1891905,,
tt0063161,,
tt0357392,,
tt0860503,,
tt0063306,,
tt1895321,,
tt1985981,,
tt0057225,,
tt1298649,,
tt0073406,,
tt0800228,,
tt0338109,,
tt0116527,,
tt6758208,,
tt2359790,,
tt1399615,,
tt4318038,,
tt2359640,,
tt1649419,,
tt1649444,,
tt0196068,,
tt1559036,,
tt1567609,,
tt0907106,,
tt1740053,,
tt0061320,,
tt1838700,,
tt1821489,,
tt1979269,,
tt2039359,,
tt1536048,,
tt1954498,,
tt0377102,,
tt1772925,,
tt0249361,,
tt0375066,,
tt0257386,,
tt0318313,,
tt1274299,,
tt0425055,,
tt1579748,,
tt5084300,,
tt1368870,,
tt1441952,,
tt1874757,,
tt0317353,,
tt0250463,,
tt0431865,,
tt1043851,,
tt1579806,,
tt0445033,,
tt5544998,,
tt1450764,,
tt4339008,,
tt1446192,,
tt0064570,,
tt1828995,,
tt0804502,,
tt2129950,,
tt0815230,,
tt1316540,,
tt1910501,,
tt2039366,,
tt1942839,,
tt1836944,,
tt1684907,,
tt0089735,,
tt0130267,,
tt0036699,,
tt0420818,,
tt0892097,,
tt1859446,,
tt1449383,,
tt0156059,,
tt1807892,,
tt1316414,,
tt0082746,,
tt0183881,,
tt1493828,,
tt0271397,,
tt0818226,,
tt1695405,,
tt0439869,,
tt0071950,,
tt1059836,,
tt1615065,,
tt1212136,,
tt2053352,,
tt1975159,,
tt1629757,,
tt1694020,,
tt1045658,,
tt1649430,,
tt0249964,,
tt1722634,,
tt0280554,,
tt0055464,,
tt2066925,,
tt0299110,,
tt0051149,,
tt0215108,,
tt2109184,,
tt1905041,,
tt1725073,,
tt1217635,,
tt1714827,,
tt0067003,,
tt1772989,,
tt0065994,,
tt1235537,,
tt0070309,,
tt0095350,,
tt0096919,,
tt1772371,,
tt1584917,,
tt1371111,,
tt0050190,,
tt1711456,,
tt0337692,,
tt0053689,,
tt0051886,,
tt0079869,,
tt0075838,,
tt1439557,,
tt0060737,,
tt1845773,,
tt2125435,,
tt1930294,,
tt1996264,,
tt1525366,,
tt1756799,,
tt2184125,,
tt2124803,,
tt0094752,,
,,
tt1872818,,
tt2076897,,
tt1990314,,
tt2085910,,
tt1965065,,
tt2125608,,
tt1790834,,
tt2077851,,
tt1729226,,
tt1764636,,
tt2125698,,
tt0070205,,
tt0214915,,
tt0089883,,
tt1660379,,
tt2214947,,
tt0068280,,
tt0044378,,
tt0037692,,
tt0054733,,
tt0045984,,
tt1849718,,
tt1682940,,
tt0045283,,
tt0239548,,
tt0084408,,
tt0218088,,
tt2064849,,
tt1395025,,
tt0838187,,
tt0068698,,
tt0093990,,
tt0086449,,
tt0084825,,
tt0051150,,
tt0046514,,
tt1990181,,
tt1429433,,
tt0057242,,
tt0052106,,
tt1877747,,
tt0050506,,
tt0044513,,
tt0045745,,
tt1836987,,
tt0056908,,
tt1918806,,
tt0070687,,
tt0181907,,
tt0048078,,
tt1911553,,
tt1849868,,
,,
tt0158221,,
tt1706317,,
tt0052820,,
tt0060415,,
tt0074437,,
tt0070063,,
tt0130905,,
tt2100380,,
tt0098089,,
tt0060457,,
tt0049286,,
tt1311713,,
tt1440732,,
tt0072115,,
tt0117515,,
tt1658837,,
tt0055633,,
tt2246779,,
tt0062365,,
tt0075921,,
tt0050087,,
tt0076452,,
tt1707391,,
tt2042568,,
tt1959490,,
tt2197963,,
tt1340138,,
tt1672621,,
tt0052870,,
tt1411250,,
tt1232200,,
tt1100089,,
tt1381404,,
tt1907668,,
tt1321511,,
tt1931435,,
tt0187379,,
tt1977002,,
tt0072747,,
tt1787831,,
tt1996346,,
tt1648179,,
tt1987585,,
tt0071617,,
tt0320708,,
tt0220136,,
tt0049846,,
tt0457875,,
tt0036928,,
tt0049751,,
tt1876451,,
tt0155528,,
tt0061181,,
tt1160369,,
tt0819841,,
tt2191805,,
tt0052097,,
tt0327016,,
tt0064743,,
tt1942922,,
tt0061714,,
tt0119988,,
tt0056930,,
tt0074080,,
tt0063093,,
tt0062669,,
tt0453382,,
tt1737583,,
tt0097663,,
tt0049086,,
tt1680045,,
tt1758830,,
tt0051507,,
tt1603257,,
tt1942876,,
tt0262810,,
tt2008513,,
tt1710394,,
tt2087850,,
tt0051687,,
tt0061565,,
tt1183919,,
tt2084934,,
tt0222024,,
tt0116997,,
tt0065810,,
tt0068673,,
tt0466388,,
tt0108588,,
tt1535432,,
tt0174885,,
tt2126282,,
tt1839591,,
tt1722476,,
tt0050152,,
tt0046443,,
tt0049472,,
tt0101860,,
tt1407065,,
tt2226417,,
tt1747994,,
tt1645131,,
tt0200301,,
tt0344053,,
tt1553301,,
tt0069444,,
tt0047917,,
tt1872819,,
tt0067535,,
tt0252287,,
tt0076404,,
tt0130637,,
tt0117332,,
tt0285869,,
tt2062661,,
tt1709654,,
tt0462757,,
tt2214945,,
tt0053222,,
tt0062203,,
tt1745958,,
tt1423593,,
tt0303733,,
tt0096161,,
tt0071442,,
tt0045991,,
tt0060270,,
tt0078152,,
tt1684233,,
tt0080658,,
tt0054991,,
tt0061617,,
tt0046906,,
tt1899353,,
tt1205558,,
tt1883367,,
tt0182705,,
tt0079159,,
tt0064405,,
tt1637729,,
tt1945062,,
tt0259416,,
tt0366840,,
tt0051629,,
tt0094323,,
tt0050302,,
tt1842468,,
tt0400611,,
tt1598873,,
tt0068504,,
tt2163203,,
tt1272886,,
tt0182890,,
tt1942951,,
tt0100812,,
tt0418604,,
tt0120687,,
tt0065520,,
tt1941638,,
tt0425988,,
tt1252475,,
tt0325322,,
tt1566501,,
tt1422916,,
tt1979320,,
tt1781769,,
tt0046240,,
tt2132285,,
tt0217603,,
tt1531914,,
tt1234721,,
tt1999995,,
tt2380029,,
tt1232830,,
tt0213524,,
tt0444781,,
tt0261545,,
tt1817273,,
tt0075814,,
tt1844822,,
tt1876454,,
tt2139919,,
tt1779076,,
tt2231251,,
tt0085434,,
tt2081167,,
tt0062078,,
tt1767321,,
tt0049616,,
tt0323495,,
tt1867093,,
tt1641398,,
tt0110998,,
tt1653002,,
tt1529635,,
tt1291150,,
tt1631707,,
tt0086104,,
tt1815588,,
tt0056117,,
,,
tt1738342,,
tt1621767,,
,,
tt1860230,,
tt4316184,,
tt0322902,,
tt0045992,,
tt0184799,,
tt0063268,,
tt0053849,,
tt1878942,,
,,
tt0808892,,
tt1692098,,
tt1503130,,
tt2433078,,
tt0087913,,
tt2395427,,
tt0074516,,
tt2096672,,
tt0112803,,
tt1843866,,
tt0055617,,
tt1221207,,
tt1710417,,
tt1925479,,
tt1735862,,
tt0100940,,
tt1690215,,
tt1372686,,
tt1976607,,
tt1368858,,
tt0048944,,
tt0057725,,
tt0097081,,
tt0051052,,
tt0087267,,
tt0103673,,
tt1937506,,
tt0067593,,
tt0099391,,
tt0074611,,
tt1872181,,
tt0049666,,
tt0332743,,
tt0876137,,
tt0040559,,
tt1919090,,
tt1440379,,
tt2016872,,
tt0050338,,
tt1531901,,
tt0478970,,
tt1714127,,
tt0119415,,
tt0050895,,
tt2317337,,
tt1693679,,
tt2103217,,
tt2080337,,
tt1935179,,
tt2258281,,
tt1924394,,
tt2106670,,
tt1840911,,
tt1722484,,
tt0071800,,
tt0059630,,
tt2380123,,
tt0064787,,
tt0067511,,
tt1699479,,
tt2345641,,
tt0439567,,
tt0438502,,
tt1894561,,
tt0047501,,
tt0054459,,
tt0102213,,
tt1954352,,
tt0376827,,
tt0224050,,
tt0076457,,
tt1793223,,
tt0080352,,
tt0080374,,
tt0077180,,
tt0085351,,
tt0083779,,
tt0080835,,
tt0079287,,
tt0079288,,
tt0079289,,
tt0085668,,
tt1264898,,
tt0085669,,
tt1964832,,
tt0075220,,
tt0064193,,
tt0065884,,
tt0046937,,
tt0151511,,
tt0116274,,
tt0102825,,
tt0142431,,
tt1211956,,
tt0115550,,
tt0056897,,
tt0115806,,
tt0035710,,
tt1637652,,
tt0954327,,
tt1956502,,
tt0113215,,
tt0293478,,
tt0068725,,
tt0057598,,
tt2193215,,
tt1829012,,
tt0217142,,
tt0216553,,
tt1754400,,
tt1957913,,
tt0115062,,
tt0307101,,
tt2053463,,
tt2024432,,
tt1229340,,
tt1441940,,
tt0407788,,
tt0444706,,
tt2292959,,
tt1816698,,
tt1542678,,
tt0077964,,
tt0070424,,
tt1650048,,
tt0061451,,
tt0446464,,
tt1159922,,
tt1706620,,
tt0062281,,
tt1910605,,
tt2163606,,
tt2357786,,
tt2109200,,
tt0251448,,
tt1869324,,
tt3494858,,
tt0289596,,
tt0099634,,
tt0244512,,
tt1684225,,
tt0095212,,
tt0472269,,
tt0455134,,
tt0837119,,
tt0092733,,
tt2198209,,
tt2040560,,
tt1700845,,
tt1786751,,
tt6450116,,
tt0292221,,
tt13606150,,
tt2032505,,
tt1362673,,
tt0046533,,
tt2084920,,
tt0080870,,
tt0320643,,
tt0029752,,
tt0046800,,
tt2209514,,
tt1932718,,
tt1507349,,
tt1582597,,
tt2171809,,
,,
tt1678051,,
tt0108329,,
tt4315542,,
tt1286766,,
tt0982944,,
tt0070646,,
,,
tt3378222,,
tt0056098,,
tt0068498,,
tt1297854,,
tt4339078,,
tt2196091,,
tt2149221,,
tt0133735,,
tt2152779,,
tt0285319,,
tt1950222,,
tt0246413,,
tt0050620,,
tt0215960,,
tt1876349,,
tt0075098,,
tt1981677,,
tt1728620,,
tt0068983,,
tt2206666,,
tt0493151,,
tt0427575,,
tt1613046,,
tt5439126,,
tt1804623,,
tt1603778,,
tt0319020,,
tt0074873,,
tt2126362,,
tt1921070,,
tt0437466,,
tt1086355,,
tt1024868,,
tt0109282,,
tt0107479,,
tt2144049,,
tt2357129,,
tt0108347,,
tt1109624,,
tt4322012,,
tt0055456,,
tt0073014,,
tt2071620,,
tt0101592,,
tt0857190,,
tt2234155,,
tt0359950,,
tt1833844,,
tt4317600,,
tt0377127,,
tt1740662,,
tt0471646,,
tt2334879,,
tt2302755,,
tt1575576,,
tt0289780,,
tt0139703,,
,,
tt0093696,,
tt2191641,,
tt0035185,,
tt1942900,,
tt0054120,,
tt2023690,,
tt1790869,,
tt2168910,,
tt0044318,,
tt0128256,,
tt1572774,,
tt1758595,,
tt2015381,,
tt0073657,,
tt0058104,,
tt0077993,,
tt0049955,,
tt0102998,,
tt2181931,,
tt0099869,,
tt0102705,,
tt0036758,,
tt0036189,,
tt0037265,,
tt1438173,,
tt0051736,,
tt1986857,,
tt0076380,,
tt1934205,,
tt2304870,,
tt2329206,,
tt0054862,,
tt0088315,,
tt0050237,,
tt1907779,,
tt0091440,,
tt0083207,,
tt0080860,,
tt0079378,,
tt0084208,,
tt0087559,,
tt0084284,,
tt1969175,,
tt0081761,,
tt0086492,,
tt0081668,,
tt0083228,,
tt0090178,,
tt0080000,,
tt0078176,,
tt0086193,,
tt0077806,,
tt0086096,,
tt0082861,,
tt0087752,,
tt0084325,,
tt0081152,,
tt0077920,,
tt0065602,,
tt2008491,,
tt0069516,,
tt2354407,,
tt2287973,,
tt0061654,,
tt0279948,,
tt0035853,,
tt2273673,,
tt0016004,,
tt0063184,,
tt2223824,,
tt1835955,,
tt1727523,,
tt1977895,,
tt1396226,,
tt0110377,,
tt1844203,,
tt1764625,,
tt1937449,,
tt1389096,,
tt2077747,,
tt1226240,,
tt1872880,,
tt1846472,,
tt0064695,,
tt1946298,,
tt0065700,,
tt0285242,,
tt0079083,,
tt0294645,,
tt0081752,,
tt1847548,,
tt1659343,,
tt2194499,,
tt2005164,,
tt1763264,,
tt0375139,,
tt0049787,,
tt0049647,,
tt1299366,,
tt0062688,,
tt0115925,,
tt0048652,,
tt2186943,,
tt0058087,,
tt0117779,,
tt0118174,,
tt3125594,,
tt0119338,,
tt0187192,,
tt0329679,,
tt0387851,,
tt0152573,,
tt1754126,,
tt2099556,,
tt0439719,,
tt0049339,,
tt0308488,,
tt1559309,,
tt0463959,,
tt2120051,,
tt2202607,,
tt0049661,,
tt0906747,,
tt0377707,,
tt0124294,,
tt1047011,,
tt1656186,,
tt0051686,,
tt2121286,,
tt0402063,,
tt1638353,,
tt2073086,,
tt2366450,,
tt1981140,,
tt0092735,,
,,
tt2073038,,
tt0478114,,
tt0045847,,
tt1992258,,
tt0094591,,
tt0115748,,
tt0043392,,
tt0097352,,
tt1754513,,
tt0442811,,
tt1270091,,
tt0057196,,
tt0201484,,
tt0054138,,
tt0049029,,
tt0045845,,
tt1685531,,
tt1967545,,
tt1907628,,
tt0064988,,
tt0419816,,
tt0770744,,
tt0085821,,
tt2261933,,
tt2389530,,
tt1338590,,
tt0051022,,
tt0052745,,
tt0106852,,
tt1795588,,
tt2116909,,
tt0052063,,
tt0042915,,
tt2387513,,
tt2209418,,
tt1327773,,
tt1836926,,
tt2284790,,
tt0086585,,
tt1675161,,
tt0049126,,
tt0056522,,
tt0079190,,
tt2034741,,
tt0112266,,
tt1556243,,
tt2082415,,
tt6725014,,
tt0217060,,
tt1985017,,
tt1645141,,
tt0037880,,
tt0040169,,
tt0255013,,
tt2493210,,
tt0353496,,
tt0353975,,
tt1748227,,
tt0037720,,
tt2150332,,
tt0093046,,
tt1414374,,
tt2082280,,
tt0062981,,
tt2050633,,
tt0369610,,
tt2187972,,
tt0096951,,
tt1433207,,
tt2140189,,
tt2094146,,
tt0119264,,
,,
tt0164402,,
tt0175590,,
tt0048634,,
tt1893256,,
tt0053169,,
tt0325965,,
tt1693039,,
tt2357453,,
tt1105379,,
tt2327430,,
tt1679335,,
tt2011159,,
tt1510686,,
tt0099252,,
tt1204975,,
tt1205537,,
tt1490017,,
tt0272274,,
tt0162292,,
tt0364603,,
tt2024519,,
,,
tt1579975,,
tt1575640,,
tt1606299,,
tt2262212,,
tt2033952,,
tt0050174,,
tt0986361,,
tt2180333,,
tt0047411,,
tt2333784,,
tt2172071,,
tt1965239,,
tt0267424,,
tt1865573,,
tt0050872,,
tt1890375,,
tt2229499,,
tt0371968,,
tt2251552,,
tt0167886,,
tt2416424,,
tt2046166,,
tt0094971,,
tt0282672,,
tt0063237,,
tt2107651,,
tt2212658,,
tt0485521,,
tt2062645,,
tt2084977,,
tt2106537,,
tt1925431,,
tt2292625,,
tt2094877,,
tt1865346,,
tt2205543,,
tt0214930,,
tt1851006,,
tt2223888,,
tt1976989,,
tt0252506,,
tt1291181,,
tt2406636,,
tt2363213,,
tt0339936,,
tt2224254,,
tt0102701,,
tt2178508,,
tt2320073,,
tt2461168,,
tt2321492,,
tt0053451,,
tt0061738,,
tt0072312,,
tt0117099,,
tt0055518,,
tt2228450,,
tt0156160,,
tt0287537,,
tt2415496,,
tt0057387,,
tt0142385,,
tt1067765,,
tt0075432,,
tt2281215,,
tt2093982,,
tt0058415,,
tt1430116,,
tt1693107,,
tt0110280,,
tt2515472,,
tt0041220,,
tt0049477,,
tt1795050,,
tt1410013,,
tt0045603,,
tt1646894,,
tt2276860,,
tt1742334,,
tt0217821,,
tt0216824,,
tt1733111,,
tt2339739,,
tt0116496,,
tt2383446,,
tt1935302,,
tt2376246,,
tt2538610,,
tt0053883,,
tt2417134,,
tt2256703,,
tt0060537,,
tt0076847,,
tt2339647,,
tt1712261,,
tt2034139,,
tt1821694,,
tt2167202,,
tt2027136,,
tt1392214,,
tt2386278,,
tt2473510,,
tt2211174,,
tt0226418,,
tt0150265,,
tt0362820,,
tt2040578,,
tt2145803,,
tt2299368,,
tt0054710,,
,,
tt2069955,,
tt2415112,,
tt2346744,,
tt0271675,,
tt0078751,,
tt0082233,,
tt0117663,,
,,
tt2273004,,
tt0829432,,
tt0097437,,
tt0092905,,
tt0051846,,
tt0093336,,
tt2376272,,
tt0127247,,
tt2415468,,
tt0080118,,
tt0063401,,
tt2355762,,
tt2514162,,
tt2560016,,
tt2460976,,
tt0051111,,
tt0050820,,
tt2244901,,
tt2306587,,
tt0050899,,
tt0353935,,
tt0355743,,
tt0169654,,
tt1680306,,
tt0924252,,
tt0165990,,
tt1433543,,
tt1722436,,
tt0463622,,
tt0400798,,
tt0100056,,
tt1447783,,
tt2567060,,
tt0281594,,
tt0393452,,
tt2428246,,
tt0483131,,
tt3141810,,
tt1773067,,
,,
tt1814683,,
tt0254942,,
tt1924396,,
tt2017038,,
tt2388637,,
tt1102354,,
tt1294970,,
tt0867359,,
tt2371315,,
tt2214864,,
tt2094787,,
tt0338410,,
tt0068702,,
tt2493466,,
tt2328922,,
tt0047406,,
tt0106422,,
tt0409838,,
tt2059171,,
tt0266290,,
tt0262281,,
tt1930434,,
tt0093183,,
tt0072338,,
tt0363409,,
tt0033254,,
tt2058001,,
tt0098310,,
tt0114252,,
tt1985019,,
tt2296697,,
tt2746136,,
tt2624662,,
tt2620736,,
tt2229842,,
tt0082025,,
tt0816692,,
tt2209764,,
tt2294677,,
tt2265534,,
tt2332579,,
tt0837563,,
tt2336846,,
tt2388715,,
tt0487912,,
tt1247691,,
tt2027140,,
tt1981107,,
tt1837636,,
tt2382396,,
tt1776935,,
tt0058012,,
tt1911644,,
tt0249795,,
tt2106350,,
tt2395247,,
tt0400146,,
tt0065400,,
tt1614430,,
tt1847736,,
tt1680123,,
tt2693174,,
tt0058982,,
tt2113075,,
tt2532528,,
tt2165859,,
tt2381355,,
tt2481202,,
tt2354495,,
tt2272336,,
tt0162947,,
tt1227381,,
tt2510894,,
tt2234451,,
tt2210834,,
tt1465471,,
tt0065010,,
tt0451787,,
tt0245825,,
tt0207341,,
tt0182251,,
tt0817545,,
tt0290429,,
tt0347278,,
tt2816682,,
tt0038347,,
tt0038743,,
tt0038926,,
tt2081437,,
tt0088058,,
tt0162907,,
tt1742307,,
tt2193456,,
tt0119434,,
tt0055590,,
tt1206543,,
tt0045637,,
tt1169273,,
tt1545328,,
tt2375664,,
tt0399301,,
tt2670016,,
tt1194569,,
tt0422236,,
tt2617456,,
tt2378079,,
tt2345567,,
tt0082117,,
tt2303110,,
tt0307866,,
tt0235546,,
tt1498574,,
tt2381111,,
tt0082145,,
tt1870419,,
tt0060483,,
tt0082090,,
tt2241605,,
tt0066556,,
tt1720276,,
,,
tt0231827,,
tt2350746,,
tt2820852,,
tt2207668,,
tt0047686,,
tt1800241,,
tt2178256,,
tt2171867,,
tt0050287,,
tt0054909,,
,,
tt0433562,,
tt0056896,,
tt0233840,,
tt0054951,,
tt2714900,,
tt2370248,,
tt0093658,,
tt0469374,,
tt0094970,,
tt0049343,,
tt0050229,,
tt0034120,,
tt2668826,,
tt0049219,,
tt0046826,,
tt0051362,,
tt0036610,,
tt2201251,,
tt0044527,,
tt2214935,,
tt0109335,,
tt0114127,,
tt1697064,,
tt2403021,,
,,
tt1390539,,
tt2507128,,
tt0208931,,
tt0054881,,
tt0920894,,
tt0046223,,
tt2635622,,
tt2018079,,
tt1388409,,
tt1487931,,
tt0054403,,
tt0149814,,
tt2094018,,
tt0052681,,
tt1238735,,
tt2370224,,
tt2343140,,
tt0048090,,
tt0422037,,
tt0053362,,
tt0047983,,
tt1879032,,
tt1462901,,
tt1817081,,
tt2405792,,
tt1745710,,
tt2125480,,
tt2776106,,
tt2328549,,
tt2317225,,
tt2507280,,
tt2489734,,
tt2140037,,
tt0059542,,
tt2389182,,
tt1621039,,
tt0204245,,
tt0105833,,
tt2395385,,
tt1492841,,
tt2229377,,
tt2570738,,
tt0045005,,
tt2051894,,
tt0093525,,
tt1764647,,
tt0116884,,
tt1758770,,
tt2621000,,
tt2771372,,
tt0469021,,
tt2725818,,
tt2315558,,
tt0100742,,
tt0305204,,
tt0275676,,
tt2183152,,
tt1785612,,
tt2404519,,
tt1160996,,
tt0220340,,
tt2523852,,
tt2622420,,
tt0110160,,
tt2821088,,
tt2375574,,
tt0051880,,
tt0304896,,
tt2779664,,
tt2404738,,
tt0051476,,
tt1155060,,
tt0245679,,
tt0036101,,
tt0041787,,
tt0252235,,
tt0050466,,
tt2190316,,
tt1838735,,
tt2677816,,
tt2458106,,
tt0058780,,
tt2585068,,
tt0215031,,
tt0495022,,
tt2316411,,
tt1497876,,
tt0063297,,
tt0052739,,
tt2655788,,
tt0142360,,
tt2820466,,
tt0206877,,
tt2174072,,
tt1930322,,
tt0195726,,
tt2239832,,
tt2749116,,
tt2752200,,
tt1267297,,
tt2377322,,
tt0052707,,
tt0055149,,
tt0116398,,
tt0333622,,
tt0368382,,
tt2178470,,
tt0049283,,
tt0047146,,
tt1787113,,
tt1649443,,
tt2195666,,
tt2210463,,
tt1714202,,
tt2249221,,
tt2346046,,
tt0199175,,
tt1468846,,
tt1954315,,
tt0056427,,
tt1984211,,
tt0489564,,
tt0078491,,
tt0038820,,
tt0049287,,
tt0048735,,
tt1629766,,
tt2328745,,
tt2770480,,
tt2555958,,
tt2822400,,
tt0036151,,
tt0050285,,
tt2660888,,
tt0050579,,
tt0050812,,
tt0102961,,
tt0056065,,
tt0054126,,
tt0042429,,
tt0041215,,
tt2870306,,
tt0155618,,
tt2889234,,
tt2179136,,
tt1747958,,
tt0237376,,
tt0286077,,
tt0883391,,
tt2359810,,
tt2402186,,
tt0292023,,
tt0062754,,
tt2436516,,
tt0051179,,
tt0063807,,
tt2811878,,
tt0075760,,
tt0424033,,
tt2172934,,
tt2304771,,
tt1781922,,
tt1202528,,
tt0215902,,
tt2044801,,
tt0060332,,
tt0054342,,
tt2404437,,
tt0427576,,
tt2235779,,
tt1598642,,
tt2304426,,
tt2870350,,
tt0353857,,
tt1483324,,
tt0327392,,
tt2004420,,
tt0055377,,
tt2821880,,
tt1778924,,
tt1730698,,
tt2438644,,
tt2887234,,
tt2406252,,
tt0365866,,
tt0236195,,
tt0433604,,
tt0056438,,
tt1139801,,
tt0047188,,
tt2758890,,
tt2787002,,
tt1928340,,
tt0292187,,
tt0279986,,
tt1845283,,
tt1855268,,
tt0047323,,
tt0459272,,
tt0058673,,
tt2458392,,
tt2312862,,
tt0056043,,
tt0317783,,
tt2005374,,
tt1741243,,
tt2147459,,
tt2055709,,
tt1766175,,
tt0326716,,
tt0240084,,
tt2800038,,
tt2176786,,
tt2520342,,
tt2262391,,
tt2402163,,
tt2223990,,
tt0236449,,
tt0054695,,
tt0317416,,
tt2352802,,
tt2390237,,
tt2708254,,
tt1838603,,
tt0885421,,
tt1091175,,
tt0098362,,
tt1327702,,
tt0438981,,
tt1609119,,
tt2929840,,
tt2190256,,
tt0054753,,
tt2948266,,
tt2300975,,
tt2312718,,
tt0050471,,
tt2281159,,
tt0129947,,
tt2818348,,
tt0040156,,
tt1726592,,
tt0845494,,
tt2431286,,
tt2082156,,
tt2724064,,
tt0331525,,
tt1978491,,
tt0043554,,
tt2404233,,
tt1995390,,
tt2084970,,
tt0050420,,
tt2193265,,
tt0259631,,
tt0432088,,
tt1961267,,
tt0076625,,
tt2506388,,
tt1937118,,
tt0301810,,
tt2379713,,
tt0953420,,
tt0055631,,
tt2537176,,
tt1772264,,
tt2338424,,
tt3063516,,
tt2524674,,
tt2202798,,
tt1858799,,
tt2320640,,
tt0256106,,
tt2256811,,
tt2901584,,
tt2709784,,
tt2319580,,
tt2172985,,
tt2234261,,
tt2848824,,
tt2345112,,
tt1982177,,
tt2463512,,
tt2718492,,
tt0145048,,
tt2392326,,
tt2609222,,
tt1196956,,
tt0035788,,
tt1662293,,
tt2663812,,
tt0245961,,
tt0284328,,
tt0216319,,
tt2692904,,
tt1872082,,
tt0070538,,
tt0290937,,
tt3045616,,
tt2325517,,
tt2299206,,
tt0037822,,
tt1278027,,
tt2191888,,
tt2468638,,
tt1704586,,
tt1956665,,
tt2293640,,
tt0055990,,
tt2385195,,
tt2235348,,
,,
tt2883512,,
tt1385869,,
tt1966396,,
tt0240389,,
tt0422733,,
tt0267693,,
tt0057446,,
tt2350954,,
tt2380331,,
tt2191082,,
tt1839642,,
tt1885299,,
tt2481198,,
tt2295564,,
,,
tt2917336,,
tt2779896,,
,,
tt2637276,,
tt1976003,,
tt1867035,,
tt2265493,,
tt2095649,,
tt1722459,,
tt1660303,,
tt0362674,,
tt1967534,,
tt2693664,,
tt3205094,,
tt0491793,,
tt2348880,,
tt1679290,,
tt0368075,,
tt2186783,,
tt2322441,,
tt1506966,,
tt2497808,,
tt2545440,,
tt0051427,,
tt1809318,,
tt0219671,,
tt1733737,,
tt2518788,,
tt0198267,,
tt2212670,,
tt3074732,,
tt3060952,,
tt2256761,,
tt0212040,,
tt2357489,,
tt2207072,,
tt2303074,,
tt0053236,,
tt0200800,,
tt2763790,,
tt0106506,,
tt2510268,,
tt2737050,,
tt0154003,,
tt0154004,,
tt0111806,,
tt2776074,,
tt2366614,,
tt3164774,,
tt1536051,,
tt2396421,,
tt1826590,,
tt2826126,,
tt0051627,,
tt0054878,,
tt2275507,,
tt0039993,,
tt3138602,,
tt0074940,,
tt2382422,,
tt0039210,,
tt2370244,,
tt2357003,,
tt2224313,,
tt1067773,,
tt2325785,,
tt2672180,,
tt2919798,,
tt1648167,,
tt1800246,,
tt2024469,,
tt2403029,,
tt2884018,,
tt3820374,,
tt0049933,,
tt2816628,,
tt0471862,,
tt0119823,,
,,
,,
tt4388290,,
tt2318401,,
tt2652476,,
tt0091669,,
tt3129282,,
tt2473682,,
tt2611626,,
tt1737586,,
tt2081367,,
tt2436386,,
tt2439190,,
tt1821658,,
tt0266875,,
tt1148205,,
tt2713180,,
tt2279373,,
tt0087389,,
tt2073121,,
tt2275471,,
tt2924442,,
tt2009606,,
tt2722326,,
tt2305051,,
tt2944198,,
tt2543336,,
tt2795414,,
tt2137442,,
tt0055316,,
tt0965422,,
tt2362991,,
tt2123342,,
tt2359760,,
tt2088003,,
tt1705952,,
tt1621046,,
tt2900624,,
tt0239712,,
tt3000844,,
tt3242640,,
tt0046164,,
tt2234114,,
tt3351386,,
tt2395343,,
tt2457258,,
tt0313312,,
tt2296935,,
tt1673734,,
tt0049377,,
tt3016256,,
tt3431756,,
tt3169706,,
tt1841642,,
tt1129411,,
tt1305879,,
tt0855869,,
tt3210686,,
tt1418205,,
tt0233270,,
tt3355258,,
tt3214240,,
tt2215477,,
tt2846966,,
tt1703927,,
tt2445032,,
tt0271678,,
tt0291855,,
tt0271677,,
tt0266486,,
tt0271345,,
tt0271595,,
tt0271545,,
tt0271581,,
tt3289944,,
tt0271671,,
tt0230588,,
tt0271682,,
tt0995856,,
tt0155758,,
tt0455281,,
tt0246986,,
tt3203616,,
tt2204315,,
tt3131532,,
tt0314349,,
tt0430735,,
tt0292095,,
tt0271347,,
tt2395199,,
tt0375657,,
tt3131456,,
tt3084316,,
tt3108318,,
tt2994382,,
tt1972779,,
tt1392100,,
tt2041534,,
tt3030678,,
tt0036537,,
tt2907922,,
tt3040844,,
tt0292246,,
tt0292332,,
tt0273516,,
tt1725798,,
tt2369154,,
tt3093522,,
tt3072182,,
tt2872732,,
tt1839482,,
tt1280013,,
tt2304953,,
tt0248909,,
tt3005850,,
tt1085492,,
tt3319920,,
tt2359381,,
tt0053331,,
tt0052393,,
tt1800337,,
tt3125324,,
tt0048558,,
tt0039052,,
tt3614516,,
tt3101386,,
tt3305844,,
tt23170292,,
tt2967006,,
tt0178065,,
tt2321549,,
tt2401807,,
tt2951888,,
tt0038422,,
tt2872718,,
tt0057531,,
tt3358552,,
tt1996424,,
tt0366180,,
tt0038495,,
tt2325002,,
tt2626350,,
tt3179568,,
tt1029360,,
tt3531038,,
tt0052312,,
tt2337292,,
tt2994190,,
tt1179031,,
tt2920808,,
tt2955096,,
tt3186318,,
tt2381046,,
tt0093817,,
tt2723576,,
tt2690160,,
tt3077214,,
tt2597718,,
tt3169754,,
tt0046994,,
tt3339624,,
tt6450174,,
tt1596345,,
tt2473794,,
tt2707858,,
tt0995868,,
tt1216491,,
tt0039351,,
tt1707380,,
tt2938196,,
tt2475846,,
tt2934844,,
tt3385516,,
tt3438608,,
tt2452254,,
tt0317464,,
tt0116765,,
tt0155849,,
tt0081147,,
tt0457505,,
tt0255643,,
tt1669004,,
tt1252330,,
tt2560102,,
tt0465721,,
tt0320114,,
tt1604100,,
tt2912782,,
tt1731701,,
tt2308260,,
tt2675978,,
tt0102475,,
tt2790236,,
tt0037552,,
tt3233328,,
tt2750204,,
tt2761966,,
tt3215354,,
tt3135018,,
tt2964654,,
,,
,,
tt3458194,,
tt1355630,,
tt2310109,,
tt0037161,,
tt0292176,,
tt2425746,,
tt0237038,,
tt0247997,,
tt0177944,,
tt3077108,,
tt0275897,,
tt2923316,,
tt2570858,,
tt3482362,,
tt0117527,,
tt0054899,,
,,
tt2194328,,
tt3452148,,
tt2304915,,
tt0057497,,
tt0084647,,
tt2494384,,
tt1272019,,
tt2450334,,
tt0109985,,
tt0065092,,
tt3421730,,
tt0039863,,
tt0037142,,
tt1475135,,
tt3014666,,
tt3566370,,
tt2909476,,
tt3132500,,
tt3060492,,
tt3457734,,
tt3082826,,
tt2815966,,
tt3079016,,
tt3636326,,
tt3164256,,
tt0031829,,
tt3297330,,
tt2536428,,
tt2188805,,
tt1568343,,
tt1410068,,
tt2706340,,
tt0958145,,
tt2126355,,
tt0055424,,
tt2597242,,
tt3140100,,
tt3464902,,
tt0783478,,
tt2848292,,
tt1430612,,
tt2764784,,
tt0464088,,
tt2402157,,
tt2893490,,
tt2515030,,
tt2910342,,
tt2317090,,
tt0287503,,
tt3339674,,
tt3202408,,
tt1964837,,
tt2949874,,
tt3032028,,
tt2917382,,
tt0117387,,
tt2907908,,
tt0457410,,
tt3384904,,
tt0468514,,
tt3212568,,
tt0255641,,
tt2101570,,
tt2133359,,
tt3354866,,
tt2761578,,
tt0090829,,
,,
tt3007512,,
tt2339505,,
tt0353590,,
tt2340650,,
tt0038931,,
tt3395648,,
tt2361184,,
tt0139237,,
tt0426104,,
tt0491203,,
tt3320114,,
tt0101882,,
tt1249299,,
tt0038203,,
tt0039034,,
tt2991296,,
tt0050900,,
tt2387408,,
tt2510434,,
tt1706598,,
tt2402927,,
tt0918940,,
tt1632679,,
tt3346986,,
tt0379504,,
tt3539966,,
tt3246820,,
tt0995065,,
tt0259403,,
tt0065133,,
tt1365514,,
tt1563711,,
tt2944980,,
tt3125472,,
tt2486678,,
tt0108636,,
,,
,,
tt0319359,,
tt0039261,,
tt3156578,,
tt0231209,,
tt0270219,,
tt2637378,,
tt3576038,,
tt0215907,,
tt2723240,,
tt0320339,,
tt0070093,,
tt1440206,,
tt1445748,,
tt1431152,,
tt0317818,,
tt3316948,,
tt2051901,,
tt0240973,,
tt1435445,,
tt0257711,,
tt0059743,,
tt0274961,,
tt0273529,,
tt1435452,,
tt0315901,,
,,
tt0215913,,
tt1445738,,
tt0192198,,
tt0215169,,
tt1435454,,
tt1435457,,
tt0320341,,
tt0250240,,
tt0156861,,
tt0254842,,
tt0156864,,
tt1440216,,
tt1441312,,
tt1435453,,
tt1445778,,
tt2437548,,
tt1445687,,
tt0319708,,
tt0156874,,
tt0475632,,
tt3596842,,
tt0338163,,
tt0181544,,
tt0264835,,
tt1459979,,
tt1459905,,
tt0214583,,
tt5759896,,
tt1431016,,
tt0215961,,
tt1464245,,
tt2800240,,
tt1468348,,
tt1463170,,
tt0258779,,
tt4324054,,
tt0071828,,
tt2246565,,
tt1971325,,
tt1640706,,
tt4315998,,
,,
,,
tt2396621,,
tt12048360,,
,,
,,
tt9531344,,
tt2766268,,
tt2781516,,
,,
,,
tt0283405,,
tt3315342,,
tt0271563,,
tt0379471,,
tt3356654,,
tt0290693,,
tt1476972,,
tt1476997,,
,,
,,
tt1473133,,
tt0259452,,
tt3457988,,
tt2093995,,
,,
tt3522722,,
tt2937254,,
tt2122413,,
tt2955186,,
tt1902035,,
tt0127289,,
tt3672618,,
tt0424053,,
tt3667148,,
tt3170832,,
tt2398231,,
tt0470752,,
tt2946506,,
tt0276060,,
tt2517658,,
tt2960930,,
tt0059028,,
tt2121382,,
tt3011894,,
tt2231253,,
tt3681414,,
tt0236701,,
tt3663890,,
tt0150435,,
tt0074988,,
tt0330241,,
tt3323314,,
tt2123991,,
tt3230082,,
tt3510452,,
tt3740404,,
tt0271608,,
tt0125687,,
tt1850457,,
tt3347518,,
tt2515034,,
tt3685836,,
tt2378401,,
tt0126260,,
tt2791404,,
tt3387560,,
tt3194678,,
tt1297300,,
tt0246279,,
tt0197294,,
,,
,,
tt0060128,,
tt3496892,,
tt3704538,,
tt0038818,,
tt3300542,,
tt2386285,,
tt0481937,,
tt3633118,,
tt2557478,,
tt2967224,,
tt1346242,,
tt3399024,,
tt2962726,,
tt3640942,,
tt0049401,,
tt0074182,,
tt0282295,,
tt0050904,,
,,
tt2879080,,
,,
,,
,,
,,
tt13358466,,
,,
,,
tt0271355,,
tt3319508,,
,,
tt2359766,,
,,
,,
,,
,,
tt0245997,,
tt1583393,,
tt2782844,,
tt1644535,,
tt2057929,,
tt3416190,,
tt3661008,,
tt3752606,,
tt8056936,,
tt0092110,,
tt3235888,,
tt0475290,,
tt0047517,,
tt1455248,,
tt2238032,,
tt1629755,,
tt1911658,,
tt2505294,,
tt2271655,,
tt2179936,,
tt0373972,,
tt0119755,,
tt0903657,,
tt3152624,,
tt3083008,,
tt2638144,,
tt2166934,,
tt0046703,,
tt0231254,,
tt1169822,,
tt0066235,,
tt0085558,,
tt0437058,,
,,
tt0349635,,
tt2718440,,
tt1315335,,
tt2734568,,
tt0246261,,
tt3369806,,
tt3498050,,
tt2829544,,
tt3094236,,
tt1832354,,
tt1020072,,
tt0084269,,
tt13491066,,
tt3234594,,
tt3004852,,
tt3353658,,
tt1528854,,
tt0255359,,
tt0244117,,
tt3099370,,
tt0321421,,
,,
tt1501925,,
tt0111681,,
,,
tt6320620,,
tt1618442,,
tt1196639,,
tt3038142,,
tt2614700,,
tt2203717,,
tt1782497,,
tt2203851,,
,,
tt1331024,,
tt0456320,,
tt0093354,,
tt3219604,,
tt3295276,,
tt3897080,,
tt2725962,,
tt2785032,,
tt0274944,,
tt1594972,,
tt2965412,,
tt0320792,,
tt1398426,,
tt1837574,,
tt1945084,,
tt2602744,,
tt2139555,,
tt1701202,,
tt0250774,,
tt3317208,,
tt0852937,,
tt0463644,,
tt3470630,,
tt0485243,,
tt0271623,,
tt0268963,,
tt0271342,,
tt0255461,,
tt0271592,,
tt0155698,,
,,
tt0269672,,
tt0268019,,
,,
tt0267810,,
tt0214875,,
tt0248946,,
,,
tt0246930,,
tt0267469,,
tt3642618,,
tt3044702,,
tt0271774,,
tt0271858,,
tt0271603,,
tt0271647,,
tt0271477,,
tt0271695,,
tt0246809,,
tt0271784,,
tt0271357,,
tt0271648,,
tt0237472,,
tt0271575,,
tt0318749,,
tt0246959,,
tt0271348,,
tt0271857,,
tt0246943,,
tt0271607,,
tt0271572,,
tt0271638,,
tt0356774,,
tt0251833,,
tt0250747,,
tt1105741,,
tt1028559,,
tt8919500,,
tt0429683,,
tt0378957,,
tt0376061,,
tt0356505,,
tt0356571,,
,,
tt0355739,,
tt0299693,,
tt1352712,,
tt3149038,,
tt3154310,,
tt0058428,,
tt3794552,,
,,
tt0234697,,
tt0116189,,
tt3522806,,
tt0116471,,
tt0166986,,
tt0245768,,
tt0246254,,
tt0246032,,
,,
tt0245998,,
tt0246339,,
tt1598785,,
tt0246262,,
tt0246052,,
tt0246188,,
tt0246175,,
,,
tt0246103,,
,,
,,
tt3593916,,
,,
,,
tt0246176,,
,,
,,
tt0154101,,
,,
tt0246162,,
tt7855902,,
tt3512900,,
tt0978702,,
tt0239341,,
,,
tt0258227,,
tt0307454,,
,,
,,
tt7878852,,
,,
tt2368559,,
tt1102185,,
tt0460592,,
,,
tt3553442,,
tt0109085,,
tt3431102,,
tt3716142,,
tt2373668,,
tt0089010,,
tt0053776,,
tt3175438,,
tt3195644,,
tt0083546,,
tt0048115,,
tt1102252,,
tt0393926,,
tt0377445,,
tt0357536,,
tt0287637,,
tt0274103,,
tt0273306,,
tt0290098,,
tt0289893,,
tt0291711,,
tt0237094,,
tt0292204,,
tt3817848,,
tt0237157,,
tt0092507,,
tt0156130,,
tt0278577,,
tt0275207,,
tt0292142,,
tt0292226,,
,,
tt0254972,,
tt0255396,,
tt0292323,,
tt0292026,,
tt0255048,,
tt0291768,,
tt0282629,,
tt0255422,,
tt0282889,,
tt0292064,,
tt0282827,,
tt0292160,,
tt0291703,,
tt0214996,,
tt0361851,,
tt0291729,,
,,
tt0291894,,
,,
tt0255494,,
,,
tt0259423,,
tt0291891,,
tt0345538,,
tt2069785,,
tt0039758,,
,,
tt3691706,,
tt3042626,,
tt0087441,,
tt3828904,,
tt3168230,,
tt9001478,,
tt15513676,,
tt1111872,,
tt0076371,,
tt0037298,,
tt0055523,,
tt0056041,,
,,
tt0249074,,
tt0319357,,
,,
,,
,,
,,
tt4446738,,
tt0056296,,
tt0035152,,
tt0095965,,
tt0048573,,
tt0114963,,
tt3064620,,
tt3864466,,
tt0320290,,
,,
,,
,,
,,
tt0393879,,
tt1612123,,
tt1579708,,
tt1649436,,
,,
tt0155064,,
tt2345759,,
tt0092527,,
tt0155032,,
tt0320604,,
tt3006826,,
tt2841572,,
tt12243674,,
tt2422070,,
tt15085682,,
,,
tt0235179,,
,,
,,
tt14254826,,
tt3149536,,
tt2357017,,
tt3976234,,
tt3745840,,
tt2639254,,
tt2891174,,
tt2315596,,
tt3184934,,
tt3579488,,
tt0122994,,
tt3061836,,
tt2784678,,
tt3086442,,
,,
tt3715406,,
tt0073191,,
tt3510480,,
tt2039393,,
tt0044769,,
tt3835080,,
tt3333968,,
tt3919322,,
tt3687186,,
tt3273636,,
tt0199669,,
tt2309764,,
tt2691734,,
tt0430989,,
tt0035681,,
tt0037456,,
tt3815480,,
tt1227777,,
tt3659388,,
tt0365033,,
tt3991302,,
tt0910885,,
tt3462696,,
tt1472584,,
tt3202890,,
tt3480556,,
tt2290553,,
tt3328716,,
tt0270091,,
tt2261976,,
tt3181920,,
tt3259178,,
tt1881002,,
tt3825638,,
tt3881136,,
tt0050160,,
tt2469760,,
tt2379460,,
tt3850590,,
tt2390283,,
tt2938956,,
tt3165612,,
tt2339741,,
tt2180994,,
tt3997238,,
tt2435458,,
tt0179209,,
tt3593926,,
tt3295240,,
tt1288636,,
tt3004746,,
tt1730768,,
tt3212830,,
tt3794422,,
tt1024719,,
tt0371599,,
tt1792554,,
tt4087916,,
tt1552224,,
tt0230271,,
tt0259604,,
tt3799694,,
tt1198156,,
tt1403241,,
tt2845514,,
tt2090515,,
tt2381991,,
tt3733778,,
tt3729860,,
tt1741273,,
tt2401097,,
tt3221210,,
tt2535470,,
tt1259574,,
tt1260581,,
tt1259573,,
tt0156529,,
tt2238470,,
tt3919364,,
tt3923996,,
tt3520418,,
tt1734493,,
tt3236976,,
tt1974420,,
tt2587914,,
tt1907696,,
tt0116718,,
tt3110958,,
tt2219650,,
tt0909819,,
tt1860213,,
tt0351240,,
tt3477554,,
tt2871776,,
tt0220616,,
tt3234630,,
tt0167762,,
tt0038490,,
tt2223920,,
tt3774694,,
tt0173314,,
tt3526408,,
tt0072375,,
tt4067256,,
tt4008652,,
tt4044364,,
tt1201576,,
tt0463865,,
tt2403558,,
tt5215952,,
tt1458169,,
tt0120446,,
tt3261302,,
tt4008606,,
tt3532976,,
tt0039259,,
tt2452200,,
,,
tt3207160,,
tt3294200,,
tt3991412,,
tt1871257,,
tt0037704,,
tt1158793,,
tt2505818,,
tt2266781,,
tt2939804,,
tt2494362,,
tt3458254,,
tt0341323,,
tt3659786,,
tt2245277,,
tt0061650,,
tt3877652,,
tt0036688,,
tt2304459,,
tt3958180,,
tt3874544,,
tt2298394,,
tt2937696,,
tt2503944,,
tt3530002,,
tt2463154,,
tt1985970,,
tt1694505,,
tt0840305,,
tt0474603,,
tt3068194,,
tt3398066,,
tt2461520,,
tt1860357,,
tt0037155,,
tt0257849,,
tt3505812,,
tt0955337,,
tt3572570,,
tt4139598,,
tt3878542,,
tt1274586,,
tt3387648,,
tt3245656,,
,,
tt2252552,,
tt3831810,,
tt3647110,,
tt2910904,,
tt2365416,,
tt3324494,,
tt3256812,,
tt2170350,,
tt3832096,,
tt0439572,,
tt3181624,,
tt3825738,,
tt1750698,,
tt3291150,,
tt3334794,,
tt2980728,,
tt2226602,,
tt0101809,,
tt4159212,,
tt3889642,,
tt4012254,,
tt3595848,,
tt4160132,,
tt2838678,,
tt4222522,,
tt4180032,,
tt3946792,,
tt4177742,,
tt4065316,,
tt4065324,,
tt2979112,,
tt3825750,,
tt1626619,,
tt1837562,,
tt3725224,,
tt0178175,,
tt3098812,,
tt4020624,,
tt3993894,,
tt3896100,,
tt3498956,,
tt2620590,,
tt2950052,,
tt4158624,,
tt2798920,,
tt4160708,,
tt4172430,,
tt1878854,,
tt4154916,,
tt3859076,,
tt0231592,,
tt0139110,,
tt4353376,,
,,
tt3918546,,
tt3829170,,
tt0242841,,
tt0310102,,
tt1325654,,
tt0266297,,
tt0048987,,
tt1392212,,
,,
tt0343040,,
tt1957938,,
tt4065308,,
tt3526286,,
tt2315582,,
tt3787590,,
tt1974419,,
tt1544608,,
tt1380211,,
tt0213387,,
tt0231375,,
tt1369482,,
tt0233962,,
tt1414504,,
tt1399073,,
tt1373227,,
tt1369591,,
tt0258249,,
tt3174376,,
tt2393827,,
tt3760706,,
tt0156335,,
tt0369272,,
,,
tt0262444,,
tt0259339,,
,,
tt0263796,,
tt0256282,,
tt0246185,,
tt0266886,,
tt3099172,,
,,
,,
tt3774114,,
tt0154189,,
tt0092674,,
tt3958918,,
tt3040412,,
tt0359143,,
tt1888554,,
tt0109116,,
tt3184826,,
tt2753528,,
tt2522290,,
tt1319616,,
,,
tt1394336,,
tt1582505,,
tt1505876,,
tt2222716,,
tt3017412,,
tt1612002,,
tt2999712,,
tt1579812,,
,,
,,
,,
tt3804730,,
,,
tt1311074,,
tt0318972,,
tt0360399,,
tt0301179,,
tt0405864,,
tt0260579,,
tt0229951,,
tt0154844,,
tt0178204,,
tt2710344,,
tt0319577,,
tt0139402,,
tt1339456,,
tt0048271,,
tt0361771,,
tt0399394,,
tt2392385,,
tt3862750,,
tt0369204,,
,,
tt0154120,,
tt0213447,,
tt0139051,,
tt0053791,,
tt0247712,,
tt0395748,,
tt0275175,,
tt0318993,,
tt0246269,,
tt0260580,,
tt1348982,,
tt0355660,,
tt0272118,,
tt0277175,,
tt1354014,,
tt11343564,,
tt3319454,,
tt1369570,,
tt0320165,,
tt0257399,,
tt0259187,,
tt2943974,,
tt1411838,,
tt0233432,,
tt0269079,,
tt0254231,,
tt1354054,,
tt0233937,,
tt3173676,,
tt0242556,,
tt1510776,,
tt0278951,,
tt1485680,,
tt2350374,,
tt1360139,,
tt1407978,,
tt2724236,,
,,
tt3532850,,
tt3717490,,
tt3022458,,
tt0156136,,
tt3171844,,
tt1389532,,
tt0261860,,
tt0155941,,
,,
tt1364298,,
tt1575684,,
tt1416827,,
tt0255685,,
tt0156177,,
tt1414520,,
tt1408949,,
tt0234303,,
tt1411904,,
tt1414542,,
tt0261193,,
tt0250710,,
tt1411977,,
tt4189442,,
tt0393081,,
tt3024664,,
tt0100026,,
tt0369595,,
tt0060689,,
tt4226162,,
tt3234672,,
tt4175742,,
tt0155507,,
tt0186840,,
tt0062177,,
tt0256719,,
,,
tt0155734,,
tt0319356,,
tt0113457,,
tt0357809,,
,,
tt0280967,,
tt0269664,,
tt0156174,,
tt0214799,,
tt3622120,,
tt3421204,,
tt0248934,,
tt4216874,,
tt2400463,,
tt0207222,,
tt2910508,,
tt3579250,,
tt1798684,,
tt1351760,,
tt0390591,,
,,
tt3511012,,
tt1348967,,
tt1364240,,
tt1321329,,
tt1353979,,
tt3187464,,
tt0271977,,
tt1429331,,
tt0187058,,
tt0163654,,
tt0237820,,
tt0280397,,
tt0258402,,
tt0233222,,
tt0213515,,
,,
tt0302410,,
tt0256632,,
tt0259985,,
tt0157481,,
tt0371657,,
tt0254267,,
tt0250393,,
tt0231778,,
tt0256832,,
tt0297193,,
tt0266659,,
tt3465074,,
tt1575657,,
,,
tt0246322,,
tt0390158,,
tt0389068,,
tt0261010,,
tt0287990,,
tt0213856,,
tt0138411,,
tt0137958,,
tt0156926,,
tt0266880,,
tt0214082,,
tt0054302,,
tt0084082,,
tt0266325,,
tt0810419,,
tt0325034,,
tt0291700,,
tt0388697,,
tt0129331,,
tt1579743,,
tt1364295,,
tt0254210,,
tt0260368,,
tt0155226,,
tt0135399,,
tt0850352,,
tt0052411,,
tt0388691,,
tt0318971,,
tt0077183,,
tt1392102,,
tt1318830,,
tt0309731,,
tt0269398,,
tt1576442,,
tt0387050,,
tt3450028,,
tt0432011,,
tt3640682,,
tt1431739,,
tt0267949,,
tt0420230,,
tt0247907,,
tt0051348,,
tt0042207,,
tt1279237,,
tt0232515,,
tt0499246,,
tt1283523,,
tt0256364,,
tt1282490,,
tt0420293,,
tt3824458,,
tt1354027,,
tt3530146,,
tt0403935,,
tt1579818,,
tt1579849,,
tt0279309,,
tt1414565,,
,,
tt0351790,,
tt3082854,,
tt3949660,,
tt2690138,,
tt3566788,,
tt4065336,,
tt4309834,,
tt0337652,,
tt0387065,,
tt0244430,,
tt0214658,,
tt0292065,,
tt1315195,,
,,
tt2349144,,
,,
tt2909116,,
tt0088943,,
,,
tt0175788,,
tt0214657,,
tt3442990,,
tt0387692,,
tt3741678,,
tt3647498,,
,,
tt1772261,,
tt3717016,,
tt2238793,,
tt3422318,,
tt3513054,,
tt1230213,,
tt1323030,,
tt1563732,,
tt4264440,,
tt3626180,,
tt4280430,,
tt0442855,,
tt3783746,,
tt0409678,,
tt2848560,,
tt3544082,,
tt3293174,,
tt0163636,,
,,
tt0259914,,
tt3688406,,
tt3100274,,
tt3329554,,
tt4147830,,
tt2147225,,
tt3654972,,
tt8669128,,
tt2474972,,
,,
tt2294685,,
tt3471098,,
tt3398048,,
tt0405196,,
tt1580013,,
tt2474976,,
tt0353725,,
tt2072122,,
tt3119188,,
tt3797700,,
tt0155180,,
tt3386444,,
tt1212428,,
tt3687104,,
tt0334281,,
tt1895587,,
tt3865478,,
tt0410134,,
tt4082068,,
tt3278330,,
tt3732950,,
tt4211294,,
tt0184339,,
tt0236964,,
tt4016588,,
tt3824296,,
tt4136084,,
tt1037714,,
tt2823054,,
tt0362204,,
tt2901516,,
tt1980942,,
tt0354148,,
tt1368164,,
tt0372448,,
tt2177513,,
tt4180576,,
tt3828160,,
tt0063805,,
tt4146410,,
tt4380748,,
tt4185152,,
tt4364338,,
tt4460176,,
tt0058386,,
,,
tt0058879,,
tt4076756,,
tt1629242,,
tt2581306,,
tt0317902,,
tt4214708,,
tt2614776,,
tt4291066,,
tt0281763,,
tt0249062,,
tt0808904,,
tt4005402,,
tt0274159,,
tt4108400,,
tt0214923,,
tt0278794,,
tt0275035,,
tt2433040,,
tt4414858,,
tt4145178,,
tt4188202,,
tt4370926,,
tt3750942,,
tt3357918,,
tt3666734,,
tt0259392,,
tt0297244,,
tt0266862,,
tt0327109,,
tt0271771,,
tt0187503,,
tt0262046,,
tt0242570,,
tt4767356,,
tt4135844,,
tt0033782,,
tt0158860,,
tt4142022,,
tt3564748,,
tt0231468,,
tt1346317,,
tt0920692,,
tt3977848,,
tt3973036,,
tt0281990,,
tt1339328,,
tt1369676,,
tt0232063,,
tt1354034,,
tt3662066,,
tt5123896,,
tt3882082,,
tt0091549,,
tt2395312,,
tt2547528,,
tt3304756,,
tt3577624,,
,,
tt0278501,,
,,
,,
tt0246115,,
tt0269617,,
tt4383594,,
,,
,,
,,
,,
tt1369686,,
tt0260286,,
,,
tt0139584,,
tt0314665,,
,,
,,
,,
,,
,,
tt0231455,,
,,
tt0779747,,
,,
tt0323987,,
tt4095942,,
tt0280390,,
tt3037336,,
tt9159954,,
tt14337938,,
tt3666944,,
tt2320096,,
tt4419364,,
tt3832914,,
tt3011960,,
tt3836958,,
tt3975510,,
tt3678782,,
tt3597632,,
tt2094091,,
tt4296026,,
tt3727982,,
tt4380580,,
tt2869728,,
tt2702724,,
tt0154162,,
tt2622036,,
tt1276947,,
tt4364726,,
tt0156116,,
tt0086848,,
tt0154710,,
tt4425200,,
tt0246854,,
tt1895315,,
tt1507571,,
tt0154982,,
tt4064460,,
tt2119532,,
tt0236554,,
tt3460800,,
tt2056771,,
tt4460190,,
tt4200442,,
tt0257445,,
tt0155220,,
tt0154911,,
tt0154457,,
tt4438848,,
tt3511596,,
tt0292308,,
tt4105970,,
tt3072482,,
,,
tt1355631,,
tt3954294,,
tt3712822,,
tt0036077,,
tt0369695,,
tt3862176,,
tt4144190,,
tt0243559,,
tt4437054,,
tt3411432,,
tt3488328,,
tt1893409,,
tt4382872,,
tt2004216,,
tt2071464,,
tt3903008,,
tt1943756,,
tt2133196,,
tt4507184,,
tt3208936,,
tt2709768,,
tt4178092,,
tt2674430,,
tt3881700,,
tt3573598,,
tt3722070,,
tt2190337,,
tt6544024,,
tt4621642,,
tt4188436,,
tt3666258,,
tt24216998,,
tt22085392,,
tt2580382,,
tt4503598,,
tt3454574,,
tt9678892,,
tt10329614,,
tt0156170,,
tt5012504,,
tt33337070,,
tt11851548,,
tt1865333,,
tt4519914,,
tt4978420,,
tt3981858,,
tt28155419,,
tt14963742,,
tt20256448,,
tt4428398,,
tt1801552,,
tt2231500,,
tt4512946,,
tt10673030,,
tt3478962,,
tt4085084,,
tt3791302,,
tt1254322,,
tt1608290,,
tt4144206,,
tt19226340,,
,,
tt0233488,,
tt13318942,,
tt13270424,,
tt0355167,,
tt0355729,,
tt7160372,,
tt27828550,,
tt15865914,,
tt29306667,,
tt32896944,,
tt3600960,,
tt3688330,,
tt1401709,,
tt22050754,,
tt4428800,,
tt15475890,,
tt1416338,,
tt30073158,,
tt28679253,,
tt3462710,,
tt7208564,,
tt3742284,,
tt10156578,,
tt5461506,,
tt22893404,,
tt7944094,,
tt4143018,,
tt0939920,,
tt26470109,,
tt8041270,,
tt6083648,,
tt11703244,,
tt14416430,,
tt18482470,,
tt9044418,,
tt2018069,,
,,
tt3792960,,
tt4291590,,
tt2062700,,
tt2815902,,
tt1666177,,
tt0450577,,
tt0363666,,
tt0255570,,
,,
tt0363787,,
tt4228378,,
tt6358182,,
tt4381176,,
tt0214842,,
tt14683198,,
tt0273760,,
tt0281111,,
tt0362445,,
tt1411876,,
tt3503406,,
tt0235858,,
,,
tt2870648,,
,,
tt4400058,,
tt3746298,,
tt3906082,,
tt3333870,,
tt3064298,,
tt3845822,,
tt3212232,,
tt4052882,,
tt2870368,,
tt3244446,,
tt4173174,,
tt1659619,,
tt3763980,,
tt2689958,,
tt4114646,,
tt3741316,,
tt4504452,,
tt4289100,,
tt4468132,,
tt2537390,,
tt2279339,,
tt2057392,,
tt4106306,,
tt2948790,,
tt2436682,,
tt3059816,,
tt4058368,,
tt3038734,,
tt4103992,,
tt3708886,,
tt4009278,,
tt2569314,,
tt6449396,,
tt0186799,,
tt3781476,,
tt4935418,,
tt4158096,,
tt3026488,,
tt3719896,,
tt2990126,,
tt1826763,,
tt1776357,,
tt4504040,,
tt0067925,,
tt4466936,,
tt4588948,,
tt2948606,,
tt3231054,,
tt1447981,,
,,
tt6944510,,
tt1856101,,
tt3371366,,
tt2378507,,
tt3276924,,
tt2140465,,
tt4568370,,
tt4112470,,
tt3244466,,
tt4073130,,
tt0115646,,
tt3486542,,
tt3276632,,
tt3616916,,
tt3394758,,
tt4086032,,
tt4475244,,
tt4477536,,
tt3532216,,
tt4630562,,
tt0063710,,
tt3733678,,
tt0154531,,
tt0384403,,
tt0359971,,
tt3592340,,
tt4662412,,
tt1886663,,
tt4653606,,
tt3519936,,
tt1798603,,
tt1365519,,
tt4643782,,
tt6445398,,
tt4272420,,
tt19191070,,
,,
tt2078757,,
tt3296908,,
tt4255622,,
tt3501046,,
tt4469200,,
tt4547120,,
tt4843046,,
tt0127272,,
tt4618800,,
tt4633690,,
tt3137630,,
tt1469304,,
tt1112110,,
tt2239822,,
tt4257926,,
tt4287320,,
tt3283950,,
tt1661275,,
tt4649416,,
tt4630550,,
tt4468634,,
tt4441150,,
tt3750872,,
tt4542814,,
tt4550098,,
tt4714782,,
tt4588730,,
tt4671212,,
tt4581722,,
tt0363832,,
tt4731136,,
tt2032572,,
tt1082807,,
tt2406566,,
tt2911674,,
tt4465564,,
tt0139447,,
,,
,,
tt4788726,,
tt4766892,,
tt0125030,,
tt0960734,,
tt2191765,,
tt2949196,,
tt0315885,,
tt0896785,,
tt4705522,,
tt4122118,,
tt3393786,,
tt2998888,,
tt3168808,,
tt5215462,,
tt3675204,,
tt3703908,,
tt4379180,,
tt4526950,,
tt1381030,,
tt4092774,,
tt4167720,,
tt4058572,,
tt4255110,,
tt3917118,,
tt0104411,,
tt3660078,,
tt3812348,,
tt0244118,,
tt0038856,,
tt3311988,,
tt4623856,,
tt4486986,,
tt4738776,,
tt3550902,,
tt2297894,,
tt15280380,,
tt9244710,,
tt4622202,,
tt4814436,,
tt4515762,,
tt3541524,,
tt4277308,,
,,
tt4162910,,
tt3387266,,
tt0388315,,
tt3854286,,
tt2880448,,
tt4392454,,
tt2929652,,
tt3384350,,
tt3833474,,
tt3416536,,
tt4703048,,
tt4814572,,
tt4660980,,
tt3567666,,
tt4766018,,
tt4851758,,
tt4658324,,
tt4041382,,
tt4767950,,
tt4088268,,
tt4610372,,
tt0924234,,
tt3779300,,
tt3344680,,
tt3700364,,
tt4823434,,
tt3211170,,
tt4796742,,
tt0254978,,
tt3100052,,
tt1102325,,
tt0400644,,
tt1540011,,
tt4881806,,
tt4190530,,
tt0322788,,
tt0282139,,
tt0353769,,
tt0357829,,
tt0281536,,
tt0377994,,
tt0378542,,
tt0217401,,
tt0305819,,
tt0354152,,
tt0352500,,
tt0319316,,
tt4667094,,
tt3957956,,
tt2380199,,
tt3661298,,
tt0090138,,
tt4662420,,
tt0255426,,
tt1172062,,
tt0331535,,
tt0334452,,
tt0255155,,
tt0109304,,
tt3521770,,
tt4882698,,
tt4539828,,
tt4461828,,
tt4340720,,
tt0282615,,
tt4824302,,
tt4912910,,
tt0787524,,
tt3449006,,
tt2283362,,
tt4727512,,
tt4685806,,
tt4151192,,
tt4765284,,
tt0355376,,
tt0214500,,
tt0353603,,
tt3725034,,
,,
tt4791984,,
tt0257679,,
tt4935372,,
tt4827986,,
tt4807148,,
tt4845248,,
tt4116030,,
tt0317962,,
tt0278130,,
tt4041278,,
tt3962798,,
tt0356467,,
tt0357945,,
tt0283580,,
tt0353753,,
tt0235662,,
tt0353627,,
tt0305367,,
tt4658578,,
tt3268308,,
tt0040889,,
tt4610748,,
tt5898712,,
tt0352676,,
tt1683048,,
tt4966020,,
tt0244204,,
tt0278712,,
tt0282779,,
tt0352482,,
tt0395264,,
tt0237479,,
tt0278583,,
tt0257410,,
tt0353453,,
tt0360146,,
tt5026308,,
tt0414658,,
tt0357192,,
tt0275926,,
tt1810690,,
tt1505127,,
tt4489406,,
tt3644730,,
tt3319018,,
tt13853586,,
tt4935462,,
tt2945796,,
tt4425152,,
tt3351208,,
tt4935954,,
tt3547682,,
tt2724532,,
,,
tt0333739,,
tt0320128,,
tt0355758,,
tt4769556,,
tt4126438,,
tt0187239,,
tt4530884,,
tt0274104,,
tt0274115,,
tt0240336,,
tt4653556,,
tt3159708,,
tt3227016,,
tt0396684,,
tt0355212,,
tt0353237,,
tt0353213,,
tt0333707,,
tt0353709,,
,,
tt0355624,,
tt0275485,,
tt0333650,,
tt0355506,,
tt0353384,,
tt0900916,,
tt4601102,,
tt5011050,,
tt0039817,,
tt0038298,,
tt4248188,,
tt4684410,,
,,
tt4147210,,
tt4267026,,
tt4271918,,
tt3963816,,
tt0269445,,
tt0273803,,
tt0353619,,
tt4878890,,
tt0355786,,
tt0353553,,
tt0321389,,
tt0240345,,
tt0353646,,
tt1102300,,
tt0355173,,
tt0255096,,
tt0354149,,
tt0230734,,
tt0354074,,
tt0354057,,
tt0353700,,
tt0354144,,
tt0353391,,
tt0261408,,
tt4483460,,
tt4372240,,
tt4061010,,
tt3627488,,
tt4387348,,
tt2071600,,
tt0400575,,
tt0811145,,
tt0282863,,
tt0907131,,
tt4642044,,
tt4896340,,
tt3593046,,
tt4729726,,
tt4738360,,
tt4966278,,
tt0800238,,
tt3520290,,
tt0493076,,
tt0488374,,
tt0483184,,
tt0214673,,
tt0353739,,
tt0353615,,
tt0355984,,
tt5133572,,
tt5031014,,
tt4073696,,
tt4117850,,
tt8851840,,
tt2709692,,
tt5022680,,
tt0308113,,
tt4511566,,
tt5005684,,
tt5084214,,
,,
,,
,,
,,
,,
,,
tt4922028,,
tt5004766,,
tt0074150,,
tt1745960,,
tt5066870,,
tt5076184,,
tt5063384,,
tt4933782,,
tt3735246,,
tt4510398,,
tt1663655,,
tt4703676,,
tt3557406,,
tt4974396,,
tt2654572,,
tt3978902,,
tt2619512,,
tt0447890,,
tt5085924,,
tt5076032,,
tt5056034,,
tt0317937,,
tt2346406,,
tt5156770,,
tt5182120,,
tt5210048,,
tt5204384,,
tt5033114,,
tt5133810,,
tt5097970,,
tt5014528,,
tt4475992,,
tt5584072,,
tt4835394,,
tt1210802,,
tt4448304,,
tt5023860,,
tt0319576,,
tt4930000,,
tt4247618,,
,,
tt4760992,,
tt3700392,,
tt3379352,,
tt3362064,,
tt4665366,,
tt0275768,,
tt3758542,,
tt0247017,,
tt4868972,,
tt4480940,,
tt4227282,,
tt3922818,,
tt1507002,,
tt3234704,,
tt4587740,,
tt0109501,,
tt4923846,,
tt2621460,,
tt5120376,,
tt4698718,,
tt5210078,,
tt4199898,,
tt4902736,,
tt0038558,,
tt5269396,,
tt5189894,,
tt5307018,,
tt4729766,,
tt0109249,,
tt0234503,,
tt3349772,,
tt0117520,,
tt4335650,,
tt5070196,,
tt5265662,,
tt5062804,,
tt5062762,,
tt5170710,,
tt4687410,,
tt4733640,,
tt0262430,,
,,
tt3544112,,
tt3807200,,
tt4529030,,
tt5157456,,
tt4531006,,
tt0214935,,
tt3640424,,
tt5195412,,
tt4586114,,
tt2850480,,
tt4415900,,
tt0233174,,
tt2382320,,
,,
tt4637498,,
tt3611002,,
tt0233148,,
tt0245926,,
tt4638246,,
tt2296777,,
tt5066818,,
tt5304086,,
tt2170242,,
tt5247022,,
tt1606248,,
tt4958666,,
tt5121000,,
tt0040008,,
tt5317546,,
tt5135532,,
tt4289298,,
tt5082364,,
tt0390376,,
tt3517044,,
tt5252134,,
tt1285009,,
tt3521126,,
tt0038177,,
tt4545630,,
tt4760750,,
tt2112096,,
tt5278506,,
tt3462880,,
tt3662308,,
tt3658772,,
tt3150966,,
tt5164412,,
tt4230700,,
tt5278598,,
tt4175148,,
tt1610525,,
tt2160401,,
tt3908142,,
tt5062652,,
tt4651394,,
tt4936450,,
tt4196848,,
tt4680196,,
tt4120176,,
tt4446472,,
tt5168192,,
tt4048272,,
tt5313016,,
tt5212042,,
tt5302658,,
tt5231268,,
tt5364518,,
tt5211694,,
tt5302844,,
tt2777548,,
tt0021463,,
tt2088950,,
tt5301624,,
tt5186714,,
tt3563262,,
tt3610746,,
tt4547056,,
tt4571846,,
tt4532826,,
tt2380314,,
tt5029602,,
tt4429194,,
tt4117206,,
tt4061908,,
tt1753786,,
tt4815452,,
,,
tt3794028,,
,,
tt5278596,,
tt4840668,,
tt5076054,,
tt3491962,,
tt5142750,,
tt5022702,,
tt4708346,,
tt4686108,,
tt4651520,,
tt4827558,,
tt4975722,,
tt5672854,,
tt1545610,,
tt3652526,,
tt0194585,,
tt1734076,,
tt0145873,,
tt4929038,,
tt0232145,,
tt5329524,,
tt5458812,,
tt3515524,,
tt4462668,,
tt0055783,,
tt0271692,,
tt5072542,,
tt3390550,,
tt4255304,,
tt3823116,,
tt4648586,,
tt4439188,,
tt5353326,,
tt5034090,,
tt2950418,,
tt4658786,,
tt4062896,,
tt14597726,,
tt5451360,,
tt5340362,,
tt5496244,,
tt5280626,,
tt4250566,,
tt3417110,,
tt3046042,,
tt5478186,,
tt3605262,,
tt3443318,,
tt4738238,,
tt4379800,,
tt4060962,,
tt5350358,,
tt4687464,,
tt4518376,,
tt5116410,,
tt4185566,,
tt4303340,,
tt4550420,,
tt4671002,,
tt4711762,,
tt4228810,,
tt5109784,,
tt3564860,,
tt4901306,,
tt5255710,,
tt3735810,,
tt5439464,,
tt5477402,,
,,
tt4797436,,
tt5288136,,
tt4853102,,
tt5017928,,
tt5253294,,
tt5039860,,
tt4667832,,
tt0137349,,
tt4544696,,
tt0253247,,
tt4769430,,
tt5044656,,
tt3739110,,
tt5643768,,
tt0102012,,
tt4538384,,
tt6806448,,
tt0436495,,
tt4994256,,
,,
tt0037999,,
tt0038556,,
tt5478478,,
tt1711525,,
tt0194216,,
tt3758592,,
tt4981942,,
tt2170369,,
tt4463816,,
tt5179598,,
tt5566660,,
tt5589750,,
tt5433140,,
tt5161658,,
tt4254584,,
tt4030354,,
tt0258949,,
tt0269661,,
tt0091444,,
tt5539264,,
tt5494840,,
tt0353704,,
tt1161402,,
tt0356087,,
tt0282723,,
tt5368354,,
tt0138972,,
tt0874304,,
tt0155514,,
tt4396720,,
tt2395353,,
tt0268901,,
tt5580536,,
tt4519312,,
tt4169250,,
tt4572514,,
tt3517850,,
tt4118606,,
tt4109096,,
tt5580036,,
tt0227319,,
tt3663564,,
tt5057382,,
tt5574372,,
tt3845670,,
tt1959563,,
tt4581576,,
tt4986134,,
tt4637598,,
tt4575930,,
tt4744086,,
tt5419742,,
tt3886604,,
tt7538788,,
,,
tt5129682,,
tt5589756,,
tt5518906,,
tt0248415,,
tt3671052,,
tt2938464,,
tt0135057,,
tt2531318,,
tt1667321,,
tt4559046,,
tt2481500,,
,,
tt3175798,,
tt5675632,,
tt5459456,,
tt4698740,,
tt5673202,,
tt0104158,,
tt5182856,,
tt5088794,,
tt5039088,,
tt1714917,,
tt5636536,,
tt5253754,,
tt4246856,,
tt0080737,,
tt0491722,,
tt6403680,,
tt3679060,,
tt2671706,,
tt4964772,,
tt5615976,,
tt5605328,,
tt5692030,,
tt5790274,,
tt5079674,,
tt0268429,,
tt0813958,,
tt5568146,,
tt3074546,,
tt4631810,,
tt5708154,,
tt5649144,,
tt5791222,,
tt5126922,,
tt3530882,,
tt2078718,,
tt3385524,,
tt1724597,,
tt4181782,,
tt2511534,,
tt0249359,,
tt5176486,,
tt0491175,,
tt3234084,,
tt4362646,,
tt0263686,,
tt0261167,,
tt0266298,,
tt5598110,,
tt4668860,,
tt5154288,,
tt1137450,,
tt5672502,,
tt5670394,,
tt5688480,,
tt5668196,,
tt5775370,,
tt5140878,,
tt5691670,,
tt5700672,,
tt1867064,,
,,
tt3187378,,
tt5762174,,
tt3289956,,
tt5131906,,
tt5460530,,
tt4613910,,
tt1691916,,
tt4687358,,
tt0180626,,
tt4003440,,
tt5711148,,
tt5721088,,
tt3727202,,
tt5541330,,
tt4364882,,
tt4364876,,
tt5127934,,
tt5737882,,
tt4861950,,
tt5338090,,
tt5051278,,
tt5304464,,
tt1590193,,
tt5715874,,
tt5743656,,
tt5544464,,
tt2398149,,
tt5634088,,
tt5439796,,
tt5034474,,
tt4769214,,
tt5106042,,
tt4244998,,
tt5120400,,
tt1846589,,
tt4555426,,
tt5767182,,
tt3190158,,
tt2674454,,
tt4623902,,
tt1699518,,
tt4827290,,
tt5220122,,
tt4823776,,
tt4743250,,
tt2124784,,
tt4668834,,
tt0071436,,
tt1072753,,
tt2039338,,
tt4776964,,
tt3320500,,
tt5750534,,
tt4995790,,
tt2411144,,
tt4807272,,
tt0039419,,
tt4743248,,
tt4862478,,
tt4964788,,
tt5462326,,
tt5814512,,
tt5775814,,
tt3807734,,
,,
tt4645330,,
tt4083052,,
tt5147822,,
tt1666185,,
tt5704912,,
tt5777338,,
tt5994792,,
tt0808475,,
tt0115826,,
tt5027402,,
tt2736032,,
tt5068938,,
tt4364862,,
tt3182620,,
tt5863634,,
tt0265342,,
tt5805752,,
tt4237608,,
tt5755606,,
tt3879074,,
tt3567194,,
tt5738064,,
tt5591822,,
tt5686992,,
tt0829200,,
tt3606888,,
tt5770606,,
tt0447235,,
tt4961380,,
,,
tt1935194,,
tt5175158,,
,,
tt5226984,,
tt0675322,,
tt0338285,,
tt4899528,,
tt1785288,,
tt5472758,,
tt3074952,,
tt5073652,,
tt4160176,,
tt4917700,,
tt0770068,,
tt0067636,,
tt3620846,,
tt5752360,,
tt1655461,,
tt5917230,,
tt5922484,,
tt5781222,,
tt0495893,,
tt5828874,,
tt5734214,,
tt5716464,,
tt5371168,,
tt5207320,,
,,
tt3222852,,
tt2330973,,
tt4771956,,
tt10225492,,
tt4826674,,
tt5278634,,
,,
tt5678110,,
,,
tt2844004,,
tt4805316,,
tt5937996,,
,,
tt0086252,,
tt4728386,,
tt4915318,,
tt0289302,,
tt1579645,,
tt5024894,,
tt5320190,,
tt5676118,,
tt5921218,,
tt5675936,,
tt0053629,,
tt0053637,,
tt0154326,,
tt1435529,,
tt5464598,,
tt5884234,,
tt6329980,,
tt26740893,,
tt4997624,,
tt6008686,,
tt5737536,,
tt5952138,,
tt5097070,,
tt5595364,,
tt0363734,,
tt3300932,,
tt5962210,,
tt5666304,,
tt2178953,,
tt2010915,,
tt5113040,,
tt4579914,,
tt4519836,,
tt5442626,,
tt4952982,,
tt0232155,,
tt4286666,,
tt5321174,,
tt9213244,,
tt5689068,,
tt2076822,,
tt5736592,,
tt4966756,,
tt2918608,,
tt5968910,,
tt6354638,,
tt6032170,,
tt5842624,,
tt5957584,,
tt5860084,,
tt6076802,,
tt6041048,,
tt1588878,,
tt8333746,,
tt4187392,,
tt1575622,,
tt5997928,,
tt4000670,,
tt6071534,,
tt3859272,,
tt2582498,,
tt3319730,,
tt6071476,,
tt5990474,,
tt6038506,,
tt6047684,,
tt4143270,,
tt5931726,,
,,
tt5654840,,
tt5740852,,
tt6044910,,
tt5890998,,
tt5779686,,
tt9287460,,
tt6156476,,
tt1949605,,
tt6180842,,
tt1961175,,
tt0097520,,
tt6215212,,
tt5949946,,
tt5893264,,
tt5788136,,
tt6523720,,
tt1072748,,
tt5902138,,
tt4158594,,
tt2965384,,
tt5222578,,
tt5541492,,
tt4103724,,
tt5997492,,
tt0313965,,
tt3385804,,
tt6748466,,
tt5001718,,
tt3107166,,
tt5628334,,
tt5929754,,
tt0448694,,
tt3564472,,
tt4695012,,
tt1209370,,
tt5706370,,
tt2140507,,
tt3324612,,
tt1267170,,
tt6131636,,
tt6114246,,
tt6114234,,
tt6141048,,
tt6170838,,
tt7331748,,
tt6665988,,
tt6200160,,
tt5052448,,
tt6281650,,
tt6197094,,
tt0078030,,
tt5657846,,
tt1869347,,
tt3622110,,
tt0044360,,
tt0156098,,
tt2091245,,
tt4587366,,
tt9015178,,
tt6273004,,
tt6217490,,
tt6132948,,
tt6131148,,
tt6104760,,
tt6349282,,
tt6284950,,
tt6245488,,
tt6269700,,
tt5860940,,
tt6321108,,
tt5254610,,
tt5739478,,
tt6269192,,
tt6263260,,
tt6279602,,
tt0076089,,
tt6271276,,
tt4607722,,
tt4594194,,
tt6190346,,
tt5461956,,
tt5425502,,
tt3758852,,
tt6203026,,
tt4715356,,
tt5426060,,
tt5503688,,
,,
tt6189022,,
tt2231457,,
tt3553378,,
tt4466894,,
tt5976166,,
tt5916786,,
tt0341562,,
tt6260218,,
tt6288876,,
tt5228262,,
tt5464234,,
tt6218374,,
tt6204874,,
tt6233688,,
tt4030188,,
tt5047400,,
tt4959876,,
tt4061196,,
tt5376196,,
tt5333842,,
tt4701182,,
tt5334108,,
tt4532038,,
tt5431082,,
tt4682788,,
tt5814226,,
tt6017942,,
tt6246170,,
tt6107306,,
tt5458566,,
tt4513678,,
tt4538916,,
tt5952626,,
tt4837126,,
tt5816374,,
tt6267670,,
tt4669296,,
tt5457078,,
tt5770620,,
tt6193424,,
tt5847672,,
tt5574012,,
tt1255919,,
tt3349578,,
tt5853124,,
tt5591666,,
tt5739680,,
,,
tt5284298,,
tt3503454,,
tt6157600,,
tt5852442,,
tt5123866,,
tt6292658,,
tt5719700,,
tt0100232,,
tt5271120,,
tt1034385,,
tt5420886,,
tt6265828,,
tt6333070,,
tt6333086,,
tt6382412,,
tt0314557,,
tt0293456,,
tt5929750,,
tt6304162,,
tt5314118,,
tt4846232,,
tt2837574,,
tt5656876,,
tt6306064,,
tt1413492,,
tt5516328,,
tt6254874,,
tt4977530,,
tt5040760,,
tt4348012,,
tt4420040,,
tt6087426,,
,,
tt1435607,,
tt5986246,,
tt5360952,,
tt6087226,,
tt5594080,,
tt6269060,,
tt3986820,,
tt4105584,,
tt3910736,,
tt6423776,,
tt6359956,,
tt1718186,,
tt4590882,,
tt0371974,,
tt4653272,,
tt5740478,,
tt5888994,,
tt5729514,,
tt6116368,,
tt6038168,,
,,
tt6057032,,
tt6333092,,
tt5433330,,
tt4838486,,
tt5994786,,
tt5093026,,
tt6032328,,
tt6319714,,
,,
tt5945698,,
tt6206546,,
tt5978884,,
tt6014370,,
tt6032278,,
tt6408738,,
tt5052038,,
tt5801242,,
tt5960386,,
tt6210126,,
tt6260830,,
tt0117740,,
tt5702446,,
tt0266789,,
tt6110712,,
tt5735280,,
tt6387232,,
tt6432062,,
tt6291606,,
,,
tt3300980,,
tt0088144,,
tt5918982,,
tt6343348,,
tt5687968,,
tt1864275,,
tt6116590,,
tt6137734,,
tt6481002,,
tt0070153,,
tt6509862,,
tt6543048,,
tt6682134,,
tt4955566,,
tt4974778,,
tt5985904,,
tt3582020,,
tt5881970,,
tt5945020,,
tt6878038,,
tt5851014,,
tt5782204,,
tt6439776,,
tt6286216,,
tt6295106,,
tt6173488,,
tt6338374,,
tt0155969,,
tt3208026,,
tt11074318,,
tt3127902,,
tt4400994,,
tt6627134,,
tt3640710,,
tt2331100,,
tt6110504,,
tt6094944,,
tt6568874,,
tt5719748,,
tt6491178,,
tt6494418,,
tt0433528,,
tt6318848,,
tt6537238,,
tt4530422,,
tt4537896,,
tt5580516,,
tt5690360,,
tt5257726,,
tt0038981,,
tt5308322,,
tt5039242,,
tt5119268,,
tt6620260,,
tt1334528,,
tt5646992,,
tt5089534,,
tt1987680,,
tt5322012,,
tt6340296,,
tt5153860,,
tt0231156,,
tt6483364,,
tt5198068,,
tt6533240,,
tt4934780,,
tt5847286,,
tt6333284,,
tt3780540,,
tt5153236,,
tt15347528,,
tt5742874,,
tt0086100,,
tt6523092,,
tt6455992,,
tt5578538,,
tt0231522,,
tt0116391,,
,,
tt6152206,,
tt9021032,,
tt0214843,,
tt5773298,,
tt5476182,,
tt0568934,,
tt5311536,,
tt5798432,,
tt3127022,,
tt8519866,,
tt2931140,,
tt0357483,,
tt0386294,,
tt4665344,,
tt0070142,,
tt6498644,,
tt6512632,,
tt1256552,,
tt18968676,,
tt5864238,,
tt0051522,,
tt6513120,,
tt5565634,,
tt5771710,,
tt6386526,,
tt6288694,,
tt4797160,,
tt6045466,,
tt6456614,,
tt6587078,,
tt5294550,,
tt5177088,,
tt5843838,,
tt6740584,,
tt6697760,,
tt6669590,,
tt6182908,,
tt6368324,,
tt5859882,,
tt0139635,,
tt5758778,,
tt5964258,,
tt6998574,,
tt5938550,,
tt5885106,,
tt2160105,,
tt5119116,,
tt6676028,,
tt5563330,,
tt0246212,,
tt6541008,,
tt6540078,,
,,
tt5351458,,
tt6175670,,
tt1259528,,
,,
tt4131496,,
tt6401004,,
tt4106514,,
tt6955804,,
tt9244928,,
tt7262882,,
tt0037628,,
tt4321328,,
tt5675746,,
tt6418778,,
tt5654600,,
tt6782486,,
tt4654472,,
tt4557208,,
tt6089576,,
tt3837842,,
tt0038771,,
tt0038021,,
tt1289403,,
tt5610626,,
tt6002232,,
tt6100122,,
tt6135348,,
tt6367558,,
tt5598102,,
tt5352846,,
tt4542354,,
tt0038892,,
tt0039108,,
,,
,,
tt0039380,,
tt0292164,,
tt2877192,,
tt5078656,,
tt6634632,,
tt6802896,,
tt1025100,,
tt0039708,,
tt0040957,,
tt0039751,,
tt0039764,,
tt6820256,,
tt1024855,,
tt0039979,,
tt6794376,,
tt1663952,,
tt1563742,,
tt6170506,,
tt5437928,,
tt6576556,,
tt6648404,,
tt6663582,,
tt6760562,,
tt6207744,,
tt6237612,,
tt6090190,,
tt5669936,,
tt0366993,,
tt0275389,,
tt1698540,,
tt6143568,,
tt6948128,,
tt6914742,,
tt0306187,,
tt0259518,,
tt3016748,,
,,
tt0240711,,
tt2274648,,
tt6852872,,
tt5533370,,
tt10157546,,
tt7064498,,
tt6973942,,
tt4266076,,
tt5072128,,
tt5616294,,
tt6146586,,
tt6903084,,
tt6857376,,
tt6428912,,
tt6522678,,
tt8368406,,
tt5607096,,
tt6911608,,
tt6475714,,
tt6850820,,
tt6917656,,
tt6857112,,
tt7068610,,
tt2053435,,
tt6228640,,
tt4314716,,
tt6932874,,
tt6910772,,
tt6143850,,
tt0349092,,
tt6970518,,
tt6874542,,
tt5702566,,
tt5527002,,
tt6213952,,
tt5613920,,
tt5737582,,
tt2132433,,
tt5493392,,
tt6117702,,
tt5813366,,
tt7249854,,
tt3501112,,
tt6289266,,
tt6315010,,
tt6998518,,
tt5442884,,
tt15164444,,
tt5272796,,
tt0345961,,
tt7012864,,
tt6403242,,
tt6433880,,
tt8908164,,
tt0353795,,
tt0353921,,
tt7042800,,
tt10518944,,
tt3729994,,
tt6859344,,
tt6261048,,
tt6961634,,
tt7010948,,
tt5040826,,
tt4364194,,
tt3717234,,
tt6398360,,
tt6832388,,
tt3727598,,
tt5075662,,
tt5181852,,
tt6981066,,
tt6745804,,
tt6503354,,
tt0154412,,
tt0245994,,
tt6240470,,
tt6850276,,
tt4928814,,
tt7026672,,
tt0230470,,
tt7235362,,
tt7235014,,
tt7197596,,
tt7235496,,
tt6937070,,
tt7123974,,
tt26753988,,
tt3531176,,
tt7364566,,
tt1833116,,
tt5992114,,
tt6089700,,
,,
tt6409160,,
tt6253360,,
tt5976196,,
tt6749318,,
tt5537002,,
,,
tt7323600,,
tt7076834,,
tt6948600,,
tt6923858,,
tt6422938,,
tt3854186,,
tt6256872,,
tt5359832,,
tt6215208,,
tt6884200,,
tt0312723,,
tt6040662,,
tt4602066,,
tt6865690,,
tt4703182,,
tt6918790,,
tt6958212,,
tt4444956,,
tt7206654,,
tt6044156,,
tt3574822,,
tt5430190,,
tt3463106,,
tt7042586,,
tt7140696,,
tt7064954,,
tt0155506,,
tt0268471,,
tt5613834,,
tt6138228,,
tt0355866,,
,,
tt0255402,,
tt6567002,,
tt6961860,,
tt7158430,,
tt6469634,,
tt7166214,,
tt7180544,,
tt6903636,,
tt6959302,,
tt5628302,,
tt0042380,,
tt2316479,,
tt7137380,,
tt7034316,,
tt5796156,,
tt5843716,,
tt0171351,,
tt3766382,,
tt6971752,,
tt5485482,,
tt6081670,,
tt5534434,,
tt4264544,,
tt7008872,,
tt7291466,,
tt3513824,,
,,
tt3688342,,
tt8927484,,
tt0426180,,
tt6920356,,
tt6974312,,
tt5670152,,
tt6530104,,
tt4304382,,
tt4729896,,
tt6264954,,
tt4619908,,
tt5336584,,
tt0234014,,
tt7373264,,
tt5779862,,
tt6887148,,
,,
tt7057306,,
tt6951892,,
tt0924297,,
tt6622902,,
tt7262820,,
tt0272304,,
tt7030432,,
tt7588798,,
tt7647000,,
tt7440948,,
tt7030416,,
tt7654082,,
tt6605352,,
tt7038614,,
tt7385392,,
tt6791000,,
,,
tt7038632,,
tt7630836,,
tt6069126,,
tt3588016,,
tt2368254,,
tt1127881,,
tt0266501,,
tt7131334,,
tt2402095,,
tt6174388,,
tt7647010,,
tt7038606,,
tt7714138,,
tt7241926,,
tt7175992,,
tt6426028,,
tt4720596,,
tt6622186,,
tt6195094,,
tt5878476,,
tt7074886,,
tt4365926,,
tt3817988,,
tt6874254,,
tt6910282,,
tt12390572,,
tt5092380,,
tt3646836,,
tt7534306,,
tt8094320,,
tt7243076,,
tt6921496,,
tt7274546,,
tt6280608,,
tt6966122,,
tt4985854,,
tt7025976,,
tt6964966,,
tt7520274,,
tt7334352,,
tt6619330,,
tt0920462,,
tt6920766,,
tt6186940,,
tt7419360,,
tt3031896,,
tt0090137,,
tt6704880,,
tt7657462,,
tt6958760,,
tt6759380,,
tt5944496,,
tt7584908,,
,,
tt7329656,,
tt7545168,,
tt4991112,,
tt4913966,,
tt7303530,,
tt6204340,,
tt7006938,,
tt2613380,,
tt7557728,,
tt7688990,,
tt5997848,,
tt7714136,,
tt6398464,,
tt5691084,,
tt6509058,,
tt6017756,,
tt6597544,,
,,
tt1620981,,
tt7207726,,
tt5275884,,
tt7492998,,
tt1697800,,
tt5673714,,
tt5231916,,
tt6183580,,
tt6246322,,
tt2736858,,
tt0207492,,
tt7942116,,
tt6768578,,
tt4498760,,
tt6931984,,
tt0913360,,
tt4824316,,
tt6003660,,
tt7704762,,
tt7696976,,
tt7642542,,
tt7697712,,
tt2142987,,
tt5570086,,
tt6961652,,
tt6727816,,
tt5518792,,
tt6323306,,
tt7040874,,
tt5805768,,
tt8060774,,
tt7210426,,
tt6153658,,
tt6959310,,
tt7312940,,
tt6076226,,
tt4788734,,
tt4737772,,
tt7722262,,
tt6052748,,
tt7742704,,
tt3375972,,
tt7068878,,
tt1461238,,
tt6615240,,
,,
tt6581290,,
tt5757738,,
tt7444400,,
tt6917290,,
tt4957352,,
tt8185182,,
tt6742252,,
tt7001906,,
tt6127004,,
tt5643722,,
tt7600382,,
tt7026918,,
tt7620650,,
tt7349662,,
tt7715270,,
tt7167658,,
tt7167686,,
tt7074092,,
tt6478538,,
tt7252852,,
tt7852910,,
tt6303962,,
tt3554164,,
tt5801302,,
tt7281126,,
tt7281472,,
tt0293771,,
tt8134742,,
tt6866224,,
tt6196936,,
tt5715066,,
tt7549892,,
tt0333067,,
tt4642192,,
tt6952960,,
tt6443294,,
tt7242142,,
,,
tt7664504,,
tt7184124,,
tt7668870,,
tt3499176,,
tt7616668,,
tt7546978,,
tt0250059,,
,,
tt0844752,,
tt7756492,,
tt7817348,,
tt7401588,,
tt1102286,,
tt6902696,,
tt7282468,,
,,
tt7643644,,
tt6854248,,
tt7288408,,
tt7500618,,
tt7078658,,
tt7056864,,
tt7129926,,
tt7309706,,
tt4226204,,
tt7420342,,
tt7545524,,
tt4975920,,
tt4827922,,
tt7616148,,
tt5629964,,
tt6799142,,
tt7569330,,
tt7172800,,
tt6905402,,
tt7434324,,
tt7726196,,
tt3967826,,
tt6836462,,
tt2906216,,
tt4247828,,
tt7825514,,
tt5451118,,
tt7784604,,
tt5204726,,
tt7772294,,
tt7768286,,
tt7879372,,
tt7775886,,
tt7784468,,
tt3589144,,
tt7594384,,
tt7615302,,
tt1001350,,
tt6463494,,
tt2283894,,
tt6208374,,
tt7713068,,
tt1219317,,
tt7716118,,
tt6751668,,
tt6140580,,
tt0193121,,
tt0099535,,
tt7722484,,
tt7589524,,
tt6905676,,
tt5963538,,
tt0246451,,
tt0213906,,
tt6290116,,
tt5779286,,
tt7905880,,
tt7874116,,
tt7824984,,
tt5893032,,
tt4610378,,
tt7740284,,
tt6170484,,
tt7858616,,
tt6275262,,
tt6964178,,
tt7817874,,
tt7936510,,
tt7288662,,
,,
tt4294970,,
,,
tt8020896,,
tt7555072,,
tt3948080,,
tt5864236,,
tt6959650,,
tt7547410,,
tt0056805,,
tt5721636,,
tt7959216,,
tt1368500,,
tt9428746,,
tt7785090,,
tt7978660,,
tt6601502,,
tt7690670,,
,,
tt7913598,,
tt5941692,,
tt5942864,,
tt7645780,,
tt7394816,,
tt4976192,,
tt7295450,,
tt3758162,,
tt6323264,,
tt0254473,,
tt5240730,,
,,
tt7785106,,
tt8111210,,
tt5145662,,
tt0995854,,
tt7946216,,
tt3009772,,
tt7947150,,
tt6927880,,
tt7983794,,
tt7460806,,
tt7958736,,
tt5797184,,
tt5291792,,
,,
tt0253871,,
tt6857166,,
tt3759912,,
tt5971394,,
tt7390588,,
tt2180351,,
tt5644050,,
tt6682828,,
tt7358936,,
tt6689014,,
tt8019406,,
tt0243379,,
tt7272984,,
tt2126357,,
,,
tt6598072,,
tt7073710,,
tt6566830,,
tt6495388,,
tt7457812,,
tt0318801,,
tt2636860,,
tt3783510,,
tt2580714,,
tt0483298,,
tt9204204,,
tt7087210,,
tt2066051,,
tt6878066,,
tt0257966,,
tt8020376,,
tt6556670,,
tt1489887,,
tt8125466,,
tt8060978,,
tt6532374,,
tt7946422,,
tt5670842,,
tt7818956,,
tt8049772,,
,,
tt7453418,,
tt8359848,,
tt4589218,,
tt0105315,,
tt8019518,,
tt0155467,,
tt2716382,,
tt0257627,,
,,
tt7658868,,
tt12064738,,
tt7894510,,
tt0271590,,
tt7775720,,
,,
tt0317889,,
tt5690630,,
tt3201736,,
tt6510332,,
tt6576144,,
tt6791258,,
tt0322717,,
,,
tt7392014,,
tt7414250,,
tt8119752,,
tt2936390,,
tt7962784,,
tt6881432,,
tt6423362,,
,,
tt6002986,,
tt8193876,,
tt8254060,,
tt0318979,,
,,
tt8106744,,
tt0251414,,
tt2055653,,
tt2011061,,
tt8142462,,
tt6828390,,
,,
tt0374304,,
tt7869070,,
tt7558302,,
,,
tt6705860,,
tt7345948,,
,,
tt6974308,,
tt6974310,,
,,
tt6961624,,
,,
,,
,,
tt1990344,,
,,
tt14045552,,
,,
tt6975110,,
,,
,,
,,
,,
,,
,,
,,
tt7923738,,
tt21908754,,
,,
,,
,,
,,
tt6959510,,
tt6961880,,
,,
,,
,,
,,
,,
,,
tt6959292,,
,,
,,
,,
,,
,,
tt6378710,,
,,
tt4717422,,
tt6818118,,
tt5206770,,
tt5545960,,
tt8115218,,
tt6789462,,
tt6792478,,
,,
tt3499616,,
tt2709446,,
tt8364368,,
,,
tt7783976,,
tt7391200,,
tt4278346,,
tt5687270,,
tt0252595,,
tt3956918,,
tt3588588,,
,,
tt5273720,,
tt5235106,,
tt7973608,,
,,
tt6886080,,
tt8179024,,
tt8025296,,
tt0254982,,
tt7730492,,
tt7914416,,
tt7363336,,
tt7448180,,
tt0324614,,
tt6626606,,
tt8072078,,
tt8097306,,
tt0280993,,
tt0288240,,
tt0277589,,
tt6097984,,
tt7209350,,
tt8079248,,
tt7026488,,
tt6912990,,
tt6236780,,
tt8116002,,
tt7042838,,
tt7568856,,
tt7986672,,
tt4952044,,
tt6048922,,
tt6848736,,
tt6788904,,
tt8250512,,
tt5886380,,
tt5951188,,
tt6535880,,
tt8206950,,
tt12519030,,
tt5259822,,
tt6021482,,
tt6968318,,
tt3891338,,
tt6849128,,
tt7883022,,
tt8334056,,
tt8768862,,
tt9010738,,
tt0186855,,
tt8291806,,
tt7435316,,
tt7534068,,
,,
tt8378126,,
tt7806518,,
,,
tt7291412,,
tt3709552,,
tt6286300,,
tt3146022,,
tt5789976,,
tt8433858,,
tt7875948,,
tt6439020,,
tt8332666,,
tt6964562,,
tt8169642,,
tt7598968,,
tt8202020,,
,,
tt1212129,,
tt6664700,,
tt0299372,,
tt6243274,,
tt8581400,,
tt6977338,,
tt5936492,,
tt4353250,,
tt6332276,,
tt8399664,,
tt4916630,,
tt8368512,,
tt5970972,,
tt6233612,,
tt0482672,,
tt3420504,,
tt6151988,,
tt7978672,,
tt9286908,,
tt8760670,,
tt8367814,,
tt8318648,,
tt3696180,,
tt8385148,,
tt1206885,,
tt6678874,,
tt5792656,,
tt5474036,,
,,
tt4374286,,
tt6372694,,
tt7769502,,
tt8045906,,
tt7737786,,
tt7781432,,
tt9074574,,
tt6857040,,
tt6793280,,
tt8431078,,
tt7690100,,
tt8064262,,
tt3909374,,
tt7095476,,
tt8039362,,
tt8231086,,
tt7997256,,
tt7936538,,
tt8430044,,
tt6394270,,
tt30984540,,
tt5670836,,
tt7545266,,
tt8458060,,
tt8497680,,
tt7260848,,
tt6604438,,
,,
tt4360924,,
tt1172070,,
tt8415352,,
tt8087444,,
tt5516404,,
tt8686164,,
tt0247931,,
tt8228172,,
tt7946586,,
tt8686170,,
tt8513082,,
tt8925102,,
tt3305388,,
tt1575507,,
,,
tt8396294,,
tt8020378,,
tt8319098,,
,,
tt8497714,,
tt8522168,,
tt8456396,,
tt4135418,,
tt8074486,,
tt6865694,,
tt9222826,,
tt6131450,,
tt6220752,,
tt8772262,,
tt0259211,,
tt1625547,,
tt1294135,,
tt7544954,,
tt1606265,,
tt6224502,,
tt8490686,,
tt7752126,,
tt0254836,,
tt7833124,,
tt6379968,,
tt6547170,,
tt0235653,,
tt8976728,,
tt10227322,,
,,
tt0279337,,
tt8466726,,
tt8312392,,
tt3833480,,
tt5834576,,
tt0317809,,
tt7428820,,
tt7188978,,
tt7284202,,
tt1798632,,
tt8707374,,
tt7776830,,
tt8110966,,
tt8663516,,
tt8749074,,
tt6796284,,
tt7939428,,
tt8435002,,
tt8266310,,
tt0254394,,
tt8661880,,
tt10143762,,
tt0319653,,
tt0246912,,
tt0315754,,
,,
tt8688634,,
tt8706238,,
tt6348410,,
tt0088442,,
tt6398184,,
tt8555248,,
tt8300786,,
tt8694374,,
tt8634202,,
tt8634192,,
tt8587650,,
tt8364446,,
tt8301054,,
tt8425058,,
tt8693348,,
tt4237208,,
tt8760708,,
tt8498352,,
tt2165922,,
tt0180854,,
tt5433114,,
tt7587876,,
tt8708304,,
tt7546158,,
,,
tt4481066,,
tt8707922,,
tt8745960,,
tt7881542,,
tt8233874,,
tt8726554,,
tt9072352,,
tt8792898,,
tt0059354,,
tt8795582,,
tt2467700,,
tt7513016,,
tt8947034,,
tt8784956,,
tt8514690,,
tt8045978,,
tt8184388,,
tt8080578,,
tt8750664,,
tt6659930,,
tt6337816,,
tt8594624,,
,,
tt5503686,,
tt7307136,,
tt0350813,,
tt8744608,,
tt8748766,,
tt3503068,,
tt0234003,,
tt6943854,,
tt8426594,,
tt6437870,,
tt10182822,,
tt14034614,,
tt8387376,,
tt7319486,,
tt3339680,,
tt8489884,,
tt6043142,,
tt8305692,,
tt0130643,,
,,
tt7165292,,
tt5068162,,
tt6841812,,
tt7066546,,
tt8826626,,
tt8351424,,
tt7116712,,
tt8589788,,
tt0072642,,
tt0087434,,
tt5149490,,
tt8883524,,
tt0175608,,
tt4807378,,
tt0439499,,
tt1252292,,
tt8453538,,
tt6256978,,
tt7010318,,
tt6327846,,
tt9121906,,
tt9130508,,
tt6269368,,
tt8989874,,
tt5335244,,
tt7194616,,
tt8653894,,
tt8338762,,
tt6910670,,
tt7414302,,
tt8272218,,
tt7455076,,
tt8883492,,
tt8946378,,
tt7843026,,
tt7422822,,
tt0393941,,
tt8863322,,
tt8989870,,
tt0430568,,
tt0468785,,
tt0215529,,
tt7682382,,
tt11366234,,
tt7374952,,
tt5073642,,
tt9014006,,
tt8883456,,
,,
tt8623904,,
tt8498184,,
tt8022676,,
tt8974850,,
tt9028802,,
tt8990334,,
tt8884430,,
tt8732914,,
tt9033712,,
tt9033632,,
tt9028784,,
tt9033634,,
tt9033636,,
tt9032562,,
tt9028856,,
tt9028866,,
tt9028872,,
tt9028880,,
tt9028890,,
tt9033640,,
tt9033308,,
tt9029324,,
tt9033646,,
tt6776642,,
tt9128686,,
tt4318696,,
tt7235038,,
tt8041006,,
tt5431284,,
tt8884906,,
tt13309656,,
tt8986096,,
tt9072202,,
tt6383494,,
tt10021622,,
tt0089959,,
tt0315487,,
tt7972178,,
tt9168384,,
tt9081930,,
tt9658388,,
tt9103602,,
tt9028632,,
tt8422146,,
tt9087578,,
tt2355603,,
tt6889128,,
tt9099102,,
tt14773236,,
tt5246902,,
tt8809652,,
tt1890370,,
tt2233979,,
tt8710040,,
tt9174388,,
tt4427800,,
tt1838556,,
tt9083646,,
tt7049542,,
tt8883498,,
tt9134216,,
tt9103028,,
tt9093130,,
tt0069313,,
tt9147456,,
tt4694366,,
tt8420670,,
tt9168416,,
tt9202096,,
tt9185206,,
tt5795142,,
tt8710596,,
tt7609514,,
,,
tt9098208,,
tt8941316,,
tt1323568,,
tt9206798,,
tt9231040,,
tt7967846,,
tt9047392,,
tt1200263,,
tt9173264,,
tt0113031,,
tt9243804,,
tt7477236,,
tt2158827,,
tt8753660,,
tt4188180,,
tt9327424,,
tt6737494,,
tt9270362,,
tt6803170,,
tt9217660,,
tt9591824,,
tt3717822,,
tt7563968,,
tt6709502,,
tt4461960,,
,,
tt10327074,,
tt8746310,,
tt9202102,,
tt9280680,,
tt8354006,,
tt8322908,,
tt7475206,,
tt8255452,,
tt0139581,,
tt8583694,,
tt8368394,,
tt5577494,,
tt9352926,,
,,
tt8531560,,
tt9173436,,
tt8395220,,
tt9362930,,
tt7549618,,
tt8015444,,
tt9358250,,
tt9319880,,
tt8879666,,
tt9358196,,
tt8703882,,
tt9217716,,
tt2943178,,
tt9342534,,
tt8342680,,
tt7097722,,
tt9178064,,
tt9411866,,
tt8975028,,
tt5144174,,
tt9165824,,
tt5757874,,
tt9148706,,
tt9173364,,
tt8404256,,
tt9452652,,
tt8548282,,
tt6644632,,
tt7970544,,
tt9354674,,
tt6045924,,
tt10374438,,
tt4614362,,
tt7963996,,
tt9011176,,
tt9287492,,
tt9534518,,
tt9323966,,
tt9556730,,
tt9556756,,
tt9221510,,
tt2499358,,
tt8769300,,
tt8142712,,
tt11727052,,
tt8665816,,
tt9476490,,
tt9466236,,
tt4193072,,
tt9376172,,
tt7587282,,
tt9000302,,
tt9618280,,
tt7221772,,
tt4675974,,
tt8599904,,
tt9350934,,
tt7329642,,
tt9662980,,
,,
tt10943226,,
tt7947624,,
tt8368408,,
tt9203832,,
tt9567548,,
tt10147720,,
tt9165642,,
tt8873842,,
tt8000718,,
tt7831358,,
tt8740778,,
tt9638532,,
tt9556850,,
tt9552488,,
tt9760514,,
tt8108214,,
tt8660788,,
tt8906022,,
tt8558952,,
tt6800268,,
,,
tt10441958,,
tt9606374,,
tt7605702,,
tt9632590,,
tt8212958,,
tt8234892,,
tt14773800,,
tt9067182,,
tt8230872,,
tt8484012,,
tt9016016,,
tt8260044,,
tt9652782,,
tt8228884,,
tt2791334,,
tt10942332,,
tt7275830,,
tt8652584,,
tt6722726,,
tt9602544,,
tt9617570,,
tt0310886,,
tt9572006,,
tt9679608,,
tt8096842,,
tt6047374,,
tt1504407,,
tt0779746,,
tt9695612,,
,,
tt7390646,,
tt7558572,,
tt9018542,,
tt7493710,,
tt3215824,,
tt8875992,,
tt8664050,,
tt7343740,,
tt9694312,,
,,
,,
tt7188410,,
tt9226576,,
tt9703854,,
tt11551664,,
tt11815960,,
tt8133516,,
tt8690510,,
tt0332170,,
tt9026184,,
tt9135004,,
tt7170858,,
tt8998220,,
tt9758270,,
tt6502106,,
tt9747392,,
tt8587730,,
tt8850222,,
tt9794314,,
tt0498748,,
tt8558290,,
tt10800758,,
tt9738784,,
tt4876134,,
tt8310924,,
tt1925493,,
tt7468512,,
tt9077876,,
tt5689056,,
tt0291738,,
tt9814988,,
tt7608380,,
tt0215838,,
tt0292062,,
tt0215844,,
tt8832052,,
tt0269699,,
tt7524444,,
tt0269462,,
tt0292091,,
tt8769828,,
tt8191944,,
tt9876822,,
tt9759926,,
tt9759918,,
tt9759938,,
tt0275535,,
tt10341248,,
,,
tt9844522,,
tt2397461,,
tt9053916,,
tt7884086,,
tt7214954,,
tt0247915,,
tt9697780,,
tt7520746,,
tt8491220,,
tt8784884,,
tt8262592,,
,,
tt7311036,,
tt9442842,,
tt9026524,,
tt8816194,,
tt9783876,,
tt9876408,,
tt9876418,,
tt8665682,,
tt9281008,,
tt1585254,,
tt8243908,,
tt9800076,,
tt9182964,,
tt9803152,,
tt8892852,,
,,
tt10003008,,
tt6157542,,
tt3122196,,
tt4843040,,
tt5436698,,
tt8784388,,
tt6012380,,
tt3804810,,
tt8782974,,
tt3390600,,
tt7624840,,
tt8156962,,
tt0057356,,
tt10084394,,
tt10218664,,
tt11006950,,
tt7188014,,
tt8917170,,
tt9275046,,
tt9876426,,
tt9759864,,
tt9703326,,
tt9759872,,
tt9001652,,
tt10656188,,
tt14618008,,
tt9395794,,
tt4685762,,
tt8594680,,
tt10095582,,
,,
,,
,,
tt8924846,,
tt7849576,,
tt0155106,,
tt7394674,,
tt14283564,,
tt9260446,,
tt11107074,,
tt7871054,,
tt8459444,,
tt6539992,,
tt7177250,,
tt10291544,,
tt8242084,,
tt2452150,,
tt7569226,,
tt10011412,,
tt7424930,,
tt6862538,,
tt0028422,,
tt10156426,,
tt0053052,,
tt9853992,,
,,
tt9177092,,
tt4205896,,
tt9822254,,
tt10189570,,
tt10228590,,
tt10244894,,
tt10244898,,
,,
tt10136826,,
tt10136840,,
tt10136854,,
tt10136864,,
tt11905962,,
tt1830643,,
tt9537532,,
tt10192406,,
tt10135170,,
tt8667334,,
tt8637440,,
tt10008784,,
tt10166642,,
tt9801736,,
tt5117326,,
tt10225288,,
tt8714856,,
tt0078985,,
tt4848430,,
tt10011226,,
tt8480678,,
tt9664108,,
tt10268488,,
,,
,,
tt5834410,,
tt9009826,,
tt8521460,,
tt5919756,,
tt9719256,,
tt9048786,,
tt10267396,,
tt10279362,,
tt9144756,,
tt6490930,,
tt9428190,,
tt6834916,,
tt9635616,,
tt8746226,,
tt9247926,,
tt7311546,,
tt1460015,,
tt7156618,,
tt9386068,,
tt9812962,,
tt0359213,,
tt10331828,,
tt10801398,,
tt8465862,,
tt7769346,,
tt7370952,,
tt8582458,,
tt5723056,,
tt9883996,,
tt5514604,,
tt9777092,,
tt10136902,,
tt10136884,,
tt10136908,,
tt10244900,,
tt0082071,,
tt0125556,,
tt0097466,,
tt10098414,,
tt0361904,,
,,
tt10136898,,
tt10380706,,
tt8008948,,
tt9203190,,
tt9760234,,
tt10289350,,
tt9741310,,
tt8920490,,
tt6363416,,
tt10335986,,
tt4059460,,
tt10218674,,
,,
tt10203286,,
tt8305806,,
tt9049042,,
tt10366242,,
tt2158405,,
tt10369966,,
tt2656944,,
tt7643622,,
tt8309494,,
tt10433222,,
tt10443252,,
tt6287796,,
tt11058930,,
tt10451852,,
tt0361770,,
tt9179230,,
,,
tt0155985,,
,,
,,
tt1414477,,
tt6586090,,
tt3843362,,
tt8009906,,
tt10337562,,
,,
tt0309704,,
tt6917500,,
tt2400070,,
tt1416733,,
tt1354036,,
tt8954890,,
tt9382100,,
tt12412888,,
tt29916286,,
tt32055512,,
tt0250745,,
tt0246190,,
tt10687506,,
tt9288740,,
tt21928528,,
tt9572616,,
tt13968794,,
tt1416782,,
tt12246284,,
tt10515988,,
tt11214590,,
tt10803634,,
tt23888758,,
tt9434836,,
tt10963926,,
tt21991654,,
tt9178402,,
tt28057504,,
tt33437460,,
tt32752472,,
tt9780434,,
tt5342784,,
tt15474916,,
tt10195288,,
tt10078772,,
tt21249808,,
tt10580194,,
tt20240826,,
tt10037498,,
tt4789550,,
tt10384404,,
tt10346362,,
tt5328006,,
tt10482504,,
tt7745080,,
tt0112516,,
tt7541106,,
tt10563420,,
tt10556320,,
tt10123698,,
tt8075016,,
tt9760256,,
tt7049178,,
tt10345024,,
tt10369978,,
tt10224134,,
tt10791152,,
tt10715104,,
tt7189446,,
tt9272198,,
tt8474184,,
tt8130558,,
tt9318582,,
tt8699286,,
tt9247314,,
tt9577222,,
tt10814876,,
,,
tt13938338,,
tt10675136,,
tt0319807,,
tt9731598,,
tt9252488,,
tt13721828,,
tt6607558,,
tt10633456,,
tt10343028,,
tt7999850,,
tt9730640,,
tt9730644,,
tt9730648,,
tt21106250,,
tt2140571,,
tt8490598,,
tt10081762,,
tt10720816,,
tt6733446,,
tt10665342,,
tt8419594,,
tt6590978,,
tt10767168,,
tt6692368,,
tt8951692,,
tt0390657,,
tt7737734,,
tt0400830,,
tt10204366,,
tt1583234,,
tt10699362,,
tt5105734,,
tt11079148,,
tt11079116,,
tt10985510,,
tt10681070,,
tt6716912,,
tt10551608,,
tt0926104,,
tt0378820,,
tt0270820,,
tt7832848,,
,,
tt2222052,,
tt8423008,,
,,
tt9537888,,
tt5065322,,
tt0275445,,
tt10709062,,
tt10709058,,
tt10709048,,
tt3572976,,
tt5717194,,
,,
tt10736580,,
,,
tt10793644,,
tt10776598,,
tt10883124,,
tt10793982,,
tt10172550,,
tt10779084,,
,,
tt1523962,,
tt7947604,,
tt8150728,,
tt10638540,,
tt10651668,,
tt8337320,,
tt4070194,,
tt7156898,,
tt6352800,,
tt5738152,,
tt12753120,,
tt8995218,,
tt6270640,,
tt10790884,,
tt1318050,,
tt9894018,,
,,
tt11015752,,
tt9598214,,
tt5693182,,
tt10133224,,
tt8482584,,
tt12182416,,
tt10851684,,
tt10879308,,
tt11283990,,
tt10300174,,
tt10053944,,
tt10298896,,
tt10210182,,
tt10345022,,
tt10627564,,
tt10493490,,
tt9747440,,
tt10344956,,
tt10344986,,
tt10345008,,
tt10553910,,
tt9747450,,
tt11252248,,
,,
tt6249600,,
tt4950508,,
tt10396138,,
tt9099800,,
,,
tt10235718,,
tt10791618,,
tt10782366,,
tt9000224,,
tt10964214,,
tt10768278,,
tt10650610,,
tt10768410,,
tt10082950,,
tt8524650,,
tt6285944,,
tt1358145,,
tt10667026,,
tt6842770,,
tt0243505,,
tt10890044,,
tt10929864,,
,,
,,
tt0244182,,
,,
tt4029412,,
tt10323676,,
tt9663896,,
tt7615068,,
tt1095494,,
tt10533804,,
tt8490100,,
tt10922658,,
tt9742794,,
tt9844368,,
tt10520800,,
tt0231828,,
tt10524364,,
tt9110170,,
tt2353824,,
tt3737840,,
tt10935560,,
tt10571920,,
tt10936658,,
tt10926350,,
tt10768328,,
tt10768312,,
tt10921042,,
tt11193190,,
tt10922632,,
tt10925460,,
tt11100776,,
tt10952042,,
tt10768456,,
tt11363582,,
tt10887504,,
,,
tt10887492,,
tt10922620,,
tt11171322,,
tt11151688,,
tt10768208,,
tt10768348,,
tt8416396,,
tt11272506,,
tt15679400,,
tt7201744,,
tt10803786,,
tt8005118,,
tt5713856,,
tt10984588,,
tt1285146,,
tt10843306,,
tt9419056,,
tt10999120,,
tt10776270,,
tt9352178,,
tt10584730,,
tt0417131,,
tt9364966,,
tt0171884,,
tt11054164,,
,,
tt11010272,,
tt0207320,,
tt10009148,,
tt11020728,,
tt9010462,,
tt11003218,,
,,
tt1001520,,
tt3415204,,
tt8363638,,
tt7951038,,
tt0242576,,
tt7058828,,
tt7541430,,
tt8910924,,
tt11618536,,
tt10127490,,
tt8783262,,
tt11083552,,
tt9202550,,
tt2273024,,
tt3197176,,
,,
tt10925434,,
tt10553210,,
tt9759888,,
tt9759894,,
tt10952782,,
tt6843446,,
tt10353588,,
tt11138512,,
tt7593298,,
,,
tt2201261,,
tt4460044,,
,,
tt10890570,,
tt10937670,,
tt10613002,,
tt11188624,,
tt7871338,,
tt11169050,,
tt11091480,,
tt10442096,,
tt10481792,,
tt10165624,,
tt6967162,,
tt11060704,,
tt10383902,,
tt9347106,,
tt10642244,,
,,
,,
tt10298432,,
tt10925842,,
tt4761112,,
,,
tt11046788,,
tt10334148,,
,,
tt0481573,,
tt11204094,,
tt3093624,,
tt0155370,,
tt6079772,,
tt6272854,,
,,
tt11245972,,
tt5884796,,
tt9689696,,
tt11240348,,
tt7888650,,
,,
tt10520080,,
tt3917506,,
tt10314548,,
tt8611746,,
tt9450768,,
tt11291262,,
tt3563764,,
tt10920376,,
tt10955148,,
tt9495690,,
tt11358390,,
tt10449554,,
tt11274564,,
tt10984206,,
tt15282378,,
,,
tt14458798,,
tt31458010,,
tt9820556,,
tt10831086,,
,,
tt30487756,,
tt11142536,,
tt11140488,,
tt27010338,,
tt18298074,,
tt13506526,,
tt23872640,,
tt19623240,,
tt11198810,,
tt29476448,,
tt14013772,,
tt10334222,,
tt19770238,,
tt29344903,,
tt33113532,,
tt28548020,,
tt11356922,,
tt7873348,,
tt10441822,,
tt11394188,,
tt11388990,,
tt10661180,,
tt8332802,,
tt10126434,,
tt11380884,,
tt10794834,,
tt11095742,,
tt11394318,,
tt7693316,,
tt8192058,,
tt5858752,,
tt11093266,,
tt11459366,,
tt0257385,,
tt9578428,,
tt10846772,,
tt9239818,,
tt9834506,,
tt10938564,,
tt10118110,,
tt11758900,,
tt2549256,,
tt8316568,,
tt9149946,,
tt10926320,,
tt11466222,,
tt9737798,,
tt9695308,,
tt11439610,,
tt10297640,,
tt11439618,,
tt11024972,,
tt4682900,,
tt10768536,,
tt14590650,,
tt11679948,,
tt9543238,,
tt9663982,,
tt10934240,,
tt9760202,,
tt2282825,,
tt4627618,,
tt9691324,,
tt9806370,,
tt9207700,,
tt8737608,,
tt10639214,,
tt9850344,,
tt10011228,,
tt8128276,,
tt9823562,,
tt11390878,,
tt4028464,,
tt12680508,,
tt1879016,,
tt10709020,,
tt11274306,,
tt11662610,,
tt11421396,,
tt10606866,,
tt11548822,,
tt11559472,,
tt5752346,,
tt10372548,,
,,
,,
,,
,,
,,
tt7580760,,
,,
tt10530816,,
tt12045720,,
tt10353866,,
tt10676158,,
tt8237272,,
tt11469196,,
tt9174746,,
tt8826554,,
tt0187484,,
tt10341034,,
tt7892450,,
tt9702698,,
tt9448932,,
tt11615290,,
tt11634288,,
tt11628854,,
tt10540628,,
tt2613766,,
tt11692010,,
tt11466194,,
tt0257383,,
tt6048638,,
tt0412816,,
,,
tt11551636,,
tt6763778,,
tt15791574,,
,,
tt8354752,,
tt7233106,,
tt11647104,,
tt1264114,,
tt10776654,,
tt10714138,,
tt11288504,,
tt10365998,,
tt9803706,,
tt10519052,,
,,
tt10777644,,
tt9068272,,
tt1708410,,
tt11700260,,
tt2890616,,
tt10798072,,
tt0305373,,
tt3554938,,
tt6923892,,
tt11701774,,
tt11252440,,
tt5114840,,
tt10120472,,
tt6242220,,
tt9738400,,
tt11760792,,
tt0282452,,
tt1149252,,
tt11804152,,
tt7822758,,
tt11798038,,
tt8924844,,
tt11379322,,
tt11379280,,
tt11762114,,
tt0187441,,
,,
tt11947282,,
tt9078338,,
tt10196440,,
tt8219656,,
tt7643206,,
tt6611100,,
tt12485966,,
tt0165369,,
tt11832046,,
tt6523526,,
tt10734864,,
tt11909328,,
tt9271672,,
tt11656836,,
tt11686346,,
tt14941698,,
tt6914518,,
tt1764728,,
tt0257409,,
tt2087689,,
tt3709380,,
tt21915564,,
tt5984744,,
tt11348950,,
tt11808612,,
tt8531658,,
tt4649592,,
tt10442666,,
tt10449052,,
tt11532922,,
tt11906472,,
tt0235963,,
tt10485690,,
tt5821728,,
tt8945942,,
tt7858400,,
tt0355753,,
tt8737124,,
tt0135168,,
tt10229558,,
tt10262380,,
tt6187134,,
tt11790378,,
tt12065312,,
tt12943128,,
tt11686340,,
tt11686304,,
tt11686326,,
tt13236334,,
tt11762434,,
tt0397277,,
,,
tt9741180,,
,,
tt11788956,,
,,
tt9894070,,
tt11307724,,
tt10461740,,
tt11976532,,
tt13328800,,
tt7622584,,
tt12113360,,
tt7309234,,
,,
tt1579591,,
tt8698634,,
tt10505468,,
tt12223620,,
,,
tt12312024,,
tt7535290,,
tt13727438,,
tt4906132,,
tt10283222,,
tt6713424,,
tt12036096,,
tt7847002,,
tt0254354,,
tt0051708,,
tt11102268,,
tt12062086,,
tt0253667,,
tt0408268,,
tt0353611,,
tt0481121,,
tt10023022,,
,,
tt0353933,,
tt10302982,,
tt11864126,,
tt10098482,,
tt10998174,,
tt10783168,,
tt11047912,,
,,
tt12121582,,
tt13514468,,
,,
tt6633152,,
tt0274093,,
,,
tt12266516,,
,,
tt0357834,,
tt4765928,,
,,
tt11905698,,
tt10346016,,
tt10196012,,
tt6081620,,
tt5244812,,
tt3323862,,
,,
tt0323163,,
tt7416032,,
tt11777510,,
tt7629818,,
tt7830014,,
tt7838654,,
tt6947700,,
,,
,,
tt0176313,,
tt7860344,,
tt8784618,,
tt11905972,,
tt6303094,,
tt6845748,,
tt3097396,,
tt11836852,,
tt0090645,,
tt0154206,,
tt12188220,,
tt0355642,,
tt7333982,,
,,
tt0369202,,
tt8929142,,
tt11656800,,
tt8545636,,
tt10388028,,
tt11365186,,
tt0260416,,
tt7661376,,
,,
tt9343158,,
,,
tt0833482,,
tt12311866,,
tt4170972,,
tt9683802,,
tt12264166,,
tt9471816,,
tt11212172,,
tt11423420,,
tt6440788,,
tt8447170,,
tt4566244,,
tt0231509,,
tt11232848,,
tt11250246,,
tt10163140,,
tt8860792,,
tt10941890,,
tt12274228,,
tt1579736,,
,,
tt7403772,,
tt12877966,,
,,
tt11859524,,
,,
tt13188312,,
tt9100018,,
tt11046734,,
tt11046746,,
tt12238602,,
tt5184530,,
tt10944596,,
tt11867738,,
tt6874762,,
tt10469804,,
tt4636134,,
tt3977454,,
tt11369288,,
tt3766798,,
tt2014409,,
tt0355654,,
tt10619332,,
tt11242340,,
tt10692788,,
tt8043434,,
tt12844834,,
tt12498060,,
,,
,,
tt12547822,,
tt12531856,,
tt11040762,,
tt12260200,,
,,
tt9419976,,
tt0242301,,
tt13063384,,
tt11791146,,
tt3180664,,
tt6802154,,
tt13099852,,
tt12530246,,
,,
tt8810394,,
,,
tt12545566,,
tt13507778,,
tt12453124,,
tt12572040,,
tt11454670,,
tt0333718,,
tt0319711,,
tt9742392,,
tt8477134,,
tt12573454,,
tt11271038,,
tt11576124,,
tt9102084,,
tt0458891,,
tt12229370,,
tt10957044,,
tt10098448,,
tt12680676,,
tt8764358,,
tt11540468,,
tt11272898,,
tt8980602,,
,,
,,
tt15174958,,
tt12192190,,
tt0466555,,
tt0258871,,
tt11060626,,
tt2076356,,
tt0237036,,
tt10958326,,
tt11014390,,
tt9765840,,
tt11245776,,
tt12587514,,
tt12226872,,
tt11916012,,
tt11707320,,
tt11740766,,
,,
tt7502220,,
tt12718300,,
,,
tt12651094,,
tt11697484,,
tt16090596,,
tt11656172,,
tt12038420,,
tt10945328,,
tt10158688,,
,,
tt12724054,,
tt12691734,,
tt12972410,,
tt12660882,,
tt12739938,,
tt6164040,,
,,
tt13341400,,
tt12758060,,
tt10148118,,
tt11609524,,
tt12611618,,
tt0675194,,
tt3323896,,
tt7638556,,
,,
tt6716908,,
tt11778118,,
tt12789540,,
tt11388822,,
tt11634332,,
tt12550060,,
tt12801356,,
tt12801814,,
tt8461042,,
tt12801326,,
tt11399362,,
tt10994086,,
tt0353478,,
tt12032280,,
,,
tt12457264,,
tt13942226,,
tt12756656,,
tt12889404,,
,,
tt12735282,,
,,
tt9868158,,
tt12837478,,
,,
,,
tt10473358,,
,,
tt0779523,,
tt26693313,,
tt10637766,,
,,
tt6768582,,
tt12571420,,
tt11821894,,
tt13085592,,
tt11686316,,
tt5157426,,
tt6208864,,
tt12076518,,
tt12901944,,
tt12137964,,
tt12825632,,
tt3281206,,
tt9730696,,
tt9248052,,
tt12636872,,
tt7881834,,
,,
tt11760236,,
tt11966138,,
tt0079646,,
tt11423854,,
tt12682144,,
tt13057170,,
tt12773628,,
tt12877642,,
tt12557978,,
tt12766346,,
tt11847642,,
tt12822926,,
tt13350688,,
tt13040330,,
tt13342004,,
tt13344860,,
tt13356246,,
tt13357258,,
tt13356044,,
tt10739086,,
tt0080954,,
tt10157456,,
tt9222438,,
tt5748448,,
tt9422682,,
,,
tt11804200,,
tt11453082,,
tt7985704,,
,,
tt11318664,,
tt7131704,,
tt8206880,,
tt11698800,,
tt0049412,,
tt12986260,,
tt8590528,,
tt11050398,,
tt10508082,,
tt12316630,,
tt9561478,,
tt11160954,,
tt9751002,,
,,
tt11056910,,
tt10772662,,
tt11859634,,
,,
,,
tt13226968,,
tt13605638,,
tt7853194,,
tt0675297,,
tt16737200,,
tt11844502,,
tt7297994,,
tt13107908,,
tt12590534,,
tt9875128,,
tt13115128,,
,,
tt8941380,,
tt7917178,,
tt13189798,,
tt15491454,,
tt12849168,,
tt11947100,,
tt2657292,,
tt13134270,,
tt13446168,,
tt13381368,,
tt13192538,,
tt13267034,,
tt13341414,,
tt13341408,,
tt13341432,,
tt12950902,,
tt13109730,,
tt13206476,,
tt13194940,,
tt13097858,,
tt13169850,,
tt13341848,,
tt13197624,,
tt13320784,,
tt13273744,,
tt13342190,,
tt12708658,,
tt13243610,,
tt10516322,,
tt13341592,,
tt13246926,,
tt13342118,,
tt13342238,,
,,
tt8102806,,
tt12971924,,
tt14230388,,
tt10332690,,
tt1821560,,
tt5607098,,
tt6258812,,
tt11045566,,
,,
tt9370232,,
tt13138420,,
tt13034846,,
tt11650404,,
,,
tt5313772,,
tt12389030,,
tt9690756,,
tt12965420,,
tt8211476,,
tt12930750,,
tt9109072,,
,,
,,
,,
tt2716976,,
tt13921264,,
tt11738830,,
,,
tt13093506,,
tt7662118,,
tt13007444,,
tt0332561,,
tt12860964,,
tt11379362,,
tt11906024,,
tt13320622,,
tt13259610,,
tt7776712,,
tt12689248,,
tt13287846,,
tt14867006,,
tt13262362,,
,,
tt11399896,,
tt5151570,,
tt11905748,,
tt5624466,,
tt12410260,,
tt11707848,,
tt0309289,,
,,
,,
,,
tt13779520,,
tt14773954,,
tt13286622,,
tt13110658,,
,,
tt12609058,,
tt0278796,,
tt13353386,,
tt12979636,,
tt12986254,,
tt0247174,,
tt9024834,,
tt10852686,,
tt12146546,,
tt8908240,,
tt14550642,,
tt12447796,,
tt14039582,,
tt2725170,,
tt1441310,,
tt10103028,,
tt6668220,,
tt2226162,,
tt10269684,,
tt9752248,,
tt13560574,,
tt10427030,,
tt13468602,,
tt10267408,,
tt13097932,,
tt6154342,,
tt13200822,,
tt6506264,,
tt9314984,,
tt13365752,,
,,
tt8836772,,
,,
,,
tt13641244,,
tt12496706,,
,,
tt6906292,,
,,
tt8552834,,
tt9686350,,
tt11368686,,
tt10837932,,
tt13349678,,
tt13265876,,
tt13515686,,
tt3876910,,
tt8764942,,
tt13133936,,
tt11810050,,
tt13877440,,
tt13431752,,
tt13207508,,
tt14303400,,
tt12146588,,
tt13483866,,
tt0252090,,
tt13575952,,
tt10562716,,
tt13456976,,
tt13017992,,
tt11053476,,
tt14462970,,
tt6886574,,
tt12618926,,
tt13496236,,
tt10661710,,
tt12938760,,
,,
tt14691034,,
tt10712928,,
tt0834061,,
tt12744120,,
tt11464730,,
tt13471088,,
tt13544716,,
tt13535920,,
tt0148519,,
tt8112008,,
tt12351350,,
tt13444348,,
tt13363828,,
tt0945604,,
tt12932534,,
tt1021778,,
tt13403782,,
tt11261830,,
tt0271564,,
tt1620581,,
tt13357738,,
tt10055058,,
,,
tt10406596,,
tt13084756,,
tt11718516,,
,,
tt9185128,,
tt10660510,,
tt13635702,,
tt12065192,,
tt13051800,,
tt13389538,,
tt6923880,,
tt13392012,,
tt13546440,,
,,
,,
tt0129766,,
,,
tt12816728,,
tt13585406,,
tt13365786,,
tt13606088,,
tt11400902,,
tt13522710,,
tt13605268,,
tt13606142,,
tt13606148,,
tt15004078,,
tt18272852,,
tt13648224,,
tt10366460,,
tt13559026,,
tt11160650,,
tt11285280,,
tt5722136,,
tt8710506,,
tt13567374,,
tt13648228,,
tt10928086,,
tt11892482,,
tt11328762,,
tt13872248,,
tt13098300,,
tt13669038,,
tt0775532,,
tt6173712,,
,,
tt12814440,,
,,
tt13555862,,
tt13897490,,
tt12899520,,
tt13345816,,
tt13357086,,
tt13887620,,
tt13888054,,
tt13845504,,
tt13843828,,
tt13839188,,
tt13842628,,
tt12567442,,
tt13694706,,
tt13526016,,
tt10945288,,
,,
tt13583974,,
tt0351401,,
,,
,,
,,
tt11897340,,
tt7383268,,
tt11212572,,
tt10413092,,
tt13246824,,
tt11274404,,
tt9759902,,
tt10510280,,
tt13827742,,
tt11348956,,
tt13737848,,
tt13831504,,
tt12529748,,
tt11686354,,
tt13807318,,
tt13893970,,
tt13893668,,
tt13914276,,
tt13833688,,
tt11423828,,
tt19652910,,
tt11908982,,
tt13081358,,
tt8955940,,
tt13247662,,
tt13430932,,
tt7211648,,
tt0051340,,
tt11651894,,
,,
tt13729232,,
tt13191004,,
tt11505692,,
tt2946948,,
tt9274670,,
tt13863654,,
tt13515258,,
tt7326608,,
tt8907932,,
tt9861480,,
tt15052172,,
tt10755608,,
tt11651946,,
tt11657388,,
tt11657402,,
tt14599028,,
tt9320140,,
tt18816518,,
,,
tt13905240,,
,,
,,
tt7227972,,
,,
tt13516500,,
tt13923216,,
tt13968674,,
tt13874422,,
tt14012034,,
tt14200784,,
tt10831486,,
tt9373688,,
,,
tt13882736,,
tt13497900,,
tt13582526,,
tt14039028,,
tt13732354,,
tt13110420,,
tt14039046,,
tt13972476,,
tt13357264,,
tt14149740,,
tt13435750,,
tt11366736,,
tt13829262,,
tt5322004,,
tt13880104,,
tt13893190,,
tt0425385,,
tt12539024,,
,,
tt3885422,,
tt8137454,,
tt11188422,,
tt10738906,,
tt14107648,,
tt14149826,,
,,
tt14043828,,
tt14035048,,
tt13087796,,
tt6767728,,
tt13775584,,
tt10887358,,
tt14039078,,
,,
tt0353875,,
tt11454320,,
tt12637024,,
tt9657076,,
tt1465488,,
,,
tt13646412,,
tt4907260,,
,,
tt13694628,,
tt13603172,,
tt7413600,,
tt4061620,,
tt13806164,,
tt9352356,,
tt5652594,,
tt13521006,,
tt14200814,,
tt11368252,,
tt8002382,,
tt7649558,,
,,
tt7687372,,
tt16677162,,
tt14192916,,
tt14376566,,
tt15575470,,
tt0404492,,
tt7575118,,
tt14114802,,
tt13074056,,
tt12536348,,
tt12824978,,
tt14181816,,
tt13430858,,
tt9288692,,
tt13428142,,
tt14109724,,
tt11692070,,
tt7975192,,
tt13269536,,
tt15678802,,
tt14171544,,
tt8001026,,
,,
tt6064522,,
tt12311620,,
tt11296142,,
tt8521778,,
tt2759766,,
tt26344848,,
,,
tt14829580,,
tt0319623,,
tt11348232,,
tt8490860,,
tt26255358,,
tt6953438,,
tt14361426,,
tt14209916,,
,,
tt12838798,,
tt13528248,,
tt14229154,,
tt13826702,,
tt13956548,,
tt1606168,,
tt13110808,,
tt0317444,,
tt14458442,,
tt14016272,,
tt12546872,,
tt13528840,,
,,
tt5859970,,
tt14821150,,
tt12921446,,
tt13932304,,
tt13468436,,
tt12004038,,
tt0379688,,
tt6004438,,
tt14270702,,
tt13452610,,
tt1844676,,
tt14549712,,
tt14695276,,
tt14757296,,
tt14605426,,
tt14376526,,
tt0489530,,
,,
tt13923456,,
tt9038678,,
tt0186823,,
tt0971346,,
tt14429000,,
tt12882656,,
tt10189536,,
tt14061022,,
tt4624366,,
tt14372240,,
tt11052678,,
tt14444018,,
,,
,,
tt0279043,,
tt9322950,,
tt11431780,,
tt10601552,,
,,
tt0273053,,
tt10974674,,
tt11311754,,
tt13570052,,
tt13624790,,
tt0276628,,
tt16252664,,
tt0447196,,
,,
,,
tt13031460,,
,,
,,
,,
tt14376344,,
tt14621744,,
tt14403496,,
tt1020544,,
,,
tt13503500,,
tt14488126,,
tt15134734,,
tt10410506,,
tt12483148,,
,,
tt13863334,,
,,
tt14444726,,
tt9145518,,
tt13510312,,
tt11388416,,
tt14460998,,
tt11827628,,
tt12764038,,
tt14449392,,
tt9856574,,
tt14641148,,
,,
tt12244694,,
tt13931092,,
tt14477372,,
tt10005688,,
tt0449922,,
tt1227152,,
tt4839786,,
tt0154589,,
tt0378177,,
tt0371809,,
tt0232276,,
tt0262703,,
tt2437560,,
tt2619696,,
tt0424489,,
tt9376752,,
tt0963204,,
,,
tt11379380,,
tt11703710,,
tt14736144,,
tt14489988,,
tt9145532,,
tt13846540,,
tt13066182,,
,,
,,
tt3982212,,
tt11175956,,
tt12262324,,
,,
tt13501774,,
tt13716060,,
tt11304504,,
tt11131464,,
tt3890456,,
tt9340892,,
tt14500264,,
tt14472156,,
tt14081864,,
tt4829936,,
tt11136662,,
tt11225756,,
tt14622962,,
tt14505430,,
tt11932678,,
tt14507128,,
tt0499182,,
tt0113404,,
,,
tt0368870,,
tt14547524,,
tt21942866,,
tt7527682,,
,,
tt0827765,,
tt0260207,,
tt14060094,,
tt14501740,,
tt11952606,,
tt11525918,,
tt0273450,,
tt11379402,,
tt12703842,,
tt13280304,,
tt2636826,,
tt14850172,,
tt14574560,,
tt11209212,,
tt12708382,,
tt14587370,,
tt14082346,,
tt9739416,,
tt13891980,,
tt14577300,,
tt13649036,,
tt13822824,,
tt14443444,,
tt14596320,,
tt14454016,,
tt10375396,,
tt14621156,,
,,
tt14145426,,
tt13380324,,
tt14642626,,
tt14094276,,
tt9515208,,
tt14552092,,
,,
tt14656632,,
tt10854954,,
tt14486034,,
tt14416044,,
tt1407940,,
tt14145436,,
tt14490832,,
tt14490878,,
,,
,,
tt12449586,,
,,
tt0207090,,
tt14667580,,
tt15449592,,
,,
tt13624242,,
tt14207592,,
tt0263774,,
,,
tt1855924,,
,,
tt11599576,,
tt7606826,,
tt4396508,,
tt13274576,,
tt6101690,,
tt11827282,,
,,
tt14845302,,
tt12104436,,
tt13883320,,
tt4725118,,
tt14617732,,
tt14726510,,
,,
tt1389533,,
tt15940304,,
tt10362566,,
tt11173544,,
tt4890496,,
tt14779306,,
tt14892064,,
tt14784858,,
tt0318438,,
tt14640242,,
tt13495458,,
tt14916734,,
tt14812784,,
tt8434110,,
tt14008268,,
tt14256092,,
,,
,,
,,
,,
tt10160896,,
tt14490908,,
tt1744582,,
tt14790908,,
tt2613286,,
tt14846026,,
tt14809392,,
tt14885506,,
tt14617098,,
,,
tt0134757,,
tt14852624,,
tt7174806,,
tt13352838,,
tt10005864,,
tt10916810,,
tt4827896,,
tt5008256,,
tt16293668,,
tt8957414,,
tt9853500,,
tt10559102,,
tt13622610,,
tt6359454,,
tt14895206,,
tt14618028,,
tt13085836,,
tt14686516,,
tt14895716,,
tt14686544,,
tt14490946,,
tt1462759,,
tt8323668,,
tt14813150,,
tt10601948,,
tt14915904,,
tt7339862,,
tt13149470,,
tt14197038,,
tt0056120,,
tt14030816,,
tt14147550,,
tt14827898,,
,,
tt14418138,,
tt14967618,,
tt15090124,,
tt9731386,,
tt14770620,,
tt14632158,,
tt14951396,,
tt15117586,,
tt10399608,,
tt13064280,,
tt14442328,,
tt12655436,,
tt0267964,,
tt11999966,,
tt15009428,,
tt15010292,,
tt14905650,,
tt11573276,,
tt15012246,,
tt15010478,,
tt14833702,,
tt15202038,,
tt13309978,,
tt15274910,,
tt14074936,,
tt15205728,,
tt13635528,,
tt14921996,,
tt14925556,,
tt14321910,,
tt11465676,,
tt13725040,,
tt14288012,,
tt11687104,,
tt21064584,,
tt14483446,,
tt14811630,,
tt11310608,,
tt11737466,,
,,
tt14336088,,
tt14949302,,
tt15078804,,
tt14617254,,
tt9535160,,
tt15152316,,
tt14471774,,
tt14317880,,
tt9348578,,
tt9340916,,
tt15823126,,
tt11378426,,
tt12628280,,
tt6666116,,
tt14840138,,
tt15445772,,
,,
tt15040500,,
,,
tt14074562,,
tt10306450,,
tt14502376,,
tt15075886,,
tt4960748,,
tt12579120,,
tt12982370,,
tt10430844,,
tt9110804,,
tt12890988,,
tt12427158,,
tt9319826,,
tt14250266,,
tt14489062,,
tt14549988,,
tt11795652,,
tt15079062,,
tt14488426,,
tt14717110,,
tt11851884,,
tt12482898,,
tt10756184,,
tt9085008,,
tt14769324,,
tt12821362,,
tt15040634,,
tt15209944,,
tt15112934,,
tt14913290,,
tt15208950,,
tt14940196,,
,,
tt15196796,,
tt8293590,,
,,
tt11465692,,
tt11833710,,
tt5620978,,
tt14023170,,
tt15209000,,
tt15214710,,
tt15214826,,
tt15214870,,
tt15210256,,
tt13622884,,
tt0277210,,
,,
tt5737388,,
,,
tt10405532,,
tt14348814,,
tt13132030,,
tt11918288,,
tt8702244,,
tt15250656,,
tt15262634,,
tt14035054,,
tt15132736,,
tt13031148,,
tt15268244,,
tt12850216,,
tt19265480,,
tt15393770,,
tt11332484,,
tt1332499,,
tt15331186,,
tt15301000,,
tt13924672,,
tt14818550,,
tt1332605,,
tt14828416,,
tt15215420,,
tt15042590,,
tt6540706,,
tt6540724,,
,,
tt15326988,,
,,
tt15334032,,
tt1606302,,
tt12678146,,
tt15338966,,
tt15339456,,
tt12685032,,
tt14072358,,
,,
,,
,,
,,
,,
,,
,,
,,
,,
,,
tt7817046,,
tt14151720,,
tt7298130,,
tt15106860,,
tt14191916,,
tt15391770,,
tt12807538,,
tt15392020,,
tt11540726,,
,,
,,
tt15471560,,
tt10157670,,
,,
,,
tt15392066,,
tt15732748,,
tt13071366,,
,,
tt15251048,,
,,
,,
,,
tt15691228,,
tt15766640,,
tt15205430,,
tt14459724,,
tt15102772,,
tt15316422,,
tt15348352,,
tt15655480,,
tt15943510,,
tt15758400,,
tt15706104,,
tt15943556,,
tt15463198,,
tt15691922,,
tt15508150,,
tt16365840,,
tt13624384,,
tt14435184,,
tt15485160,,
tt15425920,,
tt15739494,,
tt15758364,,
tt15891306,,
tt15737510,,
tt15943414,,
tt15821582,,
tt17663362,,
tt15565510,,
tt15005868,,
tt16375288,,
tt15251112,,
tt10738020,,
tt10971636,,
tt15426386,,
tt14713796,,
tt14645614,,
tt15205498,,
tt15420960,,
tt15403980,,
tt14704394,,
tt15226096,,
tt0154731,,
tt8000592,,
tt15397946,,
tt15463136,,
tt0048951,,
tt0408735,,
tt14758576,,
tt14917354,,
,,
tt14496854,,
tt13796560,,
tt14935966,,
tt14876294,,
tt14637386,,
tt1354074,,
tt7720142,,
tt15412176,,
tt11700754,,
tt21263500,,
tt14684154,,
tt12673726,,
tt15485002,,
tt15502006,,
tt15484422,,
tt15486810,,
tt13276440,,
tt14416016,,
tt15017900,,
tt14058850,,
tt15235708,,
tt15721028,,
tt16047292,,
tt21331510,,
tt14576760,,
tt15187842,,
tt15364098,,
tt13438628,,
tt13438634,,
tt21228320,,
tt13533406,,
tt4078934,,
tt15565698,,
tt15469092,,
tt14394620,,
tt14946978,,
tt14858054,,
tt11818818,,
tt8765666,,
tt15515260,,
tt15515460,,
tt15553258,,
,,
tt14025212,,
tt10047464,,
tt10696116,,
tt9351788,,
tt14850192,,
tt14971182,,
tt12204476,,
tt15010346,,
tt13201832,,
tt15233326,,
tt8296030,,
tt11941730,,
tt14074586,,
tt6645792,,
tt14577304,,
tt15515750,,
tt14993352,,
tt13550066,,
tt13550090,,
tt14577152,,
tt15821952,,
tt15759958,,
tt15759876,,
tt14661252,,
tt13399946,,
tt12403114,,
tt12283036,,
,,
tt16370300,,
tt14135136,,
tt12788488,,
tt13602526,,
tt14732108,,
tt7888056,,
tt16381430,,
tt11833670,,
tt15724114,,
tt15085416,,
,,
tt15690300,,
tt11992694,,
tt14644126,,
tt16282114,,
tt15829734,,
tt15739902,,
tt16047114,,
tt15353214,,
tt15202636,,
tt8667828,,
tt3569630,,
tt15771916,,
tt15723662,,
tt8923480,,
tt13684314,,
tt15686152,,
tt15686272,,
,,
,,
,,
tt13563892,,
tt15799866,,
tt15768444,,
tt15800236,,
tt14623762,,
tt15822868,,
tt15739130,,
tt13615030,,
tt7988412,,
tt15791296,,
tt10631148,,
tt14390304,,
tt15280960,,
,,
tt15710140,,
tt15017758,,
tt11086286,,
tt15739776,,
tt14950412,,
tt12298140,,
tt14831408,,
tt15829598,,
tt15837338,,
tt16912766,,
tt14849038,,
tt15765412,,
tt14796552,,
tt14932820,,
tt15560806,,
tt15908726,,
tt19783300,,
tt15720718,,
,,
tt8370458,,
tt0338186,,
tt13651204,,
tt15133668,,
tt16030222,,
,,
tt3526430,,
tt13533944,,
tt11927670,,
tt12003946,,
tt13515076,,
tt14732424,,
tt16127696,,
tt13472408,,
tt13022214,,
,,
tt11834320,,
tt21186614,,
,,
tt15422468,,
tt17538510,,
tt15353964,,
tt16282914,,
tt14846930,,
tt9660502,,
tt15429788,,
tt14785638,,
tt14818260,,
tt0272182,,
tt21072006,,
tt15736548,,
,,
tt15788244,,
tt16280138,,
tt8715118,,
tt16429986,,
tt0281067,,
,,
tt14039086,,
tt31841975,,
tt16287754,,
tt15829754,,
tt16287844,,
tt15822830,,
tt16750392,,
tt17524476,,
tt17524492,,
tt19751484,,
tt29352965,,
tt29231347,,
tt29258217,,
tt26658104,,
tt17939566,,
tt15159796,,
,,
tt0177504,,
,,
,,
tt0262801,,
tt0068012,,
tt0096751,,
tt15695764,,
tt16897732,,
tt28661069,,
tt24871974,,
tt19848268,,
tt0307202,,
tt16748022,,
tt16354442,,
tt11503700,,
tt14490594,,
tt15800490,,
tt15450798,,
tt16387050,,
tt15153532,,
tt8653972,,
tt10539260,,
tt14916046,,
tt16402818,,
tt15712118,,
tt16377714,,
tt10580188,,
tt16378298,,
tt10196368,,
tt16377430,,
tt16280912,,
tt13421498,,
tt15206308,,
tt9346816,,
tt15739928,,
tt11197894,,
,,
tt11167860,,
tt16411844,,
tt15239466,,
tt16426066,,
tt12186098,,
,,
tt14725622,,
tt15939340,,
tt15403362,,
,,
tt16317380,,
tt10779254,,
tt16431882,,
tt16092122,,
tt18262158,,
tt15483404,,
tt28213957,,
tt0308821,,
tt18550182,,
tt4117088,,
,,
tt13980542,,
,,
,,
tt14729484,,
tt19316140,,
tt16793260,,
tt16043214,,
tt5772368,,
tt16527290,,
tt13458764,,
tt17277414,,
tt15802082,,
,,
,,
tt26754001,,
tt16966522,,
tt14591028,,
tt13562458,,
tt15290106,,
tt0246229,,
tt14134730,,
tt22180518,,
tt12280196,,
tt14181388,,
tt16799628,,
,,
tt14732330,,
tt15404468,,
tt14809462,,
tt16952820,,
tt14826154,,
tt10509906,,
tt0899269,,
tt0305721,,
tt15560208,,
tt13624480,,
tt17007120,,
,,
tt13808364,,
tt14821406,,
tt18235306,,
tt8954458,,
tt18313970,,
tt0981095,,
tt13389120,,
tt17291716,,
tt17076046,,
tt17058114,,
,,
,,
tt17155284,,
tt18227236,,
tt16491324,,
tt14162418,,
tt15726370,,
,,
,,
tt17200376,,
tt16375964,,
tt0156287,,
tt16764426,,
tt14780124,,
tt10092170,,
tt0377632,,
,,
tt2151944,,
tt17677178,,
tt17489650,,
tt16368898,,
tt15726046,,
tt17502372,,
tt15146646,,
tt18453866,,
tt11000102,,
tt0333725,,
tt16368004,,
tt17490868,,
tt15339570,,
tt14870640,,
,,
,,
tt11648994,,
tt9050310,,
tt15566896,,
tt13991504,,
tt9602472,,
tt12915238,,
tt0155204,,
tt17542540,,
tt17678010,,
tt15095920,,
tt11833408,,
tt11851698,,
tt17677112,,
tt17677714,,
tt17219826,,
tt16995318,,
tt14906708,,
tt17886914,,
tt16968790,,
tt18162096,,
tt18181656,,
tt18180926,,
tt18083578,,
tt16101824,,
,,
tt0246114,,
tt0261760,,
tt15396744,,
tt1811394,,
tt15433482,,
tt13868030,,
tt14544678,,
tt18969496,,
tt3175440,,
tt14824912,,
,,
tt14166170,,
tt5594852,,
tt15038118,,
tt17506016,,
tt11905930,,
tt15210392,,
tt3442644,,
tt12724306,,
tt7130916,,
tt15476366,,
tt0290495,,
tt2720232,,
tt5760178,,
tt10183614,,
tt16532174,,
,,
tt33333942,,
tt3415116,,
tt3415128,,
tt18362708,,
tt10687980,,
tt16294738,,
tt18306248,,
tt8110900,,
tt13153494,,
tt15437786,,
tt11151916,,
tt18079362,,
tt18327788,,
tt4167778,,
tt13497984,,
tt6048442,,
tt4471908,,
tt9172960,,
tt13308110,,
,,
tt26740847,,
,,
tt3101714,,
,,
,,
,,
,,
,,
,,
,,
,,
tt5288196,,
tt7385554,,
tt12876668,,
tt18554942,,
tt6048530,,
tt18375360,,
tt18377806,,
tt0154209,,
tt18560156,,
,,
tt6722400,,
tt14771622,,
,,
tt0357627,,
tt0216104,,
tt17621226,,
tt27414215,,
tt0269964,,
tt1427154,,
tt18885042,,
tt4955044,,
,,
tt18377296,,
tt23635174,,
tt18925334,,
tt0319008,,
tt19316654,,
tt19866966,,
tt17501870,,
tt18071972,,
tt0186805,,
tt13603190,,
tt18923318,,
tt9378692,,
tt17591976,,
tt5250516,,
,,
tt21807222,,
tt15352826,,
tt12545354,,
tt18955596,,
tt16001390,,
tt18247342,,
tt15106604,,
tt15094856,,
,,
tt19056070,,
tt18936580,,
tt13947858,,
tt15743068,,
tt18930366,,
tt15091624,,
tt11806186,,
,,
tt19358360,,
tt19358402,,
,,
tt12070418,,
tt1896747,,
tt20859938,,
tt2275667,,
tt21979910,,
tt0319355,,
tt1340094,,
tt9883832,,
tt8948088,,
tt15568228,,
tt18315972,,
,,
tt11908172,,
tt14781036,,
tt18036574,,
tt14967472,,
tt17023234,,
tt18075790,,
tt19800814,,
,,
tt14909354,,
tt19316404,,
tt19319352,,
,,
,,
tt14412446,,
tt18398908,,
tt18399132,,
tt21913634,,
tt11426228,,
tt16977750,,
tt14777778,,
tt16227002,,
tt3310752,,
tt8752194,,
tt6586044,,
tt5465496,,
tt0243555,,
tt19733952,,
tt19733442,,
tt13434562,,
tt19785338,,
tt19595494,,
tt19760052,,
tt15327014,,
tt12724040,,
tt19800020,,
tt19767550,,
tt12318242,,
tt14543404,,
tt19800944,,
tt19801212,,
,,
tt19465630,,
,,
tt31465592,,
tt18399712,,
,,
tt14939308,,
tt15978042,,
tt11166382,,
tt9699788,,
tt14349100,,
tt3715152,,
tt15052764,,
tt3424816,,
tt20724154,,
tt20114622,,
tt19951082,,
tt20223030,,
tt19890316,,
tt0271396,,
tt17678164,,
tt19721780,,
tt20879602,,
tt16240286,,
tt15039894,,
tt13585304,,
tt20114976,,
tt21810682,,
tt12998016,,
tt13610158,,
tt18077672,,
tt14080416,,
tt11552344,,
tt20222202,,
tt3468380,,
tt12499740,,
,,
tt21405896,,
tt19868710,,
tt22688572,,
,,
,,
tt20225374,,
tt20452218,,
tt19359470,,
tt18335266,,
tt18561446,,
tt18257464,,
tt15845540,,
tt19383190,,
,,
tt20358284,,
tt20414550,,
tt15150190,,
tt23313300,,
tt19887050,,
tt0482676,,
tt11691034,,
tt20600346,,
,,
tt8457782,,
tt15141144,,
tt1580019,,
tt21104158,,
tt14824590,,
tt15732464,,
tt20024428,,
,,
tt18382328,,
,,
,,
,,
,,
,,
,,
tt20123174,,
tt20768712,,
tt15745084,,
tt4684682,,
tt15262370,,
tt11069220,,
tt14791590,,
tt15108234,,
tt20115364,,
tt21058846,,
tt21969154,,
tt19705884,,
tt19883220,,
tt18073066,,
,,
tt11696342,,
,,
tt7390564,,
,,
tt18278322,,
tt0267361,,
,,
tt12992162,,
,,
,,
tt15325794,,
tt20916568,,
tt15289678,,
tt18277394,,
tt13926868,,
tt30259532,,
tt11425254,,
,,
,,
tt19813094,,
,,
tt0269673,,
tt0269110,,
tt20876930,,
tt0257260,,
,,
,,
tt19894774,,
tt8719286,,
tt20562474,,
tt0318541,,
,,
tt21098780,,
,,
tt15211202,,
tt0318516,,
tt0392187,,
,,
tt27049583,,
tt12553046,,
,,
,,
tt0317713,,
tt0333705,,
,,
,,
,,
tt0356210,,
tt20860736,,
tt10168908,,
,,
,,
tt15760080,,
tt0231817,,
tt0268469,,
tt21148452,,
tt15087414,,
tt15174924,,
tt18933868,,
tt21198156,,
tt21221240,,
tt17663776,,
,,
tt21653744,,
tt0355627,,
,,
,,
tt13968380,,
tt21307994,,
,,
tt22667880,,
tt2950478,,
tt9788068,,
tt0354010,,
tt10167006,,
tt0154642,,
,,
tt14132588,,
tt14807000,,
tt15895490,,
tt21222462,,
tt8563992,,
tt15245390,,
tt15441472,,
tt18361702,,
tt21284358,,
tt21298582,,
tt20805164,,
,,
,,
,,
,,
tt26612950,,
,,
,,
,,
,,
tt21247214,,
tt23112636,,
tt13260630,,
tt15693760,,
tt21298322,,
tt13070250,,
tt8889818,,
tt15307448,,
tt9471654,,
tt21283490,,
tt22023926,,
tt22023920,,
tt22779352,,
tt23049322,,
tt18939056,,
tt21193618,,
tt11885576,,
tt14207226,,
tt16826430,,
tt14698534,,
tt21156390,,
tt19770610,,
tt21103300,,
tt15978956,,
tt23216418,,
tt23838598,,
tt5244196,,
tt21335356,,
tt20859028,,
tt20116668,,
tt4681574,,
tt21340020,,
tt14763292,,
tt3406690,,
tt21220756,,
tt18559372,,
tt21334846,,
tt21212308,,
tt19850910,,
tt24223450,,
tt27687527,,
tt16420502,,
,,
tt0415082,,
tt6368434,,
tt16531670,,
tt11076108,,
tt21958534,,
tt16158748,,
tt21382430,,
tt22035506,,
tt21389338,,
tt21651560,,
tt21047686,,
tt13924484,,
tt21617152,,
tt21292672,,
tt21922002,,
tt21616920,,
tt16578868,,
tt16612852,,
tt19718006,,
tt21617068,,
tt21532904,,
,,
tt0274477,,
,,
tt6933214,,
tt21397580,,
tt15905460,,
tt20849512,,
tt7988464,,
tt21335046,,
tt15090114,,
tt0396768,,
tt0268331,,
tt18072540,,
tt17178096,,
tt21440964,,
tt21448540,,
tt15084854,,
tt13756106,,
,,
tt0346870,,
tt0399448,,
tt17519490,,
tt2074328,,
tt19013688,,
tt1565388,,
tt0059610,,
tt21427998,,
,,
tt16578886,,
tt18081516,,
tt11628208,,
tt21193010,,
tt21821470,,
tt21663074,,
tt21662290,,
tt19394150,,
tt26599922,,
tt21394322,,
tt11245850,,
tt19037878,,
,,
tt18180242,,
tt0364551,,
tt18884898,,
tt6272636,,
tt12667838,,
tt21818188,,
tt13157456,,
tt7286440,,
tt21824548,,
tt21862626,,
tt15209382,,
tt14447458,,
tt22205036,,
tt21815772,,
tt12194000,,
tt14215036,,
tt1547442,,
tt30180830,,
tt15721088,,
tt0374039,,
tt12246702,,
tt21310658,,
tt21917088,,
,,
,,
tt19363554,,
tt20258072,,
tt21241942,,
tt22005990,,
tt20870918,,
tt11101588,,
tt0274915,,
tt7963280,,
,,
tt15029738,,
tt0779727,,
,,
tt19363758,,
tt7147158,,
tt24249946,,
tt14483774,,
tt13002232,,
tt21990924,,
tt0356321,,
tt22042742,,
tt21949620,,
tt21963768,,
tt20899952,,
tt13701404,,
tt12818328,,
tt21878148,,
tt16103578,,
tt22041854,,
tt16245578,,
tt20600384,,
tt11853512,,
tt21413684,,
tt21256406,,
tt21969174,,
tt21932636,,
tt21858442,,
tt2560512,,
tt13309170,,
tt21990870,,
tt0483988,,
tt18072724,,
tt21819250,,
,,
tt21806938,,
tt22022068,,
tt12444934,,
tt0430480,,
tt7659068,,
tt21368516,,
tt22042346,,
tt12291932,,
tt23319892,,
tt21435436,,
tt14036172,,
tt22074482,,
,,
tt18298588,,
tt8180386,,
tt18075698,,
tt20599398,,
tt21276894,,
tt0272270,,
,,
tt10846008,,
tt21995004,,
tt22179746,,
tt15359618,,
tt22246514,,
tt19869662,,
tt0378364,,
tt21859110,,
tt22296044,,
tt22207602,,
tt20876910,,
tt22196454,,
tt20258516,,
tt16375952,,
tt20193354,,
tt22258178,,
tt22246560,,
tt21841642,,
tt21220612,,
tt21158854,,
tt22166882,,
tt22246626,,
tt22247450,,
tt22258198,,
tt13937754,,
tt20892688,,
tt15131266,,
tt18884832,,
tt22309036,,
tt22307560,,
tt22247482,,
tt22247502,,
tt22295902,,
tt22308008,,
tt22247650,,
tt22307338,,
tt22295836,,
tt22308928,,
tt9892854,,
tt21603520,,
tt22207828,,
tt21063466,,
tt22307422,,
tt21359036,,
tt22247540,,
tt22262600,,
tt22307204,,
tt22207622,,
tt21650364,,
tt21394364,,
tt22796892,,
tt22306920,,
tt18178194,,
tt15373618,,
tt6551226,,
tt15416106,,
tt16431870,,
tt6318608,,
tt24225846,,
,,
tt23061176,,
tt20358158,,
tt21367806,,
,,
tt18546988,,
tt22179486,,
tt21945996,,
tt23873758,,
tt21374548,,
tt22192262,,
tt22185852,,
tt22261236,,
tt12960310,,
tt12273494,,
tt22482764,,
tt10535522,,
tt18560250,,
tt15167640,,
tt18293312,,
tt23622516,,
tt10230590,,
tt24082488,,
,,
tt22814042,,
tt22640398,,
tt13852690,,
tt20853816,,
tt0329724,,
tt21373340,,
tt23029064,,
tt7478314,,
tt17500912,,
tt21476944,,
tt26748538,,
tt21156616,,
tt22005252,,
tt15128214,,
tt22527810,,
,,
tt20258036,,
tt22746612,,
tt24058202,,
tt27191600,,
tt22752692,,
,,
,,
,,
tt22494914,,
tt14571220,,
tt18239364,,
tt22394694,,
tt22394702,,
tt18949684,,
tt21390078,,
tt19867870,,
tt10551128,,
tt22796890,,
tt12210812,,
tt20412896,,
tt8800224,,
,,
,,
tt23099300,,
tt22004344,,
,,
tt18340302,,
,,
tt23039404,,
tt15289312,,
tt22866050,,
tt22819552,,
tt20258012,,
,,
tt21421596,,
tt21615444,,
tt23026954,,
,,
tt20868642,,
tt22874616,,
tt23034806,,
tt21098850,,
tt15422224,,
tt23962870,,
tt12402658,,
tt23029434,,
tt3326138,,
tt16021872,,
tt22258078,,
tt23186596,,
tt14772866,,
,,
tt14147224,,
,,
tt22258076,,
tt20227448,,
tt21055966,,
tt20899884,,
tt12132422,,
tt1228966,,
tt19358036,,
tt23182002,,
tt13580484,,
tt0256194,,
tt16306090,,
tt6615224,,
tt23573936,,
tt0369843,,
tt28313478,,
tt26929696,,
tt13889482,,
,,
,,
,,
tt20258026,,
tt15850582,,
tt23204056,,
tt14505850,,
tt1252544,,
tt23173980,,
tt23736044,,
tt13316348,,
tt11718330,,
,,
,,
tt15894108,,
tt15894364,,
tt23752772,,
tt23752774,,
,,
tt18163814,,
tt16194990,,
,,
tt21817618,,
tt10972912,,
tt16831604,,
tt23318056,,
tt26682546,,
tt20247078,,
tt23804214,,
tt21171418,,
tt19875906,,
tt23648926,,
tt2767432,,
,,
,,
tt23785128,,
tt23036172,,
tt21874760,,
tt23705480,,
tt24806922,,
tt25050004,,
tt25049966,,
,,
tt19316010,,
tt23854182,,
,,
tt18381124,,
tt23870962,,
tt19364132,,
tt1291626,,
tt24082438,,
tt21813994,,
tt15444046,,
tt9048804,,
tt24078380,,
tt22528178,,
tt23572542,,
tt24137440,,
tt19853258,,
tt13899250,,
tt14476344,,
tt13614388,,
tt24169886,,
,,
tt23735000,,
tt0129281,,
tt25471950,,
tt21860782,,
tt23556408,,
tt0186826,,
,,
tt14443888,,
tt14874302,,
tt0246453,,
tt24082454,,
tt23648404,,
tt22399738,,
,,
tt8032034,,
tt26448953,,
tt15560132,,
tt11961790,,
tt0215126,,
tt26921539,,
tt26744289,,
tt23903196,,
tt21967864,,
tt21909452,,
tt13871404,,
,,
tt13608086,,
tt24768686,,
tt17201166,,
tt24484852,,
tt21288074,,
tt25814566,,
tt18395072,,
tt25391002,,
tt25391064,,
tt25391092,,
tt25391120,,
tt23057702,,
tt23650876,,
,,
tt28980636,,
tt25968638,,
tt22442176,,
tt25391134,,
tt21391242,,
tt0389178,,
tt14082428,,
tt22003512,,
tt22505724,,
tt22488984,,
tt18344978,,
tt25146562,,
tt25869142,,
tt0176110,,
tt15141146,,
tt15428940,,
tt0156683,,
tt23872008,,
tt26084002,,
tt9478152,,
tt21877154,,
tt17543432,,
tt26217622,,
tt1389526,,
tt0371774,,
tt1416716,,
tt8270664,,
tt26254288,,
,,
tt23697628,,
tt25447884,,
tt14593608,,
tt26215632,,
tt26458228,,
tt23668634,,
tt22091586,,
tt22075752,,
tt25602750,,
,,
tt15829724,,
,,
tt17022868,,
tt26343318,,
tt21350324,,
,,
tt15065788,,
tt23137330,,
tt1445073,,
tt26443107,,
tt21909682,,
tt2009618,,
tt23057712,,
tt23464604,,
tt21217688,,
tt15167316,,
tt16341258,,
tt23640366,,
tt23785162,,
tt26475994,,
tt15403372,,
tt26446577,,
tt26468888,,
tt20517250,,
,,
tt10514462,,
,,
tt17041522,,
tt22299048,,
tt6728322,,
tt21277660,,
,,
tt19386904,,
tt26545218,,
tt26593219,,
tt26593230,,
tt1332097,,
tt15732654,,
tt13358022,,
tt27010304,,
tt12415850,,
tt10294928,,
tt20952110,,
tt15304502,,
tt19896150,,
,,
tt20857660,,
tt21214480,,
tt21158556,,
tt5515840,,
tt23553640,,
tt20873498,,
tt19890024,,
tt14494492,,
tt26735946,,
tt21339736,,
tt23252748,,
tt26688466,,
tt9052986,,
tt23903008,,
tt25504014,,
tt0215743,,
tt0252636,,
tt26657831,,
tt26735986,,
tt26876353,,
tt26686716,,
tt26453917,,
,,
tt0481053,,
tt8560648,,
tt16296308,,
tt9112182,,
tt26083016,,
tt22640250,,
,,
tt20858256,,
tt10414276,,
tt14269234,,
tt26763622,,
tt22496962,,
tt26938504,,
,,
tt11299722,,
,,
tt26847008,,
tt21464298,,
tt21465166,,
tt26928076,,
tt27010283,,
tt27337668,,
tt27244707,,
tt27138882,,
tt27244847,,
tt23037488,,
tt21301418,,
tt21459514,,
tt15038732,,
tt26906701,,
tt9472334,,
tt26943420,,
tt15846876,,
tt22011464,,
,,
tt16253418,,
,,
tt27191343,,
tt27047383,,
tt27658306,,
tt14462452,,
tt27052633,,
tt2396431,,
tt27075958,,
tt27113872,,
tt18295856,,
tt14687418,,
,,
tt14662334,,
tt11640628,,
tt27837482,,
tt4738870,,
,,
tt10404002,,
,,
tt21458670,,
tt26764999,,
,,
tt27196841,,
tt24240126,,
tt25289836,,
tt0244508,,
tt27075102,,
tt27130801,,
tt0268349,,
tt12543820,,
tt24070610,,
tt11136638,,
tt27231759,,
tt27330422,,
,,
tt0372513,,
tt22168778,,
,,
tt27199056,,
tt31187006,,
tt21425082,,
tt27353928,,
tt26082308,,
tt26598546,,
,,
tt27357149,,
tt27651275,,
tt27199947,,
tt23789884,,
tt21457370,,
tt18277182,,
tt26761925,,
tt27198774,,
tt15332976,,
tt6349210,,
tt13566172,,
,,
,,
,,
tt14940240,,
tt14637600,,
,,
tt27470830,,
tt26439204,,
tt19404002,,
,,
tt13799290,,
tt27721737,,
,,
,,
tt27619382,,
tt21460228,,
tt23853538,,
tt10334636,,
tt25720106,,
,,
tt15006260,,
tt27854958,,
tt27737950,,
tt15479438,,
tt27542845,,
tt27074938,,
tt23638614,,
tt22522592,,
tt27507837,,
tt27564488,,
tt27547171,,
,,
tt27156877,,
tt23055556,,
tt27571703,,
tt21363128,,
tt27562761,,
tt21830964,,
tt22023218,,
,,
tt27599265,,
tt29539157,,
tt15977804,,
tt19731190,,
tt26533869,,
tt4523538,,
tt12949730,,
tt27154163,,
tt30333311,,
tt27689885,,
tt27689644,,
tt27812140,,
,,
tt27419495,,
tt1852076,,
tt24072236,,
tt7763956,,
tt23053896,,
,,
tt27374441,,
tt28083244,,
tt27736642,,
tt16301164,,
tt27620778,,
tt21876438,,
tt27917536,,
tt27676959,,
tt14666592,,
,,
tt27630783,,
tt13606350,,
tt12735356,,
tt3144804,,
tt27774958,,
tt27708700,,
tt27349978,,
tt27434554,,
,,
tt0213597,,
tt32203531,,
,,
tt27865284,,
tt30841644,,
tt12962240,,
tt30024043,,
tt29361873,,
tt27424585,,
tt27804299,,
tt27682129,,
tt0352560,,
tt27558065,,
tt19047736,,
tt24577812,,
tt21072836,,
tt16970906,,
,,
tt13563230,,
tt13439960,,
tt11050992,,
tt27773299,,
tt17080412,,
tt27212784,,
tt27405162,,
tt23812328,,
tt27379741,,
tt29392874,,
tt28077855,,
tt27698813,,
tt27496114,,
tt24223026,,
,,
tt1579539,,
,,
tt27053052,,
tt27545145,,
tt27706379,,
tt17501936,,
tt8856530,,
tt14185032,,
tt27557250,,
tt27557077,,
tt28145543,,
tt27560881,,
,,
tt27796443,,
,,
tt6158818,,
tt27846110,,
tt24249072,,
,,
,,
tt23638608,,
tt21853596,,
,,
tt27725206,,
tt28109332,,
,,
,,
tt22183760,,
tt0318604,,
tt20102788,,
tt2082296,,
tt9029980,,
tt4779430,,
tt1259755,,
tt3813332,,
tt28091750,,
tt28129069,,
,,
tt3455136,,
,,
tt0359706,,
,,
tt29233347,,
tt29381717,,
tt29513328,,
tt21275472,,
tt28182736,,
tt26940797,,
tt22465864,,
,,
tt27911220,,
,,
,,
,,
tt15366472,,
,,
tt27510774,,
tt23329548,,
tt4725080,,
tt4725104,,
tt4725150,,
,,
tt23330016,,
tt23330124,,
tt8995128,,
tt4294404,,
,,
tt3249644,,
tt3321574,,
tt3254814,,
tt26745321,,
tt27584374,,
tt28223926,,
,,
tt28237077,,
tt19369162,,
tt27428598,,
tt0292151,,
tt28329761,,
tt12525482,,
tt28466689,,
tt28477301,,
tt28506136,,
tt28493537,,
tt28511586,,
tt13592970,,
tt18973958,,
tt15513248,,
tt10618968,,
tt28315962,,
tt13482930,,
,,
tt22044656,,
tt4923002,,
,,
tt28338336,,
tt28799575,,
tt28818186,,
tt26449979,,
tt21209210,,
tt28421048,,
tt14348734,,
tt6841616,,
,,
,,
tt28421091,,
tt28492358,,
tt28455157,,
tt12893394,,
tt28037410,,
tt14922882,,
tt13209962,,
tt28486633,,
tt26255902,,
tt28226615,,
tt20833568,,
tt28490044,,
tt26450742,,
tt10157778,,
tt27045702,,
,,
tt28490634,,
tt28502782,,
tt26927404,,
tt20869180,,
tt28524429,,
tt28524498,,
tt28524529,,
tt28524545,,
,,
tt16243366,,
tt23642744,,
tt28554102,,
tt28545909,,
tt28818121,,
tt24561504,,
tt28505029,,
tt29361833,,
tt6347934,,
tt28710831,,
tt9690832,,
tt21663034,,
,,
tt26902340,,
tt11702042,,
,,
tt0456915,,
tt27632671,,
tt29081098,,
,,
,,
,,
tt28690326,,
tt26770530,,
tt0246271,,
tt15521224,,
,,
tt28015185,,
,,
,,
tt27550567,,
tt28703411,,
tt16723146,,
,,
tt1702368,,
tt7718100,,
tt28779622,,
tt23782550,,
tt28834285,,
,,
,,
,,
tt28795995,,
,,
tt28744382,,
,,
tt14586230,,
,,
,,
tt28997100,,
tt21622842,,
tt27379141,,
tt28225059,,
tt26563552,,
tt28642100,,
tt28682039,,
tt28763074,,
tt29009380,,
tt28101019,,
tt21616398,,
tt29344605,,
tt23869968,,
,,
tt26219792,,
tt20258042,,
,,
tt29144851,,
,,
tt28834390,,
,,
tt26930838,,
tt1667877,,
tt26929701,,
,,
tt0405121,,
,,
tt3171702,,
tt30523572,,
tt27911907,,
tt26760944,,
tt27988724,,
tt11344264,,
tt29258080,,
tt28651158,,
tt27491217,,
tt29353013,,
tt29353026,,
tt28287106,,
tt29244163,,
tt29684844,,
tt28753331,,
tt29233395,,
tt29684873,,
tt29544283,,
tt29233549,,
tt29593734,,
tt29593706,,
tt29593677,,
tt29233518,,
tt29233535,,
tt27541327,,
tt29513295,,
tt29513272,,
tt29499132,,
tt29378386,,
tt29520836,,
tt29233371,,
tt21839254,,
tt4525982,,
tt28103613,,
tt26454916,,
tt27613403,,
tt28332336,,
tt28487580,,
,,
tt27925980,,
tt26770557,,
tt29335940,,
tt3068378,,
,,
,,
,,
tt1575621,,
tt29344333,,
tt29626046,,
tt8308556,,
tt9900816,,
tt1792589,,
tt26470294,,
tt31333738,,
,,
,,
tt28816987,,
tt1579882,,
tt24429218,,
tt27229633,,
,,
tt27739849,,
tt14768616,,
tt29474455,,
tt22234810,,
tt22440192,,
tt18925050,,
tt3414056,,
tt28551008,,
tt16751974,,
,,
,,
,,
tt27558577,,
,,
tt0353476,,
tt29381712,,
tt29537215,,
,,
tt29540572,,
tt20415178,,
tt27411794,,
tt27716649,,
tt21981864,,
tt26658567,,
tt27424434,,
,,
tt29603959,,
tt9370094,,
tt20419974,,
tt0164657,,
tt31708881,,
,,
,,
tt29603617,,
,,
,,
tt19224314,,
tt27663541,,
,,
tt12717640,,
,,
,,
,,
tt28652996,,
tt29702876,,
tt26743864,,
tt20782936,,
tt24785716,,
tt29808631,,
tt1156299,,
tt14505778,,
,,
tt35534649,,
,,
tt14034732,,
tt10449276,,
,,
tt19196108,,
tt28536290,,
tt14192316,,
tt29381486,,
,,
tt31989199,,
tt29736029,,
tt18350228,,
tt29426703,,
tt21259890,,
tt23901106,,
tt16296276,,
,,
tt1714918,,
tt19120160,,
,,
tt28108610,,
tt29468318,,
tt18305410,,
tt30253266,,
tt24666718,,
tt30143873,,
tt28787545,,
tt30259980,,
tt30646084,,
tt6874690,,
tt13652286,,
tt28435597,,
tt30321095,,
tt30321146,,
tt30291991,,
tt30326011,,
tt27803619,,
tt12875806,,
tt0249926,,
tt4853290,,
,,
,,
,,
tt30425955,,
tt22055896,,
tt25399856,,
tt30025045,,
,,
,,
tt14344820,,
tt27201036,,
tt30505159,,
tt23743490,,
tt9462944,,
tt1068999,,
,,
tt30852822,,
tt29889566,,
tt31024928,,
tt31068337,,
tt31068365,,
,,
tt29009061,,
,,
,,
,,
,,
,,
tt30766504,,
tt29137963,,
tt30797103,,
tt30442140,,
,,
,,
tt27487086,,
,,
tt16161330,,
tt31068356,,
tt29517200,,
tt6882602,,
tt1362544,,
tt30835752,,
tt26474783,,
tt29957586,,
tt31013184,,
,,
tt27533463,,
tt29478911,,
,,
,,
tt8849102,,
tt30444418,,
,,
tt29419771,,
,,
tt0275432,,
,,
tt31015278,,
tt18346498,,
,,
,,
tt8334558,,
tt30984064,,
tt4513382,,
,,
tt0230037,,
tt0187444,,
tt0430109,,
,,
,,
,,
,,
,,
,,
,,
tt9275246,,
tt28833276,,
,,
tt29427342,,
,,
,,
,,
tt31187315,,
tt14827150,,
tt8811538,,
tt1579789,,
tt13364332,,
tt1727797,,
tt30645182,,
tt31519881,,
tt8718546,,
,,
tt15528316,,
tt30326041,,
tt31308619,,
tt31584638,,
,,
tt31414183,,
tt30766772,,
,,
tt31414509,,
tt0411634,,
tt3455166,,
tt2582814,,
tt31169999,,
tt31314357,,
,,
tt31202585,,
tt11327404,,
,,
tt32128915,,
,,
,,
tt28084920,,
tt31510396,,
tt12444168,,
tt31433659,,
,,
tt31156691,,
tt31242738,,
tt11749154,,
tt0363280,,
tt31491120,,
,,
tt31556612,,
tt30796260,,
,,
tt30223844,,
tt31727947,,
tt32045638,,
,,
tt28546035,,
,,
tt18304514,,
tt26455960,,
tt27235882,,
tt16231344,,
,,
tt11786386,,
tt31717063,,
tt14898414,,
,,
tt31714275,,
tt29920812,,
tt15164494,,
tt27351462,,
tt32026408,,
tt32150887,,
,,
tt0334302,,
,,
,,
tt22028968,,
tt30207578,,
tt32024054,,
tt31727946,,
tt28238336,,
,,
,,
,,
,,
tt30833197,,
tt28547657,,
tt31187510,,
,,
,,
,,
,,
tt32149731,,
tt7787674,,
,,
tt32223312,,
,,
,,
tt30396480,,
tt29608924,,
,,
tt32241803,,
tt30786688,,
tt8178762,,
,,
tt15173952,,
tt32350490,,
tt32333999,,
tt32281200,,
tt32269928,,
tt32422182,,
,,
,,
,,
,,
tt21967916,,
tt32394528,,
,,
,,
tt5834256,,
tt29176210,,
tt28128599,,
tt0235525,,
tt31712206,,
tt21478426,,
,,
tt30523657,,
tt32375562,,
tt32254497,,
tt31913553,,
tt32306650,,
,,
,,
tt7735960,,
tt32422593,,
,,
tt0287913,,
tt32446870,,
tt0256100,,
,,
tt31050620,,
tt32622618,,
tt32011613,,
tt30487216,,
tt27551216,,
tt32267612,,
,,
,,
tt31557304,,
,,
,,
tt14539318,,
,,
,,
tt32566896,,
,,
tt0260945,,
tt32245467,,
tt32737939,,
,,
tt30007740,,
tt28798990,,
tt31048726,,
tt13357026,,
tt1432925,,
,,
tt32421252,,
,,
,,
tt13005084,,
tt33609028,,
,,
,,
,,
,,
tt18764684,,
,,
tt27190164,,
tt32897452,,
tt33038425,,
tt32820804,,
tt33057274,,
tt33062428,,
tt32890175,,
tt32063324,,
,,
tt31846867,,
tt32141050,,
tt32609484,,
tt32767136,,
tt1494665,,
,,
tt29035731,,
tt32843609,,
tt28078581,,
,,
,,
tt32560625,,
,,
tt0416934,,
,,
tt30493045,,
,,
tt4223680,,
tt16755292,,
tt27844064,,
,,
,,
,,
tt3530436,,
,,
tt29767737,,
,,
tt30790226,,
,,
tt33064828,,
,,
tt32588758,,
tt33115283,,
tt33060158,,
tt33829315,,
tt32140747,,
tt33045857,,
,,
tt33087927,,
tt29925558,,
,,
,,
tt30217930,,
tt33113349,,
tt33113344,,
tt33113326,,
tt30887705,,
tt33132312,,
tt33132332,,
tt32844372,,
tt33054438,,
tt33059265,,
tt33268380,,
,,
tt32636932,,
tt33015394,,
tt21625056,,
tt33270263,,
,,
,,
tt32837326,,
tt32836671,,
tt32834725,,
tt30839070,,
,,
tt31955992,,
tt11502700,,
tt5157370,,
tt26693513,,
,,
tt29869331,,
tt33320674,,
tt5614858,,
tt33084805,,
,,
tt33063626,,
,,
,,
tt32915125,,
tt32915152,,
,,
tt33335220,,
tt33353878,,
,,
tt33319706,,
,,
tt33634243,,
tt27303284,,
tt32559713,,
tt29313520,,
tt33900751,,
tt33455348,,
tt34355959,,
tt33551995,,
tt34495970,,
tt34701162,,
tt33552009,,
tt33039603,,
tt33503201,,
tt33130730,,
tt33036304,,
tt8333430,,
tt33130730,,
tt33503189,,
tt33503214,,
tt31438256,,
tt33481081,,
tt32660209,,
tt33164321,,
tt33903431,,
,,
tt33425050,,
tt32730893,,
tt32432584,,
tt33401152,,
tt33829451,,
tt33829457,,
tt33669124,,
tt16270280,,
tt33885024,,
tt31987262,,
tt33400340,,
tt33901924,,
tt33478583,,
tt32684804,,
tt33908123,,
tt33436942,,
tt33829446,,
tt33253213,,
tt33885270,,
tt33425676,,
tt33906572,,
tt32621284,,
,,
tt32192578,,
tt33351116,,
tt18115994,,
,,
,,
tt28119804,,
tt34754658,,
,,
tt33509525,,
tt33771533,,
tt31924961,,
,,
,,
,,
,,
tt33350573,,
,,
,,
,,
,,
tt15857312,,
,,
tt1520370,,
,,
tt31227920,,
tt33353846,,
tt33769870,,
,,
tt0397029,,
tt32345740,,
tt33623831,,
,,
tt32343202,,
tt8323340,,
tt31511009,,
tt11256176,,
tt33353895,,
tt31860482,,
tt31946425,,
,,
tt8746778,,
tt33058281,,
tt34356641,,
,,
tt30816463,,
tt33338147,,
,,
tt28017624,,
,,
,,
tt32604318,,
tt32369408,,
tt27834180,,
tt1392207,,
,,
,,
tt33353931,,
,,
,,
,,
tt0316758,,
,,
,,
tt29603375,,
,,
,,
,,
,,
,,
,,
tt35125901,,
tt1380150,,
tt6975842,,
tt31943282,,
tt34937026,,
tt34783302,,
tt34937354,,
tt5135618,,
tt3618566,,
,,
,,
,,
tt10592004,,
tt1319136,,
,,
,,
tt34965967,,
tt35657687,,
,,
,,
tt32982713,,
,,
tt35046370,,
tt0236263,,
,,
tt33368416,,
tt22185500,,
tt0112120,,
tt35130168,,
tt29343289,,
,,
,,
,,
,,
tt1575639,,
,,
,,
tt34748584,,
tt34434989,,
tt35304909,,
tt35304903,,
tt35304920,,
,,
tt35327662,,
,,
tt32044254,,
,,
tt3225226,,
,,
,,
tt35558973,,
tt35600130,,
tt35558993,,
tt15825030,,
,,
tt0390602,,
,,
tt0160788,,
,,
,,
,,
tt31995690,,
,,
tt14357678,,
tt35660815,,
tt35660830,,
tt35660835,,
,,
,,
tt0275258,,
,,
tt35048618,,
tt35668663,,
,,
,,
,,
,,
tt13509990,,
tt23777476,,
,,
tt26935729,,
tt7713064,,
,,
tt33075159,,
tt33337133,,
tt6715154,,
,,
,,
tt16241004,,
,,
,,
tt35769378,,
tt0055444,,
tt35975148,,
tt35975440,,
tt35976712,,
tt7893404,,
tt32155770,,
,,
tt0154914,,
tt36168396,,
,,
tt3241214,,
,,
,,
,,
,,
tt36204779,,
,,
,,
,,
,,
,,
tt36597705,,
,,
,,
tt19387192,,
tt5523028,,
tt32433561,,
,,
,,
,,
tt36414389,,
,,
tt13979374,,
tt36532245,,
,,
,,
,,
,,
tt30428123,,
,,
,,
,,
,,
,,
,,
,,
tt18764912,,
,,
,,
,,
,,
,,
tt36014645,,
,,
,,
tt3914888,,
,,
tt0807980,,
tt0088477,,
tt0389701,,
tt0098837,,
tt0105977,,
tt0412175,,
tt0103356,,
tt0222518,,
tt1628033,,
tt0176095,,
tt0081912,,
tt0235917,,
tt0105943,,
tt0118276,,
tt0053479,,
tt0056751,,
tt0078703,,
tt0387714,,
tt0083399,,
tt0131613,,
tt0068040,,
tt0103488,,
tt0318233,,
tt0286336,,
tt0101049,,
tt0772137,,
tt0390696,,
tt12749392,,
tt0346369,,
tt0101054,,
tt0417299,,
tt0101065,,
tt0460637,,
tt0060028,,
tt0098945,,
tt0244365,,
tt0094535,,
tt0313038,,
tt0310482,,
tt0805663,,
tt0217910,,
tt0206512,,
tt0220895,,
tt0111873,,
tt0101190,,
tt0066722,,
tt0083413,,
tt0101178,,
tt0062552,,
tt0115200,,
tt0122353,,
tt0106145,,
tt0063885,,
tt0115341,,
tt0320024,,
tt0257315,,
tt0123338,,
tt0092455,,
tt0106115,,
tt0353049,,
tt0168596,,
tt0071059,,
tt0118401,,
tt0101143,,
tt0108992,,
tt0094525,,
tt0086661,,
tt0131158,,
tt0096642,,
tt0387764,,
tt0075568,,
tt0821375,,
tt0337784,,
tt0047720,,
tt0050037,,
tt0108828,,
tt0045410,,
tt0096555,,
tt0264246,,
tt0778536,,
tt0069658,,
tt0066652,,
tt0804503,,
tt0867015,,
tt0988820,,
tt1008108,,
tt0471488,,
tt0757127,,
tt0904208,,
tt0924651,,
tt0959858,,
tt0096582,,
tt0991261,,
tt0409579,,
tt0862614,,
tt1699748,,
tt1520211,,
tt0773262,,
tt0348914,,
tt2191671,,
tt2249007,,
tt1474684,,
tt2249364,,
tt0247082,,
tt1442462,,
tt1489428,,
tt0112174,,
tt0112130,,
tt0450357,,
tt0281432,,
tt0108723,,
tt0380136,,
tt0154061,,
tt0081831,,
tt0405576,,
tt0460644,,
tt0313043,,
tt0329934,,
tt0423657,,
tt0076987,,
tt0433275,,
tt0235911,,
tt0415463,,
tt0071007,,
tt0285370,,
tt0264263,,
tt0111958,,
tt0075529,,
tt0421099,,
tt0115231,,
tt0112178,,
tt0088512,,
tt0439349,,
tt0424627,,
tt0118363,,
tt0377260,,
tt0194624,,
tt0098936,,
tt0395891,,
tt0061247,,
tt0158552,,
tt0069637,,
tt0244926,,
tt0096610,,
tt0098749,,
tt0363328,,
tt0292414,,
tt0200325,,
tt0096545,,
tt0081874,,
tt0068120,,
tt0313122,,
tt0377253,,
tt0101077,,
tt0410260,,
tt0090481,,
tt0318959,,
tt0063878,,
tt0320808,,
tt0118298,,
tt0054533,,
tt0115167,,
tt0409608,,
tt0074036,,
tt0370194,,
tt0121955,,
tt0457229,,
tt0086659,,
tt0238793,,
tt0115147,,
tt0478079,,
tt0108968,,
tt0077089,,
tt0318913,,
tt0472989,,
tt0112194,,
tt0062568,,
tt0086815,,
tt0106136,,
tt0366005,,
tt0426741,,
tt0137328,,
tt0874608,,
tt0184135,,
tt0437005,,
tt0398427,,
tt0193676,,
tt0106102,,
tt0106140,,
tt0167743,,
tt0465353,,
tt0208614,,
tt0088621,,
tt0108684,,
tt0408381,,
tt0086730,,
tt0395843,,
tt0108967,,
tt0442632,,
tt0487831,,
tt0068069,,
tt0071041,,
tt0090400,,
tt0348913,,
tt0320969,,
tt0098898,,
tt0101114,,
tt1051155,,
tt0273855,,
tt0445114,,
tt0123349,,
tt0043208,,
tt0115355,,
tt0790772,,
tt0075511,,
tt0108981,,
tt0369100,,
tt0088559,,
tt1229946,,
tt0403778,,
tt0262985,,
tt0758790,,
tt0138785,,
tt0085017,,
tt0416435,,
tt0358336,,
tt0290978,,
tt0101188,,
tt0806910,,
tt0815420,,
tt0177444,,
tt0310455,,
tt0101123,,
tt0118421,,
tt0885761,,
tt0454733,,
tt0106004,,
tt0330251,,
tt0092379,,
tt0115275,,
tt0065296,,
tt0131664,,
tt0426738,,
tt0078714,,
tt0981587,,
tt0773264,,
tt0908454,,
tt0047736,,
tt0271894,,
tt0787490,,
tt0115105,,
tt0108927,,
tt1068912,,
tt0235923,,
tt0465344,,
tt0111875,,
tt1130073,,
tt0070992,,
tt0147760,,
tt0888280,,
tt0337552,,
tt0983983,,
tt0103429,,
tt0465315,,
tt0085033,,
tt0160904,,
tt0452046,,
tt0078680,,
tt0080253,,
tt0840094,,
tt0470659,,
tt0963967,,
tt0247079,,
tt0108826,,
tt0433320,,
tt0165581,,
tt0069602,,
tt0103405,,
tt0096657,,
tt0386180,,
tt0103491,,
tt0060009,,
tt0061238,,
tt0112022,,
tt0235916,,
tt0136634,,
tt0144053,,
tt0489598,,
tt0765458,,
tt0083505,,
tt0086791,,
tt0105929,,
tt0459159,,
tt0098882,,
tt0080306,,
tt0115083,,
tt0090477,,
tt0177428,,
tt0364845,,
tt0118480,,
tt0235918,,
tt0401995,,
tt0446618,,
tt1055238,,
tt0497480,,
tt0259733,,
tt0083390,,
tt0302128,,
tt0103520,,
tt0497863,,
tt1029892,,
tt0241383,,
tt0396976,,
tt0423652,,
tt0329829,,
tt0906873,,
tt0841961,,
tt0383087,,
tt0972534,,
tt0809816,,
tt0469009,,
tt0074006,,
tt0076993,,
tt0149314,,
,,
tt1059475,,
tt1079959,,
tt0805978,,
tt1225901,,
tt0108798,,
tt0805837,,
tt0094519,,
tt1734537,,
tt0199248,,
tt0408403,,
tt0059966,,
,,
tt0483603,,
tt0088485,,
tt0337792,,
tt0052520,,
tt0390700,,
tt0983570,,
tt0997016,,
tt0396997,,
tt0848954,,
tt0860904,,
tt0092325,,
tt0300828,,
tt4650130,,
tt0076980,,
tt1243719,,
tt0421092,,
tt0354468,,
tt1077744,,
tt0891369,,
tt1349938,,
tt1001482,,
tt1166893,,
tt0204082,,
tt1219817,,
tt1159604,,
tt1199099,,
tt0179061,,
tt0084988,,
tt1178618,,
tt1215315,,
tt0814234,,
tt0446610,,
tt0208629,,
tt0075472,,
tt1233560,,
tt1188927,,
tt0400391,,
tt1118697,,
tt0108747,,
tt0962966,,
tt1251819,,
tt1131751,,
tt1309389,,
tt1397259,,
tt0300879,,
tt0892700,,
tt1246607,,
tt1346006,,
tt0096630,,
tt1186342,,
tt0295776,,
tt0419336,,
tt0187489,,
tt1320066,,
tt1349084,,
tt1238834,,
tt1353056,,
tt0108941,,
,,
tt0443412,,
tt0161150,,
tt0103481,,
tt0264234,,
tt0431550,,
tt0918481,,
tt0180363,,
tt0133318,,
tt0215364,,
tt0953255,,
tt0245637,,
tt0857277,,
tt0283724,,
tt0251497,,
tt0491758,,
tt0055710,,
tt0206470,,
tt0051301,,
tt0467742,,
tt0445890,,
tt0050053,,
tt0231012,,
tt0497290,,
tt0819085,,
tt0129695,,
tt0069629,,
tt0163929,,
tt0387779,,
tt0775407,,
tt0314994,,
tt0262151,,
tt0310416,,
tt0463827,,
tt0115317,,
tt0324937,,
tt0124934,,
tt1511543,,
tt0074004,,
tt0491807,,
tt0088554,,
tt0477507,,
tt0115305,,
tt0220261,,
tt0078593,,
tt0077078,,
tt0367367,,
tt0085077,,
tt0048850,,
tt0437013,,
tt0166458,,
tt0080215,,
tt0426769,,
tt0426666,,
tt0168344,,
tt0297571,,
tt0352085,,
tt1189017,,
tt0434733,,
tt0086831,,
tt1086191,,
tt1091909,,
tt0173556,,
tt0135727,,
tt0167703,,
tt0103349,,
tt0096716,,
tt1430509,,
tt1065309,,
tt0362357,,
tt0267212,,
tt0111899,,
tt0864944,,
tt0127376,,
tt0757108,,
tt1178522,,
tt0481459,,
tt0293734,,
tt0313054,,
tt0077004,,
tt0159090,,
tt0050066,,
tt0423651,,
tt0065345,,
tt0061289,,
tt0051327,,
tt0244361,,
tt0094521,,
tt0052505,,
tt0780362,,
tt0324264,,
tt0052445,,
tt0052481,,
tt0105950,,
tt0364797,,
tt0103538,,
tt0887235,,
tt0806901,,
,,
tt0974077,,
tt1097633,,
tt1044196,,
tt0085114,,
tt0098762,,
tt0085052,,
,,
tt0178142,,
tt0239195,,
tt0877512,,
tt0108858,,
tt0080336,,
tt0934701,,
tt1095324,,
tt1094229,,
tt1218572,,
tt0135095,,
tt1117666,,
tt0446208,,
tt0778908,,
tt0260618,,
tt0960157,,
tt0907833,,
tt1170243,,
tt1119175,,
tt0094724,,
tt0105349,,
tt0111993,,
tt1194698,,
tt1197649,,
,,
tt0917551,,
,,
tt0098957,,
tt1319260,,
tt1380301,,
tt1247637,,
tt1433870,,
tt0273021,,
,,
tt0996614,,
tt1063019,,
tt0112062,,
tt3662388,,
tt0126149,,
tt0950342,,
tt0358884,,
tt8594324,,
tt1073507,,
tt0472984,,
tt1084694,,
tt2908580,,
tt1305562,,
tt0166050,,
tt32135296,,
tt1186356,,
tt0367515,,
tt1401070,,
tt1344970,,
tt1378167,,
tt1176951,,
tt0182648,,
tt0175381,,
tt0167872,,
,,
tt1204888,,
tt1430587,,
tt1380582,,
tt1190689,,
tt2937680,,
tt1366312,,
tt1439629,,
tt1433058,,
,,
,,
tt0184186,,
,,
tt1225790,,
tt1340758,,
tt1299440,,
tt1397256,,
tt1710310,,
tt1492090,,
tt0207907,,
tt0395858,,
tt0260615,,
tt1468760,,
,,
tt1131750,,
tt0283332,,
tt1224388,,
tt2299141,,
tt0364800,,
tt0088586,,
tt1409728,,
tt1415175,,
tt0107221,,
tt0167667,,
tt0142032,,
tt0075520,,
,,
tt0094430,,
tt0125624,,
,,
tt0346255,,
tt0312895,,
tt1475582,,
tt1125758,,
tt3644198,,
tt1442109,,
tt0482857,,
,,
tt0108840,,
tt0127383,,
tt0884762,,
tt0233598,,
,,
tt1045263,,
tt0309685,,
tt0230804,,
tt0318912,,
tt1374681,,
tt1253090,,
,,
tt1327810,,
tt1478228,,
tt1346018,,
tt0159902,,
tt1492088,,
tt0975378,,
tt1284142,,
tt0875050,,
,,
,,
tt1272033,,
tt3715438,,
tt0163492,,
tt0101192,,
tt0115177,,
tt0159199,,
tt0272992,,
,,
tt0271295,,
tt0118274,,
tt0118297,,
tt1305895,,
tt1160149,,
tt10437218,,
tt1003231,,
tt4903406,,
,,
,,
,,
,,
,,
tt1591535,,
,,
tt0352098,,
tt0222519,,
,,
tt1148750,,
,,
tt0103381,,
tt0496191,,
tt0167552,,
tt1512887,,
tt0407372,,
tt1392068,,
tt1239129,,
tt3481544,,
tt0463823,,
,,
tt9530156,,
tt0318221,,
tt0939385,,
,,
tt8694482,,
tt0343230,,
tt0280239,,
tt0158653,,
tt1514086,,
,,
,,
tt0319935,,
,,
tt0407368,,
tt1210340,,
tt0106657,,
,,
,,
tt7374240,,
tt0405600,,
,,
tt1280729,,
tt0069582,,
tt0327282,,
tt0072539,,
tt1114706,,
tt0386955,,
tt0991266,,
tt0229927,,
tt1509677,,
tt1484577,,
tt1498094,,
tt1543137,,
tt0285335,,
tt3237682,,
tt1604099,,
tt1563069,,
tt1131746,,
tt1548669,,
tt1531804,,
tt1533435,,
tt1034360,,
tt1566154,,
tt1274788,,
tt1594381,,
tt1454730,,
tt1151910,,
tt1270823,,
tt1595680,,
tt1596786,,
tt1683988,,
tt1578652,,
tt1589067,,
tt1703874,,
tt1583607,,
,,
tt1621748,,
tt0826760,,
tt1436544,,
tt1515193,,
tt1400819,,
tt1641653,,
tt1588221,,
tt1642351,,
tt1643266,,
tt1595859,,
tt1637756,,
tt1600194,,
tt1623135,,
tt1699440,,
tt1769411,,
tt1451387,,
tt1582457,,
tt1561756,,
tt1809687,,
tt1508238,,
tt1570987,,
tt1453159,,
tt0447374,,
tt1568202,,
tt1625724,,
tt1442553,,
tt1597624,,
tt1497609,,
tt1520553,,
tt1815377,,
tt1524415,,
tt0088561,,
tt1695360,,
tt1715425,,
tt1606375,,
tt1780441,,
tt1726576,,
tt1756927,,
,,
tt1610518,,
tt1605467,,
tt1761870,,
tt1637727,,
tt1698441,,
tt2404721,,
tt1731601,,
,,
tt5917270,,
tt1567432,,
tt0321897,,
tt1315063,,
tt0454656,,
tt1618371,,
tt1819022,,
tt1656896,,
tt1787217,,
tt1821220,,
tt1638319,,
tt1842973,,
tt0075560,,
tt2480498,,
tt1401056,,
tt0278228,,
tt1615925,,
tt0870032,,
tt0495055,,
tt0428099,,
tt0118327,,
tt0437019,,
tt1765218,,
tt0337782,,
tt0280289,,
tt0108717,,
,,
tt0126762,,
,,
tt1586914,,
,,
tt1076942,,
tt1795528,,
tt0104666,,
tt2132954,,
,,
tt1610527,,
tt6469444,,
tt1616205,,
tt1642600,,
tt1223917,,
tt0920489,,
tt1627815,,
tt1822448,,
tt1949864,,
tt1888795,,
,,
tt1717455,,
tt0283280,,
tt1340357,,
tt1777715,,
tt1842562,,
,,
tt1996507,,
tt1861225,,
tt2303367,,
tt1919814,,
tt0294032,,
,,
tt1763401,,
tt1718437,,
tt1588754,,
tt1962642,,
tt1788514,,
tt1820166,,
,,
tt1504261,,
tt2392058,,
tt1832727,,
tt1830622,,
tt1787281,,
tt1898575,,
tt1832045,,
tt1943276,,
tt0965404,,
tt1693592,,
tt1826805,,
tt1747551,,
tt0115387,,
tt1960255,,
tt1946065,,
tt2053193,,
tt1827163,,
tt1748888,,
tt1843678,,
tt2057544,,
tt1730535,,
tt1822469,,
tt1650552,,
tt1956017,,
tt0108726,,
,,
tt1797404,,
tt1772281,,
tt1778108,,
tt1983079,,
tt0068028,,
tt1663676,,
tt1545214,,
tt1461962,,
tt0920486,,
tt2243973,,
tt1823011,,
tt1978355,,
tt2011723,,
tt0227903,,
tt0072547,,
tt1835129,,
tt2094262,,
tt2049323,,
tt2057856,,
tt1744638,,
tt1866609,,
tt1830888,,
,,
tt0096713,,
tt1157603,,
tt0090458,,
tt0075497,,
,,
,,
tt0862574,,
tt1652216,,
tt0456773,,
tt0889263,,
tt0208617,,
tt0054541,,
tt0180385,,
tt1442165,,
tt0078716,,
tt0090440,,
tt0764964,,
tt0181920,,
tt0098902,,
tt0070987,,
tt1174845,,
tt1586041,,
tt0305132,,
tt0793361,,
tt1468780,,
tt0421031,,
tt0103509,,
tt0090472,,
tt0085058,,
tt0169484,,
tt1482968,,
tt1331278,,
tt0111957,,
tt1525780,,
tt0327339,,
tt0236902,,
tt0438744,,
tt0276716,,
tt0403755,,
tt1163573,,
tt0460664,,
,,
,,
tt0280266,,
tt0057783,,
tt0083394,,
tt0350413,,
tt0088517,,
tt0289021,,
tt0346847,,
tt1699763,,
,,
tt1967685,,
,,
tt2017109,,
tt0319344,,
tt1888075,,
tt0426688,,
tt0059990,,
tt2069688,,
tt2128212,,
tt2074248,,
,,
tt1958961,,
tt2140815,,
tt18969274,,
tt1949720,,
tt2097386,,
tt1312203,,
tt2109059,,
tt1280619,,
tt4384516,,
tt2189874,,
tt2083701,,
tt2224452,,
tt2400129,,
tt1985443,,
tt0087400,,
tt1988386,,
tt1981558,,
tt2188249,,
tt0080196,,
tt2000100,,
tt1967678,,
tt2223236,,
tt1698158,,
tt1955311,,
tt0118443,,
tt0141988,,
tt0080231,,
tt2346091,,
tt2063417,,
tt1861097,,
tt1738340,,
tt2083695,,
tt2245988,,
tt1836037,,
tt2303687,,
tt2148433,,
tt2326983,,
tt0174399,,
tt0841927,,
tt2701582,,
tt1575757,,
tt3117322,,
tt1863526,,
tt0278548,,
tt2006374,,
tt0077106,,
tt2078467,,
tt0847709,,
tt0373474,,
tt2044056,,
tt2069449,,
tt2368645,,
tt0326870,,
tt1932308,,
tt0479846,,
,,
tt1884856,,
tt1865740,,
tt1442449,,
tt1553656,,
tt1315058,,
tt0478834,,
tt2776240,,
tt2164274,,
tt2268019,,
tt2860762,,
tt0111913,,
tt2384811,,
tt2185885,,
tt2640044,,
tt1782352,,
tt2521668,,
tt2183404,,
tt2645122,,
tt2103085,,
tt0432327,,
tt0245625,,
tt2649522,,
tt6954652,,
tt2480514,,
tt0410977,,
tt2736666,,
tt2678354,,
tt2394340,,
,,
tt2704708,,
tt2401919,,
tt2498968,,
tt2396135,,
tt2406376,,
tt2258904,,
tt3865236,,
tt3112906,,
tt0233115,,
tt2375692,,
tt0938980,,
tt2216156,,
tt0080292,,
tt3507236,,
tt0095252,,
tt0085782,,
tt2186101,,
tt2710394,,
tt2879390,,
tt2294189,,
tt26440778,,
,,
,,
tt2699420,,
tt0479940,,
tt2402321,,
tt2052932,,
tt2801096,,
tt2212323,,
tt2861342,,
tt2147995,,
tt2349440,,
tt1877889,,
tt1129398,,
tt1136760,,
tt2751638,,
tt2432640,,
tt3796080,,
tt3063454,,
tt2934286,,
tt2795780,,
tt2119795,,
tt2715870,,
tt0157238,,
tt2996052,,
tt2345481,,
tt3281796,,
tt2628232,,
tt4061482,,
tt2195251,,
tt2327933,,
tt2365365,,
tt2231118,,
,,
tt2322468,,
tt2898848,,
tt2390908,,
,,
tt2442308,,
tt3462282,,
,,
tt4410492,,
,,
,,
tt2544910,,
tt2505934,,
tt2876114,,
tt4614532,,
tt2819924,,
tt2795196,,
tt2847126,,
tt2712612,,
tt2234222,,
tt2167393,,
tt2951788,,
tt3006802,,
,,
tt2319283,,
tt3089930,,
tt2372220,,
tt0436992,,
tt2505072,,
tt2543328,,
tt7610672,,
tt3095080,,
tt2475150,,
tt3121722,,
tt1842155,,
tt1981538,,
tt2090884,,
tt3022714,,
tt3363346,,
tt2649588,,
tt2821466,,
tt4905554,,
tt26678932,,
tt1536749,,
tt16358384,,
tt3155320,,
tt10732048,,
tt33981014,,
tt11218290,,
tt13062500,,
tt2545498,,
tt5774044,,
tt7772588,,
tt21423786,,
tt18070898,,
tt14022350,,
tt27031263,,
tt4903514,,
tt2256491,,
tt7949212,,
tt18291136,,
tt2724846,,
tt23541316,,
tt35407689,,
tt9813792,,
tt10068932,,
tt2219920,,
tt9737326,,
tt0871923,,
tt2361891,,
tt3552688,,
tt2337840,,
tt3297048,,
tt33184638,,
tt2328387,,
tt6473344,,
tt11242246,,
tt6111130,,
tt2196296,,
tt14449470,,
tt9742936,,
tt7491982,,
tt29766398,,
tt29011445,,
tt18753124,,
tt5875444,,
tt10436284,,
tt12915960,,
tt13875494,,
tt2634230,,
tt15310816,,
tt9055008,,
tt2390791,,
tt31589662,,
tt2470814,,
tt3629970,,
tt26909806,,
tt32897800,,
tt10986410,,
tt16294384,,
tt2738096,,
tt2294227,,
tt15387926,,
tt6156584,,
tt14688458,,
tt8388390,,
tt2296682,,
tt10148174,,
tt2297757,,
tt2712516,,
tt14271498,,
tt21161156,,
tt21030032,,
tt3697842,,
tt32919055,,
tt1928307,,
,,
tt2227610,,
tt2375720,,
tt11379026,,
tt32084655,,
tt15475734,,
tt8888462,,
tt23743442,,
tt15286302,,
tt4236770,,
tt12851512,,
tt7587890,,
tt12994356,,
tt2535732,,
tt10801368,,
tt13592594,,
tt11712058,,
tt2275990,,
,,
tt2297810,,
tt15782900,,
tt2211457,,
tt2438272,,
tt15073262,,
tt32544507,,
tt32125269,,
tt2382108,,
tt2357908,,
tt6293468,,
tt30796986,,
tt2885556,,
tt3960394,,
,,
tt25523050,,
tt2241676,,
tt2543312,,
tt2391224,,
tt3010856,,
tt14261112,,
tt7875794,,
tt15681886,,
tt0465879,,
tt3183214,,
tt3225924,,
tt0178133,,
tt2202488,,
tt0096285,,
tt2382598,,
tt2647420,,
tt3455408,,
tt2575968,,
tt0284760,,
tt3127020,,
tt0457220,,
tt2198333,,
tt2861610,,
,,
tt2782214,,
tt3514324,,
tt2578560,,
tt2056078,,
,,
tt3657748,,
tt3513704,,
tt3522052,,
tt0078691,,
tt2380303,,
tt2806700,,
tt0096640,,
tt3443274,,
tt3042038,,
tt2937900,,
tt3250010,,
tt3231564,,
tt3816666,,
tt3543006,,
tt2179086,,
tt0108976,,
tt3100634,,
tt3428912,,
tt3098842,,
tt3145138,,
tt1960029,,
tt2934994,,
tt3585270,,
tt3328154,,
tt3843168,,
,,
tt3501074,,
tt3560084,,
tt3956604,,
tt1720656,,
tt2432604,,
tt3566726,,
tt3568088,,
tt1349600,,
tt3149010,,
tt3747572,,
tt2699110,,
tt3231022,,
tt3315020,,
tt3914672,,
tt2215842,,
tt3815412,,
tt2869898,,
tt3484274,,
tt3340712,,
tt3877200,,
tt3893044,,
tt3640276,,
tt4174780,,
tt2404029,,
tt3706642,,
tt3454468,,
tt3484180,,
tt1830332,,
tt3526078,,
tt3556920,,
tt2674806,,
tt4286064,,
tt3560060,,
tt4082744,,
tt3280150,,
tt3596174,,
tt3596176,,
tt4212368,,
tt3906732,,
tt2874692,,
tt3592718,,
tt2608368,,
tt3956644,,
tt0930022,,
tt4422950,,
tt3425318,,
tt3919200,,
tt3848126,,
tt3848112,,
tt2952566,,
tt4352342,,
tt4116046,,
tt2431022,,
tt4439928,,
tt4397640,,
tt3636060,,
tt4273282,,
tt3288518,,
tt3508050,,
tt4341996,,
tt4175634,,
tt0305025,,
tt3847626,,
tt4280606,,
tt4719744,,
tt4481598,,
tt4189022,,
tt0313060,,
tt3743822,,
tt1180522,,
tt4610700,,
tt3951130,,
tt4567314,,
tt2983290,,
tt4063800,,
tt3574152,,
tt3610926,,
tt3219170,,
tt3959576,,
tt4192812,,
tt2265544,,
tt3507484,,
tt3250026,,
tt2141913,,
tt4319956,,
tt3922704,,
tt4673856,,
tt2624370,,
tt4422836,,
tt3655448,,
tt3596178,,
tt4274822,,
tt3593432,,
tt4449470,,
tt4270492,,
tt4761058,,
tt4857508,,
tt4680444,,
tt4635268,,
tt0838244,,
tt3839758,,
tt0112239,,
tt3120568,,
tt4712710,,
tt3484406,,
tt3551966,,
tt3341382,,
tt4511898,,
tt4095622,,
tt4531728,,
tt3904078,,
tt0211890,,
tt4796566,,
tt3842964,,
tt4094300,,
,,
tt0305058,,
tt4853870,,
tt4845734,,
tt4864008,,
tt3174914,,
tt3264836,,
tt3703154,,
tt4873020,,
tt4452630,,
tt4034398,,
tt0836291,,
tt4677934,,
tt4671682,,
tt3833900,,
tt4803766,,
tt1175457,,
tt4954500,,
tt4380324,,
tt3056288,,
tt4568108,,
tt2297604,,
tt2720144,,
tt5145142,,
tt4602768,,
tt4406222,,
tt4853930,,
tt2297520,,
tt4569162,,
tt2606072,,
tt5039510,,
tt0473587,,
tt2351868,,
tt5091820,,
tt4258440,,
tt2735544,,
tt4277922,,
tt4360400,,
tt4968608,,
tt5103536,,
tt4458594,,
tt4622776,,
tt5016504,,
tt2763296,,
tt2321347,,
tt4711184,,
tt4568288,,
tt1151619,,
,,
tt5146182,,
tt5097050,,
tt3830558,,
tt0432235,,
tt0247055,,
tt4048256,,
tt4206804,,
tt3975368,,
tt5194866,,
tt11640272,,
tt4147780,,
tt4364202,,
tt0168317,,
tt4594334,,
tt4877736,,
tt4287464,,
tt5232348,,
tt3496230,,
tt4165472,,
tt5397520,,
tt5248878,,
tt5057932,,
tt3581932,,
tt4696944,,
tt5002850,,
tt3638488,,
,,
tt5965978,,
tt0416436,,
tt3729898,,
tt5329344,,
tt5332206,,
tt2373856,,
tt2257878,,
tt3218114,,
tt3762958,,
tt3663880,,
tt2466126,,
tt4788946,,
tt3578112,,
tt5219984,,
tt0070644,,
tt5035202,,
tt5136196,,
tt5637544,,
tt5115078,,
tt5351176,,
tt2968150,,
tt5340732,,
tt4223968,,
tt4835480,,
tt5350248,,
tt3618106,,
tt0318256,,
tt5705030,,
,,
tt2369037,,
tt5159916,,
tt4845906,,
tt7643936,,
,,
tt5360196,,
tt3532050,,
tt3647998,,
tt7344332,,
tt3528306,,
tt5430288,,
tt4667888,,
tt3087752,,
tt2032267,,
tt5326960,,
tt5564124,,
tt4129004,,
tt5172272,,
tt5581764,,
tt3859618,,
tt3261308,,
tt5459372,,
tt4688512,,
tt3949700,,
tt5619658,,
tt4370528,,
tt7569290,,
tt5562058,,
tt5116280,,
tt4954728,,
tt5363766,,
tt5797194,,
tt5516894,,
tt5497100,,
tt0332985,,
tt4793190,,
tt5687446,,
tt2836308,,
tt5547946,,
tt5208672,,
tt0088607,,
tt5512420,,
tt5362032,,
tt5722298,,
tt4513868,,
tt4938700,,
tt4649420,,
tt4770018,,
tt5807292,,
tt5015548,,
tt3738872,,
tt5827228,,
tt4687892,,
tt2980696,,
tt4760616,,
tt5149528,,
tt4902046,,
tt5256926,,
tt5874554,,
tt4494948,,
tt3341090,,
tt5164196,,
tt1399045,,
tt5730102,,
tt5536400,,
tt4132196,,
tt5171438,,
tt5881634,,
tt4828090,,
tt3839822,,
tt5905202,,
tt5151816,,
tt2633066,,
tt5969074,,
tt4836846,,
tt5137338,,
tt2301351,,
tt9646834,,
tt6348126,,
tt2490030,,
tt5571524,,
tt6015808,,
tt4820370,,
tt5943890,,
tt4047038,,
tt6006350,,
tt5722214,,
tt6028632,,
tt6079604,,
tt7180738,,
tt5839960,,
tt5875646,,
tt6014022,,
tt5214372,,
tt5810626,,
tt4859164,,
tt5645790,,
tt6001964,,
tt5193662,,
tt6144626,,
tt6118306,,
tt4937942,,
tt5932466,,
tt6064676,,
tt8470764,,
tt20249474,,
tt5433600,,
tt6131920,,
tt5568438,,
,,
tt6946858,,
tt5615072,,
tt5170828,,
tt2372806,,
tt6212854,,
tt5853176,,
tt5995370,,
tt5809150,,
tt3567536,,
tt6059460,,
,,
tt5571102,,
tt8811416,,
tt5834204,,
tt6236572,,
tt6385572,,
tt15074312,,
tt5761478,,
tt5951152,,
,,
tt5462364,,
,,
tt6335572,,
tt5897284,,
tt5896868,,
tt5574940,,
tt4218824,,
tt4779762,,
tt5874704,,
tt0136356,,
tt0123353,,
tt5583410,,
tt6415656,,
tt6441720,,
tt5327216,,
tt5705956,,
tt0350431,,
tt6663476,,
tt5651776,,
tt4607112,,
tt6814144,,
tt6433606,,
tt5936448,,
tt6410708,,
tt6438050,,
tt2977124,,
,,
tt6623682,,
tt6715172,,
tt6713768,,
tt5073948,,
tt6289132,,
tt4460168,,
tt5722190,,
tt5789958,,
tt6807442,,
tt6059382,,
,,
tt6622316,,
tt6510950,,
tt6506490,,
,,
tt7716606,,
tt5180734,,
tt6830318,,
tt6816780,,
tt6840134,,
tt3638350,,
tt6865750,,
tt5840122,,
tt5546156,,
tt6078644,,
,,
tt6347484,,
tt6835252,,
tt5620424,,
tt6914160,,
tt6890772,,
tt6950460,,
tt6905508,,
tt6840014,,
,,
tt5761496,,
tt6866266,,
tt6734482,,
tt6294706,,
tt5012346,,
tt5973164,,
tt6853528,,
tt7026882,,
tt6971054,,
tt6769236,,
tt6396082,,
tt7760676,,
tt7308578,,
tt6770204,,
tt7020532,,
tt7085256,,
tt6881870,,
tt4124758,,
tt7016936,,
tt5729304,,
tt7132032,,
tt7995922,,
tt7050084,,
tt6889090,,
tt6946748,,
tt7183282,,
tt4872012,,
tt7138426,,
tt6068620,,
tt5152136,,
tt6529388,,
tt6566480,,
tt2237342,,
,,
tt5075360,,
tt7177264,,
tt0259786,,
tt1152461,,
,,
tt7306102,,
tt3514798,,
tt7174736,,
tt0127395,,
tt7293016,,
tt5742760,,
tt6021284,,
tt7207430,,
tt2321708,,
,,
tt7370510,,
tt6467482,,
tt6768146,,
tt5620962,,
tt6684082,,
tt7230898,,
tt7449708,,
tt5676590,,
tt8031144,,
tt7425626,,
tt5082522,,
tt6874206,,
,,
tt7379872,,
tt6040674,,
tt5651032,,
tt8051176,,
,,
tt5133742,,
tt2436456,,
tt4437104,,
tt7448858,,
tt0211801,,
tt7479160,,
tt7194490,,
tt6118426,,
tt5867464,,
tt7492256,,
tt4662998,,
tt4397864,,
tt5016670,,
tt5503368,,
tt7557574,,
tt6374520,,
tt4778344,,
tt2577192,,
tt7225566,,
tt7521778,,
tt7507476,,
tt5603140,,
tt6118330,,
tt14125350,,
tt7610720,,
tt6799638,,
tt6954882,,
tt12363714,,
tt6980394,,
tt7784996,,
tt7633516,,
tt6445650,,
tt2708480,,
tt6770896,,
tt6664704,,
tt7623616,,
tt6136886,,
tt2313384,,
tt5730352,,
tt7531564,,
,,
tt7369974,,
tt7577814,,
tt6730152,,
tt4777214,,
tt6911516,,
tt6712476,,
tt7958326,,
tt4594958,,
tt3790428,,
tt6658720,,
tt7645846,,
tt2538228,,
tt0168355,,
tt7733436,,
tt2368215,,
tt3967920,,
tt7689460,,
tt4951968,,
tt6276768,,
tt6849670,,
tt4136988,,
tt5985362,,
tt7140750,,
tt5648202,,
tt5808002,,
tt6992870,,
tt7370908,,
tt7278232,,
tt7052394,,
tt8106552,,
tt7157494,,
tt7721986,,
tt7860116,,
tt5980400,,
tt6415598,,
tt0472016,,
tt2388147,,
tt7949730,,
tt7833530,,
tt2747660,,
tt6416242,,
tt7217374,,
tt7485592,,
tt0398414,,
tt5378198,,
tt7289120,,
tt8888656,,
tt4383716,,
tt7598448,,
tt3118014,,
tt8070516,,
tt7948268,,
tt7981232,,
tt6768634,,
tt6232560,,
tt7725422,,
tt7563270,,
tt3664416,,
,,
tt6834020,,
tt0144937,,
tt6770148,,
tt2206714,,
tt2177461,,
tt7683300,,
tt7955626,,
tt4610114,,
tt6374258,,
tt0119348,,
tt3378080,,
tt9808680,,
tt1272883,,
tt8074958,,
tt7526498,,
,,
tt6719962,,
tt6417190,,
tt8006786,,
tt0292774,,
tt6052190,,
,,
tt6954012,,
tt6946742,,
tt4677500,,
tt6950520,,
tt2811610,,
,,
,,
,,
tt6951510,,
,,
,,
tt4472972,,
,,
,,
tt6946616,,
,,
,,
tt0924192,,
tt6958616,,
,,
tt6487398,,
,,
,,
,,
,,
tt5123920,,
tt6946860,,
tt3898510,,
tt4286252,,
tt0354213,,
tt7882076,,
,,
tt2200679,,
tt8961652,,
tt6685272,,
tt5765988,,
,,
tt7874718,,
tt8119642,,
tt8168678,,
tt7205264,,
tt2331972,,
tt8001146,,
tt7978912,,
tt7503766,,
tt4777140,,
tt7686456,,
tt4791174,,
tt3615538,,
tt3495152,,
tt6416332,,
tt5505662,,
tt8041378,,
tt7572950,,
tt9178462,,
tt7635308,,
tt6251076,,
tt6416316,,
tt6859806,,
tt8308006,,
tt8285922,,
tt8344332,,
tt5869202,,
tt5963958,,
tt7631146,,
tt7546362,,
tt5732812,,
tt8047424,,
tt8461284,,
tt4695902,,
tt7298596,,
tt6950466,,
,,
tt8439492,,
tt6938856,,
tt7083006,,
tt7812452,,
tt7192552,,
tt7708956,,
tt8184280,,
tt8005322,,
tt6288298,,
tt8300608,,
tt7926558,,
tt8465918,,
tt7821582,,
tt8561284,,
tt0363221,,
,,
tt8603528,,
tt8000674,,
tt7307218,,
tt7524382,,
tt8451992,,
tt8679236,,
tt7949218,,
tt7038964,,
tt7428106,,
tt8702976,,
tt6128254,,
tt7671748,,
tt7440874,,
,,
tt7704512,,
tt6601082,,
tt8463714,,
tt7942794,,
tt8650772,,
tt8965666,,
tt6268466,,
tt6931486,,
tt6240094,,
,,
tt8650734,,
tt5769618,,
tt9047510,,
,,
tt6358510,,
tt7608248,,
,,
tt8341954,,
tt7264112,,
tt7804186,,
tt4406178,,
tt8066878,,
tt4919930,,
tt7768836,,
tt6612542,,
tt8682664,,
tt8974594,,
tt7547518,,
tt8390918,,
tt7551216,,
tt2740902,,
,,
tt4685996,,
tt5208096,,
tt0099962,,
tt7772610,,
tt8681362,,
tt9059594,,
tt19884350,,
tt4539506,,
tt5447846,,
tt5473364,,
tt7899028,,
tt4977374,,
tt7161312,,
tt9118930,,
tt2583620,,
tt8429140,,
tt8888618,,
tt7406320,,
tt7529134,,
tt9212616,,
tt9077626,,
,,
tt8594496,,
tt5866284,,
tt9028892,,
tt8694866,,
tt5240502,,
tt3011212,,
,,
tt8014232,,
tt9308346,,
tt8001226,,
tt13981398,,
tt7146326,,
tt9018490,,
tt9293466,,
tt8594276,,
tt8792478,,
tt8251758,,
tt6391320,,
tt7758896,,
tt8991526,,
tt7892218,,
tt9066034,,
tt7670568,,
tt9362790,,
tt9767164,,
tt11232234,,
tt9145334,,
tt7661390,,
tt7801964,,
tt9548664,,
tt10518856,,
tt5194792,,
tt8385496,,
tt9416960,,
tt4420128,,
tt8571906,,
tt8333976,,
tt8961828,,
tt8347996,,
tt9537378,,
tt8804656,,
tt10739006,,
tt1331259,,
tt9425126,,
tt9184820,,
tt8806524,,
tt4339188,,
tt9376934,,
tt9537460,,
tt7713702,,
tt9046440,,
tt10234500,,
,,
tt7729590,,
tt2416530,,
tt9810846,,
tt9686194,,
tt1831804,,
tt9303692,,
tt9649436,,
tt8417308,,
tt7440726,,
tt6332472,,
tt7949244,,
tt9844334,,
tt7896296,,
tt7718110,,
tt10888892,,
tt8762206,,
tt8985210,,
tt9742212,,
tt8259142,,
tt9787504,,
tt7532674,,
tt6795580,,
tt9224216,,
tt7552556,,
tt7660970,,
tt9340526,,
tt13566676,,
tt7011370,,
tt8694364,,
tt9643158,,
tt9062846,,
tt9838090,,
tt9845484,,
tt9909248,,
tt9131136,,
tt6953954,,
tt9680524,,
tt9054904,,
tt8636756,,
tt8339384,,
tt9853876,,
tt9466596,,
tt9193534,,
tt10106340,,
tt6139972,,
tt8425404,,
tt10054958,,
tt2304589,,
tt9637536,,
tt9861342,,
tt6959368,,
tt9111220,,
tt9454910,,
tt8311576,,
tt8708280,,
tt8068860,,
tt8284230,,
tt5125324,,
tt8178650,,
tt10094918,,
tt8359654,,
tt9169800,,
tt7157248,,
tt8323190,,
tt8273006,,
tt9174550,,
tt6416310,,
tt9698572,,
tt9537328,,
tt9020456,,
tt6126602,,
tt7887044,,
tt8319644,,
tt8068916,,
tt8014800,,
tt8680948,,
tt8266048,,
tt9845152,,
tt10312484,,
tt6416276,,
tt7975182,,
,,
tt5760190,,
tt8493798,,
tt10549094,,
,,
tt7768558,,
tt9755726,,
tt10298328,,
tt9239994,,
tt8690732,,
tt10122686,,
tt1091328,,
tt8518136,,
tt9059760,,
tt9252090,,
tt10306310,,
tt9271446,,
,,
tt8530456,,
,,
tt1221224,,
tt8451638,,
tt7203552,,
tt2887954,,
tt9425538,,
tt10534980,,
tt8878996,,
tt10371216,,
tt9169804,,
tt7397288,,
,,
tt8819906,,
tt6459472,,
tt8456154,,
,,
tt10121228,,
,,
tt10443578,,
tt10309492,,
tt10468676,,
tt8201142,,
tt5987156,,
tt11268806,,
tt4667058,,
tt10441730,,
tt10466426,,
,,
tt10659366,,
,,
,,
tt10584446,,
tt10736022,,
,,
,,
,,
tt10098498,,
tt10735770,,
tt8998896,,
tt9252156,,
tt9165134,,
,,
,,
,,
tt11271956,,
tt10665386,,
tt10609888,,
tt9134336,,
,,
tt8690478,,
tt13244100,,
tt5509510,,
tt0493192,,
tt6416314,,
tt6358456,,
tt10327830,,
tt7822618,,
tt10287062,,
,,
tt10404306,,
tt10521222,,
tt10098248,,
tt9318588,,
tt10371844,,
tt5067190,,
tt10590068,,
tt12192806,,
tt3494560,,
tt10161434,,
tt6554240,,
tt9140604,,
tt11000396,,
tt5277914,,
tt9000424,,
tt10675190,,
tt9855482,,
tt10013936,,
tt9131050,,
tt10443588,,
tt10911538,,
tt9062856,,
,,
tt9165462,,
tt9472282,,
tt11130074,,
tt9776008,,
tt9179640,,
tt7768192,,
tt10525048,,
tt10515488,,
tt11004134,,
tt9740434,,
tt10752056,,
tt9865156,,
tt10485750,,
tt11041132,,
tt0804484,,
tt9179552,,
tt2235759,,
tt10405370,,
tt8734462,,
tt10840070,,
tt0358851,,
tt11191198,,
,,
tt9179616,,
tt8905152,,
tt11382554,,
tt10094402,,
tt7610486,,
tt3648112,,
tt8649378,,
tt10332322,,
tt10714760,,
tt8005626,,
,,
,,
tt14465448,,
tt3290150,,
tt3379816,,
,,
tt2475406,,
tt10732150,,
tt10752770,,
tt6056924,,
,,
tt6538942,,
tt8367694,,
tt9145372,,
tt2121908,,
tt9657734,,
tt9074360,,
tt2582752,,
tt8879940,,
tt10752248,,
tt3098942,,
tt10580092,,
tt4383348,,
tt7833624,,
,,
tt9800072,,
tt10324164,,
tt8504990,,
tt8075008,,
tt11018018,,
tt0429087,,
tt10081702,,
tt8803442,,
tt8200550,,
tt11280740,,
tt11080216,,
tt9704568,,
tt11269640,,
,,
tt6703780,,
tt9204128,,
tt3319460,,
tt9145184,,
tt10413648,,
tt10314462,,
tt7491974,,
tt7502274,,
tt11210072,,
tt11333564,,
tt8494614,,
tt9788012,,
,,
tt9145476,,
tt11656892,,
tt7772600,,
,,
tt10132958,,
tt12281146,,
tt8001036,,
tt11110622,,
tt9128874,,
tt2935890,,
tt11579700,,
tt11610268,,
tt9100822,,
tt3531620,,
,,
,,
tt10932166,,
tt10732104,,
tt6053512,,
tt10982034,,
tt5165368,,
tt8129006,,
tt10597242,,
tt11416026,,
,,
,,
tt7411098,,
tt23397082,,
tt11457812,,
tt10956214,,
tt10098580,,
tt6416260,,
tt11576960,,
tt9893856,,
tt8068900,,
tt11633010,,
tt9174732,,
tt10784984,,
tt11187480,,
tt11808942,,
,,
tt26862164,,
tt4529820,,
tt8399812,,
tt5051400,,
tt9100346,,
tt10521204,,
,,
tt4949988,,
tt11274590,,
tt11097072,,
tt11691684,,
tt0429447,,
,,
tt11833388,,
tt10098620,,
tt4086030,,
tt9516466,,
,,
tt9257258,,
tt11396164,,
tt11198926,,
tt6964748,,
tt8470788,,
,,
tt8712664,,
tt10720914,,
tt11081102,,
tt6918744,,
tt8115582,,
tt13052646,,
tt9889960,,
tt2349396,,
,,
,,
,,
tt12026710,,
tt12599252,,
tt6988884,,
tt10846750,,
tt11306366,,
tt10133370,,
tt12430360,,
tt10949294,,
tt9059820,,
tt10394844,,
tt8180660,,
tt11058908,,
tt11654094,,
tt12080818,,
tt5016662,,
tt12026662,,
tt10036104,,
tt11352740,,
tt5917226,,
tt8107954,,
tt10589968,,
tt8052760,,
tt8160890,,
tt11622182,,
tt2827704,,
tt10228230,,
tt11895154,,
tt3850598,,
tt12100420,,
tt9812666,,
tt11896592,,
tt8732616,,
tt15200220,,
tt12146032,,
tt11701822,,
tt11013606,,
tt13808702,,
tt10901134,,
tt11955618,,
tt12054084,,
tt10380768,,
tt12187270,,
tt8690814,,
tt12203396,,
tt11947248,,
tt3573194,,
tt12547226,,
tt10146162,,
tt12981758,,
tt12250382,,
tt11615234,,
tt13044058,,
tt2390942,,
tt11273012,,
,,
tt12330446,,
tt12502078,,
tt8425378,,
tt9128818,,
tt12327578,,
tt5705416,,
tt7503552,,
tt14303106,,
,,
tt10895604,,
tt12403118,,
tt6416248,,
tt8521376,,
,,
tt10577736,,
tt12397680,,
tt12398140,,
tt10661302,,
tt12615492,,
tt12387500,,
tt10006418,,
,,
tt6197070,,
,,
tt12296116,,
tt10394886,,
tt12369754,,
tt6416312,,
tt7554866,,
tt6416280,,
tt12532864,,
tt6416268,,
tt6995958,,
tt11784676,,
tt6416326,,
,,
tt12541722,,
,,
tt16880136,,
tt10613532,,
tt1720019,,
tt12299882,,
tt12792514,,
tt11061808,,
tt12076000,,
tt13353078,,
tt12140790,,
tt11363226,,
tt10944902,,
,,
tt10795574,,
tt8866814,,
tt7264084,,
tt12679084,,
,,
tt12762512,,
tt12106710,,
tt7753090,,
tt10713688,,
tt9062784,,
tt12759778,,
tt2953250,,
tt9597990,,
tt12614214,,
tt0268808,,
tt6416266,,
tt5909184,,
,,
tt11187454,,
tt10171532,,
tt12643882,,
tt12824922,,
,,
tt10768238,,
tt8074474,,
tt9383750,,
tt7693644,,
tt11834592,,
tt9875006,,
tt12916182,,
tt13411732,,
tt12886368,,
tt12976224,,
tt10827252,,
tt10614122,,
tt10590066,,
tt13007904,,
tt13007964,,
tt10569810,,
tt9226022,,
,,
tt5995592,,
,,
,,
tt12849834,,
tt12988366,,
tt3283594,,
tt10971122,,
tt10505762,,
tt10259078,,
tt11097374,,
tt5545398,,
tt11659140,,
,,
tt10026844,,
tt8335218,,
tt5937968,,
,,
tt12351448,,
,,
tt11034990,,
,,
,,
tt13008036,,
tt9680968,,
tt13206602,,
tt13207384,,
tt11347766,,
tt11547582,,
tt11455654,,
tt13081068,,
tt10370486,,
tt4876886,,
,,
tt11232036,,
tt11795990,,
,,
tt13796420,,
tt12913180,,
tt13269706,,
tt11657912,,
tt13135714,,
tt12015750,,
,,
tt11690802,,
tt13366604,,
tt9174724,,
tt4577556,,
tt13294824,,
tt13364522,,
tt2601456,,
tt10141010,,
tt12687242,,
,,
tt12539916,,
tt11947264,,
tt14060708,,
tt11968352,,
tt13423730,,
tt13324392,,
,,
tt6416236,,
tt13317228,,
tt13468498,,
tt12264166,,
tt11947238,,
tt12844622,,
tt4080454,,
tt9690034,,
tt13065298,,
tt10843684,,
tt13354560,,
tt13484954,,
tt12693148,,
tt20757382,,
tt13032438,,
tt10776484,,
tt13311254,,
tt13111078,,
tt13259878,,
tt13111040,,
tt12834990,,
tt6416318,,
tt5108952,,
tt13376478,,
tt9214684,,
tt5754262,,
,,
tt13540190,,
tt14055798,,
tt10795304,,
tt13623608,,
tt11525260,,
,,
tt13636038,,
,,
tt11440422,,
,,
tt0167704,,
tt8917574,,
tt13672408,,
tt6416240,,
tt0073957,,
tt6683918,,
tt10305262,,
tt13751816,,
tt13702080,,
tt13794194,,
tt13951868,,
,,
tt11649104,,
,,
tt13907210,,
tt21088048,,
tt11127412,,
tt13142324,,
,,
,,
,,
tt1598874,,
tt1947921,,
tt0103519,,
tt2271773,,
,,
,,
tt13911628,,
,,
tt9886132,,
tt13715870,,
tt11041332,,
tt6501858,,
tt6416252,,
tt12005128,,
tt2240324,,
tt11818430,,
tt13897206,,
tt13976900,,
,,
tt13028580,,
,,
tt11833446,,
tt13529750,,
tt13963648,,
tt15378058,,
tt11947418,,
tt13991232,,
,,
tt21603842,,
tt5911602,,
tt14014144,,
tt13773908,,
tt11136148,,
tt14169850,,
,,
tt14021638,,
tt11852724,,
tt11828492,,
tt11285548,,
tt14037838,,
tt13657062,,
tt14115938,,
tt19784922,,
tt6959584,,
tt5599110,,
tt11761194,,
tt6130866,,
tt6662498,,
tt14160744,,
tt13471702,,
tt9327706,,
tt14534474,,
,,
tt15758760,,
tt14129948,,
tt12879112,,
tt6416282,,
tt10598848,,
tt11639300,,
,,
,,
tt10478054,,
tt8548754,,
tt14022668,,
tt14068812,,
tt13649100,,
tt14049262,,
,,
tt12663112,,
tt8110806,,
,,
tt9073838,,
,,
tt5572438,,
tt12603770,,
,,
tt13923024,,
tt11847842,,
tt13847744,,
tt12762562,,
tt11640164,,
tt14600498,,
tt14257126,,
tt14043686,,
tt10971578,,
tt6416254,,
tt6057002,,
tt12769178,,
tt13416640,,
tt21223940,,
tt8370780,,
,,
,,
tt4791498,,
,,
tt14287638,,
tt11744280,,
tt12887536,,
tt14271652,,
,,
,,
tt23984846,,
tt13234384,,
tt13437466,,
tt11737794,,
tt14399024,,
tt15084142,,
tt14609542,,
tt14417718,,
tt14455934,,
tt15801912,,
tt13691536,,
tt14797600,,
tt12567072,,
tt14576708,,
tt30765596,,
tt14670820,,
tt13629530,,
tt14509156,,
,,
tt13606528,,
tt13323626,,
tt14589246,,
tt14218674,,
tt14544732,,
tt14181884,,
tt14547672,,
tt11761176,,
tt27390929,,
tt14548048,,
tt14542660,,
tt10359820,,
tt12359250,,
tt11873484,,
tt6416320,,
tt14625084,,
tt10971064,,
tt14497932,,
tt16277384,,
,,
tt8741368,,
tt11917456,,
tt14596212,,
,,
tt14574156,,
tt14584186,,
tt14084828,,
tt14459842,,
,,
,,
tt6100420,,
tt13984270,,
,,
tt8559932,,
tt7054676,,
tt14676680,,
,,
tt14304084,,
,,
tt13138834,,
tt14357532,,
tt11846996,,
tt2908564,,
tt3920378,,
tt14482570,,
tt13125694,,
,,
,,
tt11981644,,
tt1577407,,
tt12511596,,
tt11043516,,
,,
tt14403246,,
tt14357586,,
tt14442878,,
tt15090494,,
tt5124168,,
tt5533692,,
tt14810360,,
tt12879798,,
tt13229866,,
tt8240078,,
tt11083102,,
tt11169770,,
tt12256770,,
,,
,,
tt18259488,,
tt15415042,,
,,
tt13694702,,
tt14866442,,
tt14406672,,
tt11958610,,
,,
tt15940712,,
,,
tt13610226,,
tt14551712,,
tt14722418,,
tt14792896,,
,,
,,
,,
tt13079194,,
,,
tt13275654,,
tt14902026,,
tt11640018,,
tt14827322,,
tt15017118,,
tt4432300,,
tt13918642,,
,,
tt26656484,,
tt15130518,,
tt15083628,,
tt13836422,,
tt10202960,,
tt13820128,,
tt16011556,,
,,
tt11447470,,
tt14824518,,
tt3039834,,
tt6431092,,
tt4321052,,
,,
,,
,,
tt15127868,,
tt15066502,,
tt2169031,,
tt26010188,,
,,
tt10267912,,
,,
,,
tt13643704,,
tt15790590,,
,,
tt12994306,,
tt13186264,,
tt13925142,,
tt15203646,,
tt0495655,,
tt5960322,,
tt6443302,,
tt5202200,,
,,
tt15252746,,
tt15296486,,
tt14923638,,
,,
tt8810790,,
tt11346322,,
,,
,,
tt13329976,,
tt18573358,,
,,
tt11691262,,
tt11569382,,
tt11194006,,
,,
tt19843094,,
,,
tt14164730,,
tt8559532,,
tt15088772,,
tt13823494,,
,,
tt14772170,,
,,
tt3920548,,
tt15122138,,
tt13475676,,
,,
tt24625588,,
tt14482382,,
tt22882128,,
tt10163204,,
tt24178624,,
,,
tt15163782,,
,,
tt22957344,,
,,
tt2421324,,
tt15389676,,
,,
tt15389898,,
tt15389998,,
,,
tt15262600,,
tt14321632,,
tt7393566,,
tt6831266,,
,,
tt15732854,,
,,
tt13567344,,
tt15521024,,
tt15176234,,
,,
tt15437862,,
,,
,,
tt14357624,,
,,
tt13958942,,
tt14091634,,
tt21966338,,
tt12157946,,
tt14442054,,
,,
tt8241460,,
tt15514598,,
tt15393776,,
tt13515614,,
,,
tt2767428,,
tt15056550,,
tt14691760,,
tt14330440,,
,,
tt15222012,,
tt14805390,,
tt13288904,,
tt13678304,,
tt15669534,,
tt15499118,,
tt12882128,,
tt15677150,,
tt13610872,,
tt13175560,,
tt15298752,,
tt15685560,,
tt4317598,,
tt15215864,,
tt9174600,,
tt7908756,,
tt15789322,,
tt15723722,,
tt15557950,,
tt14440878,,
tt14949642,,
tt3322274,,
tt15617866,,
tt4219352,,
tt0154085,,
tt0446636,,
tt31464945,,
tt13430420,,
tt15761538,,
tt14475988,,
tt15528986,,
tt15522998,,
tt15427452,,
tt15866034,,
tt12597948,,
tt10590340,,
tt9641008,,
tt11403434,,
tt15203594,,
tt14556928,,
tt15822846,,
tt15473032,,
tt15766736,,
tt25179160,,
tt13064558,,
,,
tt7590142,,
tt9608696,,
tt15813014,,
tt13821126,,
tt14364876,,
tt7527936,,
tt15975122,,
tt14889230,,
tt14351748,,
tt15711484,,
tt11326626,,
tt14804980,,
tt15891812,,
tt15565872,,
tt26438974,,
tt16296922,,
tt14586544,,
tt14357568,,
tt13612448,,
,,
tt15835086,,
tt14354984,,
tt13734336,,
tt14412550,,
tt4056672,,
tt14539608,,
tt8558778,,
tt15464738,,
tt15233564,,
tt8448104,,
tt6906332,,
tt11826010,,
tt16250338,,
tt11428366,,
tt8531576,,
,,
tt16267740,,
tt24851318,,
tt16390162,,
,,
tt0344712,,
tt14708510,,
tt17519954,,
tt15229966,,
tt16288636,,
tt16288666,,
tt11947288,,
tt14082716,,
tt16432198,,
tt8078796,,
tt15051378,,
tt16442836,,
tt16378210,,
tt7428760,,
tt2672206,,
,,
tt14555372,,
,,
tt8793210,,
tt4354102,,
tt13021674,,
,,
tt7068388,,
tt8681148,,
tt14466362,,
tt17519728,,
tt6954438,,
tt17423420,,
tt16274626,,
tt13606512,,
tt13994572,,
tt16303776,,
tt15733338,,
tt6754162,,
tt16988408,,
tt11899030,,
tt16428770,,
tt13820498,,
tt16912512,,
tt14961770,,
tt4301160,,
tt16589104,,
tt14359536,,
tt17043406,,
tt13424004,,
,,
,,
tt15250706,,
tt15238980,,
tt9641576,,
tt15338206,,
tt17079876,,
tt13657040,,
,,
tt14321914,,
tt0081834,,
tt14122228,,
tt17492292,,
tt13847690,,
tt14245846,,
tt17524490,,
tt15156212,,
tt5447878,,
tt5822112,,
tt17543896,,
tt16352098,,
tt17677860,,
tt15680030,,
tt18286666,,
,,
tt14527610,,
tt17736322,,
tt12594678,,
tt10098728,,
tt15548144,,
tt15568702,,
tt7809420,,
,,
tt18083512,,
tt15407098,,
tt17220204,,
tt8888540,,
tt18177528,,
tt14829590,,
tt15250710,,
tt15238968,,
,,
tt15193160,,
tt11698202,,
tt18225192,,
tt15590706,,
tt15719028,,
,,
tt15399640,,
tt20754208,,
tt14186672,,
tt18335752,,
tt14298658,,
tt18260370,,
tt18258908,,
,,
tt15572588,,
tt12975534,,
tt18245948,,
tt18775826,,
tt15674424,,
tt18265020,,
tt14773642,,
tt16889372,,
tt13190882,,
tt14728056,,
tt18278410,,
tt17640316,,
tt23149640,,
tt14690344,,
tt18271846,,
,,
tt18546730,,
,,
tt11725900,,
tt14466294,,
tt14731416,,
tt14761860,,
tt18552362,,
tt10517406,,
tt18573216,,
tt14479480,,
,,
tt14124236,,
tt18830366,,
tt3316032,,
,,
,,
tt2876430,,
tt20190488,,
tt15295430,,
tt6572360,,
tt13329488,,
tt11220864,,
tt13005652,,
tt26698927,,
,,
,,
tt12621930,,
tt12718480,,
tt19231492,,
,,
tt14183410,,
tt7537096,,
,,
tt15536118,,
tt2314351,,
,,
tt15262630,,
tt15056674,,
tt21442032,,
tt13067022,,
,,
tt19387828,,
tt19399602,,
tt19395018,,
tt31419874,,
tt7996132,,
tt13872480,,
tt6946620,,
tt19516036,,
,,
tt18351584,,
tt19851408,,
tt1921330,,
tt13684264,,
,,
tt7005920,,
tt3332840,,
tt11444366,,
tt19854762,,
tt2138975,,
,,
tt1874840,,
tt14829576,,
tt15469618,,
tt19842834,,
tt11660930,,
,,
tt8449032,,
tt15210882,,
tt13745850,,
tt30235831,,
tt6417924,,
tt15510352,,
tt19732922,,
tt22169994,,
,,
,,
tt10150214,,
,,
tt20218952,,
tt19895990,,
tt20606552,,
tt20221678,,
,,
,,
tt16373746,,
,,
tt17043230,,
tt13589004,,
tt14322058,,
tt20245230,,
tt11433956,,
tt6225106,,
tt16098700,,
tt18573724,,
tt19785494,,
tt17129114,,
tt20415434,,
tt17220216,,
tt15290226,,
,,
tt11639736,,
tt9202294,,
,,
tt5648190,,
tt3552654,,
tt14504510,,
tt20765320,,
tt20120792,,
tt10018754,,
tt18345766,,
tt20770542,,
tt28090215,,
tt20318388,,
tt20859904,,
tt21103928,,
tt18228732,,
tt3686266,,
tt19785316,,
,,
tt15293240,,
tt16418808,,
tt18953164,,
tt11434226,,
tt18206786,,
tt18672878,,
tt7999864,,
tt4319962,,
tt2112065,,
tt4799392,,
tt3895460,,
,,
tt20606446,,
tt21817520,,
tt0892562,,
tt14914464,,
tt15113266,,
,,
tt12999606,,
tt21088136,,
tt19401686,,
tt20833542,,
,,
tt16044270,,
tt20195430,,
tt21218474,,
tt19552690,,
tt18747980,,
tt19785390,,
tt21663658,,
tt20248376,,
tt20517606,,
tt16343844,,
tt19770764,,
tt19866040,,
tt20414738,,
tt11165808,,
,,
tt15398980,,
,,
tt17736348,,
tt14073254,,
tt19868934,,
tt29644336,,
tt7798080,,
,,
tt21306334,,
tt14423998,,
tt21282348,,
tt2738058,,
tt15844310,,
tt13655266,,
tt21247138,,
,,
tt9206788,,
tt22795410,,
,,
tt21189228,,
,,
tt9859436,,
tt13824674,,
,,
tt20834566,,
tt30322964,,
tt32546744,,
tt21317760,,
tt10718142,,
,,
tt18988142,,
tt15121038,,
tt21317738,,
tt19760072,,
tt13033310,,
tt20230770,,
tt18259204,,
,,
tt21634646,,
tt17212540,,
tt15428778,,
tt13339758,,
tt21441802,,
tt0052443,,
tt18376874,,
tt21622048,,
tt21057450,,
tt15528550,,
tt20205200,,
tt17037878,,
tt14591354,,
,,
,,
tt22029170,,
tt21037112,,
,,
tt21924282,,
tt22245664,,
tt21929812,,
,,
tt21827488,,
tt21923908,,
tt8230448,,
tt19853604,,
,,
,,
tt13639222,,
,,
tt21942724,,
tt21942798,,
tt14466190,,
tt15909050,,
tt10270200,,
tt2702548,,
tt14203572,,
,,
tt21937834,,
tt20833660,,
,,
tt21638826,,
tt21822590,,
tt22040932,,
tt22084446,,
tt22535146,,
tt22042292,,
tt21263178,,
tt21448038,,
tt22059768,,
tt22051112,,
tt14790460,,
tt23397438,,
tt21072882,,
tt22051212,,
tt21878174,,
tt23456434,,
tt16373480,,
tt21620332,,
,,
,,
tt16477036,,
tt17676706,,
tt21882434,,
tt16267384,,
,,
tt21043326,,
tt7502232,,
tt11714672,,
tt22495072,,
,,
tt19783762,,
,,
tt12545554,,
tt16287610,,
tt4451156,,
tt16152514,,
,,
tt12706830,,
tt16022412,,
tt13069604,,
tt22751192,,
tt22410792,,
tt14063840,,
tt24225436,,
tt0437713,,
tt22972424,,
tt9738402,,
tt22640400,,
tt26246248,,
tt22797034,,
tt1616234,,
tt18556180,,
,,
tt19488116,,
tt22648922,,
tt8451378,,
tt23840196,,
tt23033802,,
tt21108774,,
tt23462680,,
tt21942776,,
tt15339204,,
tt14312836,,
tt21058104,,
tt23219890,,
tt9585674,,
tt10225224,,
tt16587970,,
tt23010154,,
tt18074616,,
tt23552196,,
tt25602608,,
tt14401532,,
tt23844110,,
tt27075278,,
tt15427868,,
tt23723660,,
tt24083664,,
,,
tt23489582,,
tt23858980,,
tt21859852,,
,,
tt36219453,,
tt22776032,,
tt18360602,,
tt21058238,,
tt20224612,,
tt23903930,,
tt22986332,,
tt27485594,,
tt28663562,,
,,
,,
,,
tt24763356,,
,,
tt26250668,,
tt15384586,,
tt6277336,,
,,
,,
tt25815944,,
tt24587530,,
tt15397704,,
tt24512588,,
tt21279638,,
tt21839414,,
,,
,,
,,
,,
tt22751880,,
tt18831074,,
tt15167360,,
tt10366552,,
tt14779182,,
,,
tt13431512,,
,,
tt21451756,,
tt18163882,,
tt22015782,,
tt23731554,,
,,
tt25399894,,
tt13182286,,
tt35681424,,
tt21257260,,
tt25515858,,
tt10714820,,
,,
tt24132878,,
tt22037876,,
tt26420060,,
tt24805866,,
,,
tt21200608,,
tt20449724,,
tt14466018,,
tt21955290,,
tt12966558,,
tt20453286,,
,,
tt21636214,,
tt12716644,,
tt26422307,,
tt25642494,,
tt21148370,,
,,
tt21275092,,
,,
tt15282746,,
tt21364964,,
tt26453507,,
tt2197822,,
tt26452692,,
tt1589886,,
tt15288890,,
tt23152082,,
tt18393692,,
tt23890864,,
tt26548545,,
tt26440041,,
,,
,,
tt7950264,,
tt32252772,,
tt26656917,,
,,
tt18383966,,
tt20355702,,
tt22050046,,
tt27554366,,
tt34289860,,
tt7231820,,
tt26737398,,
tt16088588,,
tt23790936,,
tt26475338,,
tt25402362,,
tt4352410,,
,,
tt20222094,,
tt26734156,,
tt26747457,,
,,
tt26475427,,
,,
tt26674570,,
,,
,,
,,
tt20158276,,
tt14296284,,
tt3021288,,
tt21340132,,
tt16450828,,
tt3676358,,
tt26896667,,
,,
tt10558660,,
tt4698298,,
,,
tt26924816,,
tt26940854,,
,,
,,
tt26925240,,
tt19388772,,
tt26969486,,
tt19878236,,
tt26596318,,
tt27651527,,
tt26935559,,
tt26682637,,
tt26543534,,
tt26440601,,
,,
tt27159487,,
,,
,,
tt12163444,,
tt27649379,,
tt27046664,,
tt27586868,,
tt4701904,,
tt32336831,,
tt27440980,,
tt23576878,,
tt27371519,,
tt27369122,,
tt27371495,,
tt20887486,,
tt15373800,,
tt24748660,,
tt21632956,,
tt12404398,,
,,
tt21100682,,
tt11349896,,
,,
,,
,,
tt28018364,,
tt19788754,,
,,
tt14055260,,
tt21493708,,
tt27303711,,
tt27500129,,
tt27689548,,
tt23648770,,
tt22502204,,
tt27148130,,
tt13069120,,
tt27645055,,
,,
,,
tt12547460,,
,,
tt27607776,,
tt0295863,,
tt21285052,,
tt27635098,,
tt27008511,,
tt27618837,,
tt31418052,,
,,
,,
tt21104182,,
,,
,,
tt26591147,,
tt27725006,,
tt27708708,,
tt26591110,,
tt27837209,,
,,
tt11611382,,
tt27761110,,
tt15655602,,
,,
tt32490790,,
tt27760869,,
,,
tt26930351,,
tt29311421,,
tt27052975,,
,,
tt27530846,,
tt27733069,,
tt0182566,,
tt23552900,,
tt26738706,,
tt27053309,,
tt18303972,,
,,
tt15062854,,
tt23876278,,
tt29373357,,
tt1705086,,
,,
tt26115810,,
tt27673838,,
tt14864674,,
tt18070984,,
,,
tt28196636,,
tt0320822,,
tt28076907,,
,,
,,
,,
,,
tt28090238,,
tt27797655,,
tt13569010,,
tt27722681,,
tt30826888,,
,,
tt28061740,,
tt31381259,,
tt18303746,,
tt1623739,,
tt22074850,,
,,
tt28293943,,
,,
,,
tt28397858,,
,,
tt22541836,,
tt20916306,,
tt27618867,,
,,
tt13974614,,
,,
tt30015542,,
tt13652996,,
tt26771826,,
tt28074401,,
tt10613490,,
tt29430107,,
tt28152000,,
tt28512193,,
tt23396642,,
,,
tt27998992,,
tt7610342,,
tt6772306,,
tt28378865,,
tt6418084,,
tt23725300,,
tt28224056,,
tt28359736,,
tt14488438,,
tt15520170,,
tt0241565,,
,,
,,
tt14779198,,
tt6154160,,
tt28492355,,
tt28489780,,
tt28440748,,
tt21158388,,
tt13323596,,
tt28569084,,
tt28457473,,
tt27151397,,
tt28650375,,
tt13228678,,
tt28646698,,
,,
tt28088954,,
,,
,,
tt18327948,,
,,
tt28505499,,
,,
,,
tt21072822,,
tt10519162,,
,,
,,
tt6522458,,
tt2584760,,
tt21222562,,
,,
tt27384373,,
tt28775005,,
,,
tt18394118,,
,,
tt25829270,,
tt27999015,,
tt6950454,,
,,
tt29311377,,
,,
tt28681020,,
tt31314095,,
tt28254776,,
tt23729238,,
tt22856330,,
tt21310676,,
tt22056346,,
tt28759832,,
tt27497202,,
tt29180190,,
tt29929215,,
tt29335921,,
tt29418701,,
,,
tt21259542,,
,,
,,
tt28810719,,
,,
,,
tt29117805,,
,,
,,
,,
,,
tt1130078,,
tt15689870,,
tt23458434,,
tt30228385,,
tt12447840,,
tt21377088,,
tt29381434,,
tt21627122,,
tt21243112,,
,,
tt21849872,,
tt29344232,,
,,
,,
tt29246023,,
tt12368998,,
tt26346233,,
tt28103628,,
tt7453928,,
,,
tt27501617,,
tt29375055,,
tt0212664,,
tt29361774,,
,,
tt29485295,,
tt12934800,,
,,
,,
tt29121419,,
tt13678006,,
,,
tt13929808,,
tt27208722,,
tt26676677,,
,,
tt27619722,,
tt14076044,,
tt27972462,,
,,
tt30970909,,
,,
tt29627149,,
tt29623935,,
tt14466446,,
,,
,,
tt10999880,,
,,
tt29137303,,
tt21632986,,
tt28681784,,
,,
,,
tt30097806,,
tt0396291,,
,,
tt30183098,,
,,
tt28529513,,
,,
tt30222317,,
tt30701310,,
tt29611613,,
tt30012774,,
tt32159454,,
tt30018288,,
tt21399100,,
tt28817030,,
tt18257378,,
tt30129570,,
tt29484940,,
tt29335985,,
tt27579939,,
tt29007122,,
,,
tt29940008,,
tt12725434,,
,,
,,
tt30877114,,
tt27545902,,
tt29620543,,
,,
tt31511857,,
tt30133233,,
tt30970582,,
tt28250580,,
,,
tt30292502,,
tt13332622,,
tt29780951,,
,,
,,
tt30412431,,
tt26745417,,
tt18827746,,
tt27867155,,
tt30301170,,
tt5171690,,
tt7969208,,
tt30150289,,
tt30223046,,
tt30428883,,
tt30310303,,
tt30444310,,
tt30459041,,
,,
tt26591234,,
tt10244188,,
tt0283474,,
,,
tt13747752,,
tt27349153,,
tt29926444,,
tt32160436,,
tt6762986,,
tt31459523,,
tt30981542,,
,,
tt27583913,,
,,
tt22502628,,
,,
tt22475008,,
,,
,,
,,
tt15521846,,
tt15977292,,
tt30175314,,
tt3707148,,
tt30992002,,
tt17524192,,
tt27846061,,
,,
tt30194138,,
tt30195479,,
tt35517757,,
tt21157988,,
tt26685600,,
tt30505732,,
,,
tt30971252,,
tt13835440,,
,,
,,
tt31105951,,
tt12522936,,
,,
tt23462718,,
tt29402557,,
tt26524449,,
tt32082587,,
tt0306366,,
tt30802702,,
tt31438355,,
tt26469901,,
tt30291270,,
tt31347675,,
tt31459333,,
tt31105975,,
,,
tt31459331,,
tt31414859,,
,,
tt31186958,,
tt31908826,,
tt31181349,,
,,
tt31788945,,
tt28496144,,
tt31389048,,
tt31317706,,
,,
,,
tt13276218,,
tt29366146,,
tt31456372,,
tt0370116,,
tt26543979,,
,,
tt30242198,,
tt31393006,,
tt23897504,,
tt31510819,,
tt23649128,,
tt31839396,,
tt27982433,,
tt5113818,,
tt29902630,,
tt9863912,,
,,
,,
tt27827440,,
tt21629194,,
tt31598078,,
tt26684583,,
tt0420389,,
,,
tt30063915,,
tt31596424,,
tt31720133,,
tt31720088,,
,,
,,
tt28798376,,
tt31842359,,
,,
,,
,,
,,
,,
tt26443935,,
,,
tt32317692,,
tt30970972,,
,,
,,
tt27953039,,
,,
,,
tt9578468,,
tt32082949,,
,,
,,
tt30145447,,
tt32123951,,
,,
tt32016230,,
tt32032875,,
,,
,,
,,
tt10614098,,
tt32230356,,
,,
tt28060907,,
tt32268798,,
,,
,,
tt32261448,,
,,
,,
tt20516590,,
tt31630281,,
,,
tt32696894,,
,,
,,
tt15561558,,
tt32359507,,
tt32083692,,
tt21084712,,
tt31189881,,
tt32440776,,
tt32443581,,
tt9397552,,
,,
,,
tt13137042,,
,,
,,
tt5155648,,
tt32447904,,
tt32375380,,
tt32316438,,
tt32267612,,
tt32104649,,
,,
tt2709190,,
tt32582545,,
tt32591211,,
tt32926740,,
tt32607270,,
tt12700960,,
,,
tt29258581,,
,,
,,
,,
,,
tt32315011,,
,,
tt15521024,,
,,
tt32678729,,
tt15302854,,
tt31589764,,
tt33035777,,
,,
tt29120226,,
tt31997929,,
tt27674311,,
tt24222046,,
,,
tt0106104,,
tt0887240,,
,,
tt33111146,,
tt33094139,,
,,
tt32970821,,
,,
,,
tt8713700,,
tt33030134,,
,,
tt33046324,,
,,
,,
,,
tt7059810,,
tt33614801,,
tt33054614,,
tt33310848,,
,,
,,
,,
tt33054501,,
tt12363532,,
tt33349127,,
tt32378211,,
tt32907224,,
tt32897486,,
tt35301667,,
tt35634353,,
tt33303855,,
,,
tt2725826,,
tt32869199,,
,,
tt15275860,,
tt28669646,,
tt28637873,,
tt33210825,,
,,
tt16433388,,
,,
tt2740374,,
tt33262257,,
tt33096033,,
tt14985670,,
tt31259038,,
,,
tt29119422,,
tt33321872,,
tt28698590,,
,,
,,
,,
tt34794769,,
,,
tt33338933,,
,,
tt32869282,,
,,
tt30210586,,
tt31863613,,
tt29685022,,
tt32441587,,
,,
,,
tt35185636,,
,,
tt33702889,,
tt33000293,,
,,
tt33999695,,
tt27330979,,
tt17492344,,
,,
,,
tt30890384,,
tt32261524,,
,,
tt31502721,,
tt33651205,,
,,
,,
,,
tt37048440,,
tt34555672,,
tt27837103,,
tt36217295,,
tt35155471,,
tt3751398,,
,,
,,
,,
,,
tt27481278,,
tt34728788,,
tt8713060,,
,,
,,
,,
tt30970892,,
,,
,,
,,
,,
,,
tt33342317,,
tt19883272,,
tt35182952,,
,,
,,
tt34854543,,
tt35075008,,
,,
tt34888944,,
,,
tt5056408,,
,,
,,
tt31591912,,
,,
tt35511175,,
,,
tt22049388,,
,,
,,
tt35523751,,
tt36264035,,
,,
,,
,,
tt7983898,,
tt34902642,,
,,
,,
tt35820037,,
tt36175368,,
,,
,,
,,
,,
tt31795533,,
,,
,,
tt33396141,,
tt0236927,,
tt35623665,,
tt34383209,,
tt36005664,,
,,
,,
,,
,,
tt32063263,,
tt9038486,,
,,
tt21803728,,
,,
tt34778383,,
tt35636811,,
tt1791993,,
,,
tt1285273,,
,,
tt36268649,,
tt34729564,,
tt30970892,,
,,
,,
tt30027908,,
tt36615591,,
tt33397097,,
,,
tt36730636,,